{
	"credit": "Made by samus2002",
	"textures": {
		"1": "rms_the_end_texture/ender_hammerhead",
		"particle": "rms_the_end_texture/ender_hammerhead"
	},
	"elements": [
		{
			"from": [0.03243, 3.79685, 5.8244],
			"to": [15.98683, 10.63445, 18.36],
			"rotation": {"angle": 0, "axis": "y", "origin": [8, 8.1202, 10.3828]},
			"faces": {
				"north": {"uv": [6.25, 3.125, 8, 3.875], "texture": "#1"},
				"east": {"uv": [7.625, 4.875, 9, 5.625], "texture": "#1"},
				"south": {"uv": [7.25, 4, 9, 4.75], "texture": "#1"},
				"west": {"uv": [7.625, 5.75, 9, 6.5], "texture": "#1"},
				"up": {"uv": [1.75, 5.5, 0, 4.125], "texture": "#1"},
				"down": {"uv": [3.625, 4.125, 1.875, 5.5], "texture": "#1"}
			}
		},
		{
			"from": [15.98683, 7.21565, 5.8244],
			"to": [30.80163, 10.63445, 18.36],
			"rotation": {"angle": 0, "axis": "y", "origin": [8, 8.1202, 10.3828]},
			"faces": {
				"north": {"uv": [8.375, 2.5, 10, 2.875], "texture": "#1"},
				"east": {"uv": [9.125, 5.125, 10.5, 5.5], "texture": "#1"},
				"south": {"uv": [9, 0.75, 10.625, 1.125], "texture": "#1"},
				"west": {"uv": [9.125, 5.625, 10.5, 6], "texture": "#1"},
				"up": {"uv": [5.375, 5.5, 3.75, 4.125], "texture": "#1"},
				"down": {"uv": [6.375, 0, 4.75, 1.375], "texture": "#1"}
			}
		},
		{
			"from": [-14.78237, 7.21565, 5.8244],
			"to": [0.03243, 10.63445, 18.36],
			"rotation": {"angle": 0, "axis": "y", "origin": [8, 8.1202, 10.3828]},
			"faces": {
				"north": {"uv": [9, 1.25, 10.625, 1.625], "texture": "#1"},
				"east": {"uv": [0.625, 9.375, 2, 9.75], "texture": "#1"},
				"south": {"uv": [9, 1.75, 10.625, 2.125], "texture": "#1"},
				"west": {"uv": [6, 9.375, 7.375, 9.75], "texture": "#1"},
				"up": {"uv": [6.375, 2.875, 4.75, 1.5], "texture": "#1"},
				"down": {"uv": [7.125, 4.125, 5.5, 5.5], "texture": "#1"}
			}
		},
		{
			"from": [-14.94561, 8.55468, 5.8244],
			"to": [-14.94561, 9.49485, 11.5224],
			"rotation": {"angle": 0, "axis": "y", "origin": [8, 8.1202, 10.3828]},
			"faces": {
				"north": {"uv": [6.25, 6.875, 6.25, 7.125], "texture": "#1"},
				"east": {"uv": [5.75, 9.875, 5.125, 10.125], "texture": "#1"},
				"south": {"uv": [6.375, 6.875, 6.375, 7.125], "texture": "#1"},
				"west": {"uv": [5.125, 9.875, 5.75, 10.125], "texture": "#1"},
				"up": {"uv": [5.25, 8.625, 5.25, 8], "texture": "#1"},
				"down": {"uv": [5.375, 8, 5.375, 8.625], "texture": "#1"}
			}
		},
		{
			"from": [30.94561, 8.55468, 5.8244],
			"to": [30.94561, 9.49485, 11.5224],
			"rotation": {"angle": 0, "axis": "y", "origin": [8, 8.1202, 10.3828]},
			"faces": {
				"north": {"uv": [6.25, 6.875, 6.25, 7.125], "texture": "#1"},
				"east": {"uv": [5.75, 9.875, 5.125, 10.125], "texture": "#1"},
				"south": {"uv": [6.375, 6.875, 6.375, 7.125], "texture": "#1"},
				"west": {"uv": [5.125, 9.875, 5.75, 10.125], "texture": "#1"},
				"up": {"uv": [5.25, 8.625, 5.25, 8], "texture": "#1"},
				"down": {"uv": [5.375, 8, 5.375, 8.625], "texture": "#1"}
			}
		}
	],
	"gui_light": "front",
	"display": {
		"gui": {
			"rotation": [22, 144, 0],
			"translation": [-1, -0.75, 0],
			"scale": [0.35, 0.35, 0.35]
		}
	},
	"groups": [
		{
			"name": "h_head",
			"origin": [2.3045, 8.52262, 18.36],
			"color": 0,
			"children": [
				0,
				1,
				2,
				{
					"name": "h_left_eye",
					"origin": [-20.09825, 9.17475, 5.78],
					"color": 0,
					"children": [3]
				},
				{
					"name": "h_right_eye",
					"origin": [39.50075, 9.17475, 5.78],
					"color": 0,
					"children": [4]
				},
				{
					"name": "tag_name",
					"origin": [9.7045, 12.96263, 10.96],
					"color": 0,
					"children": []
				}
			]
		}
	]
}