{
  "shoot.rifle9" : {
    "category" : "master",
    "sounds" : [ {
      "name" : "shoot/rifle9",
      "attenuation_distance" : 64
    } ]
  },
  "shoot.rifle2cave" : {
    "category" : "master",
    "sounds" : [ {
      "name" : "shoot/rifle2cave",
      "attenuation_distance" : 64
    } ]
  },
  "shoot.sniper3cave" : {
    "category" : "master",
    "sounds" : [ {
      "name" : "shoot/sniper3cave",
      "attenuation_distance" : 64
    } ]
  },
  "shoot.rifle4med" : {
    "category" : "master",
    "sounds" : [ {
      "name" : "shoot/rifle4med",
      "attenuation_distance" : 128
    } ]
  },
  "shoot.tolk2far" : {
    "category" : "master",
    "sounds" : [ {
      "name" : "shoot/tolk2far",
      "attenuation_distance" : 500
    } ]
  },
  "shoot.rifle1farcave" : {
    "category" : "master",
    "sounds" : [ {
      "name" : "shoot/rifle1farcave",
      "attenuation_distance" : 500
    } ]
  },
  "shoot.sniper7farcave" : {
    "category" : "master",
    "sounds" : [ {
      "name" : "shoot/sniper7farcave",
      "attenuation_distance" : 500
    } ]
  },
  "shoot.sniper3farcave" : {
    "category" : "master",
    "sounds" : [ {
      "name" : "shoot/sniper3farcave",
      "attenuation_distance" : 500
    } ]
  },
  "shoot.zshotgun" : {
    "category" : "master",
    "sounds" : [ {
      "name" : "shoot/zshotgun",
      "attenuation_distance" : 64
    } ]
  },
  "shoot.rifle9farcave" : {
    "category" : "master",
    "sounds" : [ {
      "name" : "shoot/rifle9farcave",
      "attenuation_distance" : 500
    } ]
  },
  "shoot.krisscave" : {
    "category" : "master",
    "sounds" : [ {
      "name" : "shoot/krisscave",
      "attenuation_distance" : 64
    } ]
  },
  "shoot.rifle1far" : {
    "category" : "master",
    "sounds" : [ {
      "name" : "shoot/rifle1far",
      "attenuation_distance" : 500
    } ]
  },
  "shoot.rifle5farcave" : {
    "category" : "master",
    "sounds" : [ {
      "name" : "shoot/rifle5farcave",
      "attenuation_distance" : 500
    } ]
  },
  "shoot.rifle9cave" : {
    "category" : "master",
    "sounds" : [ {
      "name" : "shoot/rifle9cave",
      "attenuation_distance" : 64
    } ]
  },
  "shoot.pistol2farcave" : {
    "category" : "master",
    "sounds" : [ {
      "name" : "shoot/pistol2farcave",
      "attenuation_distance" : 500
    } ]
  },
  "shoot.pistol6farcave" : {
    "category" : "master",
    "sounds" : [ {
      "name" : "shoot/pistol6farcave",
      "attenuation_distance" : 500
    } ]
  },
  "shoot.bolt2med" : {
    "category" : "master",
    "sounds" : [ {
      "name" : "shoot/bolt2med",
      "attenuation_distance" : 128
    } ]
  },
  "shoot.auto1far" : {
    "category" : "master",
    "sounds" : [ {
      "name" : "shoot/auto1far",
      "attenuation_distance" : 500
    } ]
  },
  "shoot.rifle1medcave" : {
    "category" : "master",
    "sounds" : [ {
      "name" : "shoot/rifle1medcave",
      "attenuation_distance" : 128
    } ]
  },
  "shoot.rifle2" : {
    "category" : "master",
    "sounds" : [ {
      "name" : "shoot/rifle2",
      "attenuation_distance" : 64
    } ]
  },
  "shoot.m4a1cave" : {
    "category" : "master",
    "sounds" : [ {
      "name" : "shoot/m4a1cave",
      "attenuation_distance" : 64
    } ]
  },
  "shoot.rifle1" : {
    "category" : "master",
    "sounds" : [ {
      "name" : "shoot/rifle1",
      "attenuation_distance" : 64
    } ]
  },
  "shoot.rifle4" : {
    "category" : "master",
    "sounds" : [ {
      "name" : "shoot/rifle4",
      "attenuation_distance" : 64
    } ]
  },
  "shoot.pistol9far" : {
    "category" : "master",
    "sounds" : [ {
      "name" : "shoot/pistol9far",
      "attenuation_distance" : 500
    } ]
  },
  "shoot.rifle3" : {
    "category" : "master",
    "sounds" : [ {
      "name" : "shoot/rifle3",
      "attenuation_distance" : 64
    } ]
  },
  "shoot.zrifle1farcave" : {
    "category" : "master",
    "sounds" : [ {
      "name" : "shoot/zrifle1farcave",
      "attenuation_distance" : 500
    } ]
  },
  "shoot.rifle6" : {
    "category" : "master",
    "sounds" : [ {
      "name" : "shoot/rifle6",
      "attenuation_distance" : 64
    } ]
  },
  "shoot.rifle5" : {
    "category" : "master",
    "sounds" : [ {
      "name" : "shoot/rifle5",
      "attenuation_distance" : 64
    } ]
  },
  "shoot.rifle8" : {
    "category" : "master",
    "sounds" : [ {
      "name" : "shoot/rifle8",
      "attenuation_distance" : 64
    } ]
  },
  "shoot.rifle7" : {
    "category" : "master",
    "sounds" : [ {
      "name" : "shoot/rifle7",
      "attenuation_distance" : 64
    } ]
  },
  "shoot.krissmed" : {
    "category" : "master",
    "sounds" : [ {
      "name" : "shoot/krissmed",
      "attenuation_distance" : 128
    } ]
  },
  "shoot.lmg3amed" : {
    "category" : "master",
    "sounds" : [ {
      "name" : "shoot/lmg3amed",
      "attenuation_distance" : 128
    } ]
  },
  "shoot.pistol2medcave" : {
    "category" : "master",
    "sounds" : [ {
      "name" : "shoot/pistol2medcave",
      "attenuation_distance" : 128
    } ]
  },
  "shoot.rifle5medcave" : {
    "category" : "master",
    "sounds" : [ {
      "name" : "shoot/rifle5medcave",
      "attenuation_distance" : 128
    } ]
  },
  "shoot.rifle9medcave" : {
    "category" : "master",
    "sounds" : [ {
      "name" : "shoot/rifle9medcave",
      "attenuation_distance" : 128
    } ]
  },
  "shoot.aiawfar" : {
    "category" : "master",
    "sounds" : [ {
      "name" : "shoot/aiawfar",
      "attenuation_distance" : 500
    } ]
  },
  "shoot.lmg3a" : {
    "category" : "master",
    "sounds" : [ {
      "name" : "shoot/lmg3a",
      "attenuation_distance" : 64
    } ]
  },
  "shoot.zsmg1far" : {
    "category" : "master",
    "sounds" : [ {
      "name" : "shoot/zsmg1far",
      "attenuation_distance" : 500
    } ]
  },
  "shoot.pistol6medcave" : {
    "category" : "master",
    "sounds" : [ {
      "name" : "shoot/pistol6medcave",
      "attenuation_distance" : 128
    } ]
  },
  "shoot.pistol8far" : {
    "category" : "master",
    "sounds" : [ {
      "name" : "shoot/pistol8far",
      "attenuation_distance" : 500
    } ]
  },
  "reload.casing" : {
    "category" : "master",
    "sounds" : [ {
      "name" : "reload/casing",
      "attenuation_distance" : 5
    } ]
  },
  "shoot.pistol9cave" : {
    "category" : "master",
    "sounds" : [ {
      "name" : "shoot/pistol9cave",
      "attenuation_distance" : 64
    } ]
  },
  "shoot.sniper7far" : {
    "category" : "master",
    "sounds" : [ {
      "name" : "shoot/sniper7far",
      "attenuation_distance" : 500
    } ]
  },
  "shoot.pistol2cave" : {
    "category" : "master",
    "sounds" : [ {
      "name" : "shoot/pistol2cave",
      "attenuation_distance" : 64
    } ]
  },
  "shoot.pistol1med" : {
    "category" : "master",
    "sounds" : [ {
      "name" : "shoot/pistol1med",
      "attenuation_distance" : 128
    } ]
  },
  "shoot.rifle11medcave" : {
    "category" : "master",
    "sounds" : [ {
      "name" : "shoot/rifle11medcave",
      "attenuation_distance" : 128
    } ]
  },
  "shoot.tolkcavefar" : {
    "category" : "master",
    "sounds" : [ {
      "name" : "shoot/tolkcavefar",
      "attenuation_distance" : 500
    } ]
  },
  "shoot.pistol12farcave" : {
    "category" : "master",
    "sounds" : [ {
      "name" : "shoot/pistol12farcave",
      "attenuation_distance" : 500
    } ]
  },
  "shoot.pistol3med" : {
    "category" : "master",
    "sounds" : [ {
      "name" : "shoot/pistol3med",
      "attenuation_distance" : 128
    } ]
  },
  "shoot.auto2far" : {
    "category" : "master",
    "sounds" : [ {
      "name" : "shoot/auto2far",
      "attenuation_distance" : 500
    } ]
  },
  "shoot.auto1" : {
    "category" : "master",
    "sounds" : [ {
      "name" : "shoot/auto1",
      "attenuation_distance" : 64
    } ]
  },
  "shoot.auto2" : {
    "category" : "master",
    "sounds" : [ {
      "name" : "shoot/auto2",
      "attenuation_distance" : 64
    } ]
  },
  "shoot.sniper2med" : {
    "category" : "master",
    "sounds" : [ {
      "name" : "shoot/sniper2med",
      "attenuation_distance" : 128
    } ]
  },
  "shoot.galilmed" : {
    "category" : "master",
    "sounds" : [ {
      "name" : "shoot/galilmed",
      "attenuation_distance" : 128
    } ]
  },
  "shoot.pistol10" : {
    "category" : "master",
    "sounds" : [ {
      "name" : "shoot/pistol10",
      "attenuation_distance" : 64
    } ]
  },
  "shoot.auto2farcave" : {
    "category" : "master",
    "sounds" : [ {
      "name" : "shoot/auto2farcave",
      "attenuation_distance" : 500
    } ]
  },
  "shoot.pistol12" : {
    "category" : "master",
    "sounds" : [ {
      "name" : "shoot/pistol12",
      "attenuation_distance" : 64
    } ]
  },
  "shoot.pistol11" : {
    "category" : "master",
    "sounds" : [ {
      "name" : "shoot/pistol11",
      "attenuation_distance" : 64
    } ]
  },
  "shoot.galilfarcave" : {
    "category" : "master",
    "sounds" : [ {
      "name" : "shoot/galilfarcave",
      "attenuation_distance" : 500
    } ]
  },
  "shoot.rifle3med" : {
    "category" : "master",
    "sounds" : [ {
      "name" : "shoot/rifle3med",
      "attenuation_distance" : 128
    } ]
  },
  "shoot.pistol14" : {
    "category" : "master",
    "sounds" : [ {
      "name" : "shoot/pistol14",
      "attenuation_distance" : 64
    } ]
  },
  "shoot.pistol13" : {
    "category" : "master",
    "sounds" : [ {
      "name" : "shoot/pistol13",
      "attenuation_distance" : 64
    } ]
  },
  "shoot.tolk1far" : {
    "category" : "master",
    "sounds" : [ {
      "name" : "shoot/tolk1far",
      "attenuation_distance" : 500
    } ]
  },
  "shoot.zshotgunfarcave" : {
    "category" : "master",
    "sounds" : [ {
      "name" : "shoot/zshotgunfarcave",
      "attenuation_distance" : 500
    } ]
  },
  "shoot.lmg2a" : {
    "category" : "master",
    "sounds" : [ {
      "name" : "shoot/lmg2a",
      "attenuation_distance" : 64
    } ]
  },
  "shoot.rifle1cave" : {
    "category" : "master",
    "sounds" : [ {
      "name" : "shoot/rifle1cave",
      "attenuation_distance" : 64
    } ]
  },
  "shoot.zshotgunfar" : {
    "category" : "master",
    "sounds" : [ {
      "name" : "shoot/zshotgunfar",
      "attenuation_distance" : 500
    } ]
  },
  "shoot.sniper2cave" : {
    "category" : "master",
    "sounds" : [ {
      "name" : "shoot/sniper2cave",
      "attenuation_distance" : 64
    } ]
  },
  "explosion.rpg7med" : {
    "category" : "master",
    "sounds" : [ {
      "name" : "explosion/rpg7med",
      "attenuation_distance" : 256
    } ]
  },
  "shoot.tolk2farcave" : {
    "category" : "master",
    "sounds" : [ {
      "name" : "shoot/tolk2farcave",
      "attenuation_distance" : 500
    } ]
  },
  "explosion.boomveryfar" : {
    "category" : "master",
    "sounds" : [ {
      "name" : "explosion/boomveryfar",
      "attenuation_distance" : 1024
    } ]
  },
  "shoot.zrifle1medcave" : {
    "category" : "master",
    "sounds" : [ {
      "name" : "shoot/zrifle1medcave",
      "attenuation_distance" : 128
    } ]
  },
  "shoot.zshotgunmedcave" : {
    "category" : "master",
    "sounds" : [ {
      "name" : "shoot/zshotgunmedcave",
      "attenuation_distance" : 128
    } ]
  },
  "shoot.lmg2afarcave" : {
    "category" : "master",
    "sounds" : [ {
      "name" : "shoot/lmg2afarcave",
      "attenuation_distance" : 500
    } ]
  },
  "shoot.pistol1cave" : {
    "category" : "master",
    "sounds" : [ {
      "name" : "shoot/pistol1cave",
      "attenuation_distance" : 64
    } ]
  },
  "shoot.rifle2med" : {
    "category" : "master",
    "sounds" : [ {
      "name" : "shoot/rifle2med",
      "attenuation_distance" : 128
    } ]
  },
  "shoot.rifle12medcave" : {
    "category" : "master",
    "sounds" : [ {
      "name" : "shoot/rifle12medcave",
      "attenuation_distance" : 128
    } ]
  },
  "shoot.sniper6" : {
    "category" : "master",
    "sounds" : [ {
      "name" : "shoot/sniper6",
      "attenuation_distance" : 64
    } ]
  },
  "shoot.sniper7" : {
    "category" : "master",
    "sounds" : [ {
      "name" : "shoot/sniper7",
      "attenuation_distance" : 64
    } ]
  },
  "shoot.sniper4" : {
    "category" : "master",
    "sounds" : [ {
      "name" : "shoot/sniper4",
      "attenuation_distance" : 64
    } ]
  },
  "shoot.sniper5" : {
    "category" : "master",
    "sounds" : [ {
      "name" : "shoot/sniper5",
      "attenuation_distance" : 64
    } ]
  },
  "shoot.sniper2" : {
    "category" : "master",
    "sounds" : [ {
      "name" : "shoot/sniper2",
      "attenuation_distance" : 64
    } ]
  },
  "shoot.sniper3" : {
    "category" : "master",
    "sounds" : [ {
      "name" : "shoot/sniper3",
      "attenuation_distance" : 64
    } ]
  },
  "shoot.auto1medcave" : {
    "category" : "master",
    "sounds" : [ {
      "name" : "shoot/auto1medcave",
      "attenuation_distance" : 128
    } ]
  },
  "reload.cycle1" : {
    "category" : "master",
    "sounds" : [ {
      "name" : "reload/cycle1",
      "attenuation_distance" : 5
    } ]
  },
  "shoot.smgfarcave" : {
    "category" : "master",
    "sounds" : [ {
      "name" : "shoot/smgfarcave",
      "attenuation_distance" : 500
    } ]
  },
  "shoot.sniper1" : {
    "category" : "master",
    "sounds" : [ {
      "name" : "shoot/sniper1",
      "attenuation_distance" : 64
    } ]
  },
  "reload.cycle2" : {
    "category" : "master",
    "sounds" : [ {
      "name" : "reload/cycle2",
      "attenuation_distance" : 5
    } ]
  },
  "reload.cycle3" : {
    "category" : "master",
    "sounds" : [ {
      "name" : "reload/cycle3",
      "attenuation_distance" : 5
    } ]
  },
  "shoot.bolt3med" : {
    "category" : "master",
    "sounds" : [ {
      "name" : "shoot/bolt3med",
      "attenuation_distance" : 128
    } ]
  },
  "shoot.lmg3acave" : {
    "category" : "master",
    "sounds" : [ {
      "name" : "shoot/lmg3acave",
      "attenuation_distance" : 64
    } ]
  },
  "shoot.g3medcave" : {
    "category" : "master",
    "sounds" : [ {
      "name" : "shoot/g3medcave",
      "attenuation_distance" : 128
    } ]
  },
  "explosion.boommed" : {
    "category" : "master",
    "sounds" : [ {
      "name" : "explosion/boommed",
      "attenuation_distance" : 256
    } ]
  },
  "explosion.rpg7cave" : {
    "category" : "master",
    "sounds" : [ {
      "name" : "explosion/rpg7cave",
      "attenuation_distance" : 128
    } ]
  },
  "shoot.pistol2med" : {
    "category" : "master",
    "sounds" : [ {
      "name" : "shoot/pistol2med",
      "attenuation_distance" : 128
    } ]
  },
  "shoot.pistol3medcave" : {
    "category" : "master",
    "sounds" : [ {
      "name" : "shoot/pistol3medcave",
      "attenuation_distance" : 128
    } ]
  },
  "shoot.pistol10med" : {
    "category" : "master",
    "sounds" : [ {
      "name" : "shoot/pistol10med",
      "attenuation_distance" : 128
    } ]
  },
  "shoot.rifle13far" : {
    "category" : "master",
    "sounds" : [ {
      "name" : "shoot/rifle13far",
      "attenuation_distance" : 500
    } ]
  },
  "shoot.m4a1far" : {
    "category" : "master",
    "sounds" : [ {
      "name" : "shoot/m4a1far",
      "attenuation_distance" : 500
    } ]
  },
  "shoot.zrifle2farcave" : {
    "category" : "master",
    "sounds" : [ {
      "name" : "shoot/zrifle2farcave",
      "attenuation_distance" : 500
    } ]
  },
  "shoot.bolt3" : {
    "category" : "master",
    "sounds" : [ {
      "name" : "shoot/bolt3",
      "attenuation_distance" : 64
    } ]
  },
  "shoot.bolt2" : {
    "category" : "master",
    "sounds" : [ {
      "name" : "shoot/bolt2",
      "attenuation_distance" : 64
    } ]
  },
  "shoot.smg2med" : {
    "category" : "master",
    "sounds" : [ {
      "name" : "shoot/smg2med",
      "attenuation_distance" : 128
    } ]
  },
  "shoot.pistol12medcave" : {
    "category" : "master",
    "sounds" : [ {
      "name" : "shoot/pistol12medcave",
      "attenuation_distance" : 128
    } ]
  },
  "shoot.lmg3amedcave" : {
    "category" : "master",
    "sounds" : [ {
      "name" : "shoot/lmg3amedcave",
      "attenuation_distance" : 128
    } ]
  },
  "shoot.lmg2amed" : {
    "category" : "master",
    "sounds" : [ {
      "name" : "shoot/lmg2amed",
      "attenuation_distance" : 128
    } ]
  },
  "shoot.sniper1med" : {
    "category" : "master",
    "sounds" : [ {
      "name" : "shoot/sniper1med",
      "attenuation_distance" : 128
    } ]
  },
  "shoot.sniper3medcave" : {
    "category" : "master",
    "sounds" : [ {
      "name" : "shoot/sniper3medcave",
      "attenuation_distance" : 128
    } ]
  },
  "shoot.scarlcave" : {
    "category" : "master",
    "sounds" : [ {
      "name" : "shoot/scarlcave",
      "attenuation_distance" : 64
    } ]
  },
  "shoot.sniper2farcave" : {
    "category" : "master",
    "sounds" : [ {
      "name" : "shoot/sniper2farcave",
      "attenuation_distance" : 500
    } ]
  },
  "shoot.surpressed1cave" : {
    "category" : "master",
    "sounds" : [ {
      "name" : "shoot/surpressed1cave",
      "attenuation_distance" : 64
    } ]
  },
  "shoot.scarlfarcave" : {
    "category" : "master",
    "sounds" : [ {
      "name" : "shoot/scarlfarcave",
      "attenuation_distance" : 500
    } ]
  },
  "shoot.smg2far" : {
    "category" : "master",
    "sounds" : [ {
      "name" : "shoot/smg2far",
      "attenuation_distance" : 500
    } ]
  },
  "shoot.rifle10farcave" : {
    "category" : "master",
    "sounds" : [ {
      "name" : "shoot/rifle10farcave",
      "attenuation_distance" : 500
    } ]
  },
  "shoot.shotgun2cave" : {
    "category" : "master",
    "sounds" : [ {
      "name" : "shoot/shotgun2cave",
      "attenuation_distance" : 64
    } ]
  },
  "shoot.lmg3afar" : {
    "category" : "master",
    "sounds" : [ {
      "name" : "shoot/lmg3afar",
      "attenuation_distance" : 500
    } ]
  },
  "shoot.rifle2farcave" : {
    "category" : "master",
    "sounds" : [ {
      "name" : "shoot/rifle2farcave",
      "attenuation_distance" : 500
    } ]
  },
  "shoot.pistol6far" : {
    "category" : "master",
    "sounds" : [ {
      "name" : "shoot/pistol6far",
      "attenuation_distance" : 500
    } ]
  },
  "reload.reloadmag" : {
    "category" : "master",
    "sounds" : [ {
      "name" : "reload/reloadmag",
      "attenuation_distance" : 5
    } ]
  },
  "shoot.rifle10" : {
    "category" : "master",
    "sounds" : [ {
      "name" : "shoot/rifle10",
      "attenuation_distance" : 64
    } ]
  },
  "shoot.rifle11" : {
    "category" : "master",
    "sounds" : [ {
      "name" : "shoot/rifle11",
      "attenuation_distance" : 64
    } ]
  },
  "shoot.rifle12" : {
    "category" : "master",
    "sounds" : [ {
      "name" : "shoot/rifle12",
      "attenuation_distance" : 64
    } ]
  },
  "shoot.scarlmed" : {
    "category" : "master",
    "sounds" : [ {
      "name" : "shoot/scarlmed",
      "attenuation_distance" : 128
    } ]
  },
  "shoot.rifle13" : {
    "category" : "master",
    "sounds" : [ {
      "name" : "shoot/rifle13",
      "attenuation_distance" : 64
    } ]
  },
  "shoot.pistol8" : {
    "category" : "master",
    "sounds" : [ {
      "name" : "shoot/pistol8",
      "attenuation_distance" : 64
    } ]
  },
  "shoot.pistol8cave" : {
    "category" : "master",
    "sounds" : [ {
      "name" : "shoot/pistol8cave",
      "attenuation_distance" : 64
    } ]
  },
  "shoot.pistol9" : {
    "category" : "master",
    "sounds" : [ {
      "name" : "shoot/pistol9",
      "attenuation_distance" : 64
    } ]
  },
  "shoot.pistol6" : {
    "category" : "master",
    "sounds" : [ {
      "name" : "shoot/pistol6",
      "attenuation_distance" : 64
    } ]
  },
  "shoot.pistol7" : {
    "category" : "master",
    "sounds" : [ {
      "name" : "shoot/pistol7",
      "attenuation_distance" : 64
    } ]
  },
  "shoot.aiaw" : {
    "category" : "master",
    "sounds" : [ {
      "name" : "shoot/aiaw",
      "attenuation_distance" : 64
    } ]
  },
  "shoot.zshotguncave" : {
    "category" : "master",
    "sounds" : [ {
      "name" : "shoot/zshotguncave",
      "attenuation_distance" : 64
    } ]
  },
  "shoot.akfar" : {
    "category" : "master",
    "sounds" : [ {
      "name" : "shoot/akfar",
      "attenuation_distance" : 500
    } ]
  },
  "shoot.bolt3farcave" : {
    "category" : "master",
    "sounds" : [ {
      "name" : "shoot/bolt3farcave",
      "attenuation_distance" : 500
    } ]
  },
  "shoot.g3far" : {
    "category" : "master",
    "sounds" : [ {
      "name" : "shoot/g3far",
      "attenuation_distance" : 500
    } ]
  },
  "shoot.rifle12farcave" : {
    "category" : "master",
    "sounds" : [ {
      "name" : "shoot/rifle12farcave",
      "attenuation_distance" : 500
    } ]
  },
  "shoot.ak47cave" : {
    "category" : "master",
    "sounds" : [ {
      "name" : "shoot/ak47cave",
      "attenuation_distance" : 64
    } ]
  },
  "shoot.rifle7med" : {
    "category" : "master",
    "sounds" : [ {
      "name" : "shoot/rifle7med",
      "attenuation_distance" : 128
    } ]
  },
  "shoot.sniper6medcave" : {
    "category" : "master",
    "sounds" : [ {
      "name" : "shoot/sniper6medcave",
      "attenuation_distance" : 128
    } ]
  },
  "shoot.sniper2medcave" : {
    "category" : "master",
    "sounds" : [ {
      "name" : "shoot/sniper2medcave",
      "attenuation_distance" : 128
    } ]
  },
  "reload.slideopen" : {
    "category" : "master",
    "sounds" : [ {
      "name" : "reload/slideopen",
      "attenuation_distance" : 5
    } ]
  },
  "shoot.rifle10medcave" : {
    "category" : "master",
    "sounds" : [ {
      "name" : "shoot/rifle10medcave",
      "attenuation_distance" : 128
    } ]
  },
  "shoot.zrifle3cave" : {
    "category" : "master",
    "sounds" : [ {
      "name" : "shoot/zrifle3cave",
      "attenuation_distance" : 64
    } ]
  },
  "shoot.pistol1" : {
    "category" : "master",
    "sounds" : [ {
      "name" : "shoot/pistol1",
      "attenuation_distance" : 64
    } ]
  },
  "shoot.sniper3med" : {
    "category" : "master",
    "sounds" : [ {
      "name" : "shoot/sniper3med",
      "attenuation_distance" : 128
    } ]
  },
  "shoot.pistol4" : {
    "category" : "master",
    "sounds" : [ {
      "name" : "shoot/pistol4",
      "attenuation_distance" : 64
    } ]
  },
  "shoot.pistol5" : {
    "category" : "master",
    "sounds" : [ {
      "name" : "shoot/pistol5",
      "attenuation_distance" : 64
    } ]
  },
  "shoot.pistol2" : {
    "category" : "master",
    "sounds" : [ {
      "name" : "shoot/pistol2",
      "attenuation_distance" : 64
    } ]
  },
  "shoot.pistol3" : {
    "category" : "master",
    "sounds" : [ {
      "name" : "shoot/pistol3",
      "attenuation_distance" : 64
    } ]
  },
  "shoot.pistol14cave" : {
    "category" : "master",
    "sounds" : [ {
      "name" : "shoot/pistol14cave",
      "attenuation_distance" : 64
    } ]
  },
  "shoot.pistol11med" : {
    "category" : "master",
    "sounds" : [ {
      "name" : "shoot/pistol11med",
      "attenuation_distance" : 128
    } ]
  },
  "shoot.zrifle2medcave" : {
    "category" : "master",
    "sounds" : [ {
      "name" : "shoot/zrifle2medcave",
      "attenuation_distance" : 128
    } ]
  },
  "shoot.pistol1medcave" : {
    "category" : "master",
    "sounds" : [ {
      "name" : "shoot/pistol1medcave",
      "attenuation_distance" : 128
    } ]
  },
  "shoot.rifle12far" : {
    "category" : "master",
    "sounds" : [ {
      "name" : "shoot/rifle12far",
      "attenuation_distance" : 500
    } ]
  },
  "shoot.pistol9med" : {
    "category" : "master",
    "sounds" : [ {
      "name" : "shoot/pistol9med",
      "attenuation_distance" : 128
    } ]
  },
  "shoot.rifle6medcave" : {
    "category" : "master",
    "sounds" : [ {
      "name" : "shoot/rifle6medcave",
      "attenuation_distance" : 128
    } ]
  },
  "reload.sni2" : {
    "category" : "master",
    "sounds" : [ {
      "name" : "reload/sni2",
      "attenuation_distance" : 5
    } ]
  },
  "shoot.scarl" : {
    "category" : "master",
    "sounds" : [ {
      "name" : "shoot/scarl",
      "attenuation_distance" : 64
    } ]
  },
  "reload.akrack" : {
    "category" : "master",
    "sounds" : [ {
      "name" : "reload/akrack",
      "attenuation_distance" : 5
    } ]
  },
  "reload.loadshell" : {
    "category" : "master",
    "sounds" : [ {
      "name" : "reload/loadshell",
      "attenuation_distance" : 5
    } ]
  },
  "shoot.rifle6med" : {
    "category" : "master",
    "sounds" : [ {
      "name" : "shoot/rifle6med",
      "attenuation_distance" : 128
    } ]
  },
  "shoot.rifle8cave" : {
    "category" : "master",
    "sounds" : [ {
      "name" : "shoot/rifle8cave",
      "attenuation_distance" : 64
    } ]
  },
  "shoot.akcave" : {
    "category" : "master",
    "sounds" : [ {
      "name" : "shoot/akcave",
      "attenuation_distance" : 64
    } ]
  },
  "shoot.pistol3farcave" : {
    "category" : "master",
    "sounds" : [ {
      "name" : "shoot/pistol3farcave",
      "attenuation_distance" : 500
    } ]
  },
  "shoot.rifle3far" : {
    "category" : "master",
    "sounds" : [ {
      "name" : "shoot/rifle3far",
      "attenuation_distance" : 500
    } ]
  },
  "shoot.pistol7farcave" : {
    "category" : "master",
    "sounds" : [ {
      "name" : "shoot/pistol7farcave",
      "attenuation_distance" : 500
    } ]
  },
  "explosion.boomveryfarcave" : {
    "category" : "master",
    "sounds" : [ {
      "name" : "explosion/boomveryfarcave",
      "attenuation_distance" : 1024
    } ]
  },
  "shoot.shotgun1med" : {
    "category" : "master",
    "sounds" : [ {
      "name" : "shoot/shotgun1med",
      "attenuation_distance" : 128
    } ]
  },
  "shoot.galil" : {
    "category" : "master",
    "sounds" : [ {
      "name" : "shoot/galil",
      "attenuation_distance" : 64
    } ]
  },
  "shoot.aiawmedcave" : {
    "category" : "master",
    "sounds" : [ {
      "name" : "shoot/aiawmedcave",
      "attenuation_distance" : 128
    } ]
  },
  "shoot.lmg2acave" : {
    "category" : "master",
    "sounds" : [ {
      "name" : "shoot/lmg2acave",
      "attenuation_distance" : 64
    } ]
  },
  "shoot.zrifle3far" : {
    "category" : "master",
    "sounds" : [ {
      "name" : "shoot/zrifle3far",
      "attenuation_distance" : 500
    } ]
  },
  "sfx.cavevalius" : {
    "category" : "block",
    "sounds" : [ {
      "stream" : true,
      "name" : "sfx/cavevalius",
      "attenuation_distance" : 50
    } ]
  },
  "sfx.horde" : {
    "category" : "block",
    "sounds" : [ {
      "stream" : true,
      "name" : "sfx/horde",
      "attenuation_distance" : 50
    } ]
  },
  "sfx.valius3" : {
    "category" : "block",
    "sounds" : [ {
      "stream" : true,
      "name" : "sfx/valius3",
      "attenuation_distance" : 50
    } ]
  },
  "sfx.nightharrow" : {
    "category" : "block",
    "sounds" : [ {
      "stream" : true,
      "name" : "sfx/nightharrow",
      "attenuation_distance" : 50
    } ]
  },
  "sfx.flower" : {
    "category" : "block",
    "sounds" : [ {
      "stream" : true,
      "name" : "sfx/flower",
      "attenuation_distance" : 50
    } ]
  },
  "shoot.bolt3cave" : {
    "category" : "master",
    "sounds" : [ {
      "name" : "shoot/bolt3cave",
      "attenuation_distance" : 64
    } ]
  },
  "shoot.ak47farcave" : {
    "category" : "master",
    "sounds" : [ {
      "name" : "shoot/ak47farcave",
      "attenuation_distance" : 500
    } ]
  },
  "shoot.rifle2far" : {
    "category" : "master",
    "sounds" : [ {
      "name" : "shoot/rifle2far",
      "attenuation_distance" : 500
    } ]
  },
  "shoot.sniper1far" : {
    "category" : "master",
    "sounds" : [ {
      "name" : "shoot/sniper1far",
      "attenuation_distance" : 500
    } ]
  },
  "shoot.sniper4cave" : {
    "category" : "master",
    "sounds" : [ {
      "name" : "shoot/sniper4cave",
      "attenuation_distance" : 64
    } ]
  },
  "reload.cycleloud" : {
    "category" : "master",
    "sounds" : [ {
      "name" : "reload/cycleloud",
      "attenuation_distance" : 5
    } ]
  },
  "shoot.smgmedcave" : {
    "category" : "master",
    "sounds" : [ {
      "name" : "shoot/smgmedcave",
      "attenuation_distance" : 128
    } ]
  },
  "shoot.pistol12med" : {
    "category" : "master",
    "sounds" : [ {
      "name" : "shoot/pistol12med",
      "attenuation_distance" : 128
    } ]
  },
  "shoot.rifle11far" : {
    "category" : "master",
    "sounds" : [ {
      "name" : "shoot/rifle11far",
      "attenuation_distance" : 500
    } ]
  },
  "shoot.lmg2amedcave" : {
    "category" : "master",
    "sounds" : [ {
      "name" : "shoot/lmg2amedcave",
      "attenuation_distance" : 128
    } ]
  },
  "shoot.lmg2afar" : {
    "category" : "master",
    "sounds" : [ {
      "name" : "shoot/lmg2afar",
      "attenuation_distance" : 500
    } ]
  },
  "shoot.pistol7cave" : {
    "category" : "master",
    "sounds" : [ {
      "name" : "shoot/pistol7cave",
      "attenuation_distance" : 64
    } ]
  },
  "shoot.zrifle2cave" : {
    "category" : "master",
    "sounds" : [ {
      "name" : "shoot/zrifle2cave",
      "attenuation_distance" : 64
    } ]
  },
  "shoot.m4a1med" : {
    "category" : "master",
    "sounds" : [ {
      "name" : "shoot/m4a1med",
      "attenuation_distance" : 128
    } ]
  },
  "shoot.surpressed2cave" : {
    "category" : "master",
    "sounds" : [ {
      "name" : "shoot/surpressed2cave",
      "attenuation_distance" : 64
    } ]
  },
  "shoot.zrifle1far" : {
    "category" : "master",
    "sounds" : [ {
      "name" : "shoot/zrifle1far",
      "attenuation_distance" : 500
    } ]
  },
  "shoot.zsmg1cave" : {
    "category" : "master",
    "sounds" : [ {
      "name" : "shoot/zsmg1cave",
      "attenuation_distance" : 64
    } ]
  },
  "shoot.bolt2medcave" : {
    "category" : "master",
    "sounds" : [ {
      "name" : "shoot/bolt2medcave",
      "attenuation_distance" : 128
    } ]
  },
  "explosion.rpg7veryfarcave" : {
    "category" : "master",
    "sounds" : [ {
      "name" : "explosion/rpg7veryfarcave",
      "attenuation_distance" : 1024
    } ]
  },
  "shoot.rifle7cave" : {
    "category" : "master",
    "sounds" : [ {
      "name" : "shoot/rifle7cave",
      "attenuation_distance" : 64
    } ]
  },
  "shoot.auto2medcave" : {
    "category" : "master",
    "sounds" : [ {
      "name" : "shoot/auto2medcave",
      "attenuation_distance" : 128
    } ]
  },
  "shoot.scarlmedcave" : {
    "category" : "master",
    "sounds" : [ {
      "name" : "shoot/scarlmedcave",
      "attenuation_distance" : 128
    } ]
  },
  "shoot.pistol13medcave" : {
    "category" : "master",
    "sounds" : [ {
      "name" : "shoot/pistol13medcave",
      "attenuation_distance" : 128
    } ]
  },
  "shoot.sniper4med" : {
    "category" : "master",
    "sounds" : [ {
      "name" : "shoot/sniper4med",
      "attenuation_distance" : 128
    } ]
  },
  "shoot.pistol7medcave" : {
    "category" : "master",
    "sounds" : [ {
      "name" : "shoot/pistol7medcave",
      "attenuation_distance" : 128
    } ]
  },
  "shoot.zrifle2far" : {
    "category" : "master",
    "sounds" : [ {
      "name" : "shoot/zrifle2far",
      "attenuation_distance" : 500
    } ]
  },
  "shoot.zrifle1cave" : {
    "category" : "master",
    "sounds" : [ {
      "name" : "shoot/zrifle1cave",
      "attenuation_distance" : 64
    } ]
  },
  "shoot.tolk2" : {
    "category" : "master",
    "sounds" : [ {
      "name" : "shoot/tolk2",
      "attenuation_distance" : 64
    } ]
  },
  "shoot.tolk1" : {
    "category" : "master",
    "sounds" : [ {
      "name" : "shoot/tolk1",
      "attenuation_distance" : 64
    } ]
  },
  "shoot.sniper5cave" : {
    "category" : "master",
    "sounds" : [ {
      "name" : "shoot/sniper5cave",
      "attenuation_distance" : 64
    } ]
  },
  "shoot.rifle6farcave" : {
    "category" : "master",
    "sounds" : [ {
      "name" : "shoot/rifle6farcave",
      "attenuation_distance" : 500
    } ]
  },
  "shoot.ak47medcave" : {
    "category" : "master",
    "sounds" : [ {
      "name" : "shoot/ak47medcave",
      "attenuation_distance" : 128
    } ]
  },
  "shoot.rifle5med" : {
    "category" : "master",
    "sounds" : [ {
      "name" : "shoot/rifle5med",
      "attenuation_distance" : 128
    } ]
  },
  "shoot.rifle11farcave" : {
    "category" : "master",
    "sounds" : [ {
      "name" : "shoot/rifle11farcave",
      "attenuation_distance" : 500
    } ]
  },
  "shoot.pistol14farcave" : {
    "category" : "master",
    "sounds" : [ {
      "name" : "shoot/pistol14farcave",
      "attenuation_distance" : 500
    } ]
  },
  "shoot.sniper7medcave" : {
    "category" : "master",
    "sounds" : [ {
      "name" : "shoot/sniper7medcave",
      "attenuation_distance" : 128
    } ]
  },
  "shoot.aiawfarcave" : {
    "category" : "master",
    "sounds" : [ {
      "name" : "shoot/aiawfarcave",
      "attenuation_distance" : 500
    } ]
  },
  "shoot.pistol7far" : {
    "category" : "master",
    "sounds" : [ {
      "name" : "shoot/pistol7far",
      "attenuation_distance" : 500
    } ]
  },
  "shoot.ak47med" : {
    "category" : "master",
    "sounds" : [ {
      "name" : "shoot/ak47med",
      "attenuation_distance" : 128
    } ]
  },
  "shoot.zshotgunmed" : {
    "category" : "master",
    "sounds" : [ {
      "name" : "shoot/zshotgunmed",
      "attenuation_distance" : 128
    } ]
  },
  "shoot.rifle10far" : {
    "category" : "master",
    "sounds" : [ {
      "name" : "shoot/rifle10far",
      "attenuation_distance" : 500
    } ]
  },
  "explosion.boomfarcave" : {
    "category" : "master",
    "sounds" : [ {
      "name" : "explosion/boomfarcave",
      "attenuation_distance" : 512
    } ]
  },
  "shoot.pistol13med" : {
    "category" : "master",
    "sounds" : [ {
      "name" : "shoot/pistol13med",
      "attenuation_distance" : 128
    } ]
  },
  "shoot.rifle6far" : {
    "category" : "master",
    "sounds" : [ {
      "name" : "shoot/rifle6far",
      "attenuation_distance" : 500
    } ]
  },
  "shoot.sniper1farcave" : {
    "category" : "master",
    "sounds" : [ {
      "name" : "shoot/sniper1farcave",
      "attenuation_distance" : 500
    } ]
  },
  "shoot.sniper6med" : {
    "category" : "master",
    "sounds" : [ {
      "name" : "shoot/sniper6med",
      "attenuation_distance" : 128
    } ]
  },
  "shoot.pistol7med" : {
    "category" : "master",
    "sounds" : [ {
      "name" : "shoot/pistol7med",
      "attenuation_distance" : 128
    } ]
  },
  "shoot.rifle10cave" : {
    "category" : "master",
    "sounds" : [ {
      "name" : "shoot/rifle10cave",
      "attenuation_distance" : 64
    } ]
  },
  "shoot.bolt2cave" : {
    "category" : "master",
    "sounds" : [ {
      "name" : "shoot/bolt2cave",
      "attenuation_distance" : 64
    } ]
  },
  "shoot.rifle3farcave" : {
    "category" : "master",
    "sounds" : [ {
      "name" : "shoot/rifle3farcave",
      "attenuation_distance" : 500
    } ]
  },
  "shoot.sniper5farcave" : {
    "category" : "master",
    "sounds" : [ {
      "name" : "shoot/sniper5farcave",
      "attenuation_distance" : 500
    } ]
  },
  "shoot.pistol12cave" : {
    "category" : "master",
    "sounds" : [ {
      "name" : "shoot/pistol12cave",
      "attenuation_distance" : 64
    } ]
  },
  "shoot.m4a1medcave" : {
    "category" : "master",
    "sounds" : [ {
      "name" : "shoot/m4a1medcave",
      "attenuation_distance" : 128
    } ]
  },
  "shoot.zrifle3farcave" : {
    "category" : "master",
    "sounds" : [ {
      "name" : "shoot/zrifle3farcave",
      "attenuation_distance" : 500
    } ]
  },
  "shoot.pistol4farcave" : {
    "category" : "master",
    "sounds" : [ {
      "name" : "shoot/pistol4farcave",
      "attenuation_distance" : 500
    } ]
  },
  "shoot.shotgun1far" : {
    "category" : "master",
    "sounds" : [ {
      "name" : "shoot/shotgun1far",
      "attenuation_distance" : 500
    } ]
  },
  "shoot.rifle7farcave" : {
    "category" : "master",
    "sounds" : [ {
      "name" : "shoot/rifle7farcave",
      "attenuation_distance" : 500
    } ]
  },
  "shoot.auto1cave" : {
    "category" : "master",
    "sounds" : [ {
      "name" : "shoot/auto1cave",
      "attenuation_distance" : 64
    } ]
  },
  "shoot.sniper2far" : {
    "category" : "master",
    "sounds" : [ {
      "name" : "shoot/sniper2far",
      "attenuation_distance" : 500
    } ]
  },
  "shoot.pistol8farcave" : {
    "category" : "master",
    "sounds" : [ {
      "name" : "shoot/pistol8farcave",
      "attenuation_distance" : 500
    } ]
  },
  "shoot.surpressed3cave" : {
    "category" : "master",
    "sounds" : [ {
      "name" : "shoot/surpressed3cave",
      "attenuation_distance" : 64
    } ]
  },
  "shoot.rifle13med" : {
    "category" : "master",
    "sounds" : [ {
      "name" : "shoot/rifle13med",
      "attenuation_distance" : 128
    } ]
  },
  "shoot.zsmg1farcave" : {
    "category" : "master",
    "sounds" : [ {
      "name" : "shoot/zsmg1farcave",
      "attenuation_distance" : 500
    } ]
  },
  "shoot.pistol10far" : {
    "category" : "master",
    "sounds" : [ {
      "name" : "shoot/pistol10far",
      "attenuation_distance" : 500
    } ]
  },
  "reload.sni" : {
    "category" : "master",
    "sounds" : [ {
      "name" : "reload/sni",
      "attenuation_distance" : 5
    } ]
  },
  "shoot.pistol6cave" : {
    "category" : "master",
    "sounds" : [ {
      "name" : "shoot/pistol6cave",
      "attenuation_distance" : 64
    } ]
  },
  "shoot.zrifle3medcave" : {
    "category" : "master",
    "sounds" : [ {
      "name" : "shoot/zrifle3medcave",
      "attenuation_distance" : 128
    } ]
  },
  "shoot.pistol14medcave" : {
    "category" : "master",
    "sounds" : [ {
      "name" : "shoot/pistol14medcave",
      "attenuation_distance" : 128
    } ]
  },
  "shoot.smgfar" : {
    "category" : "master",
    "sounds" : [ {
      "name" : "shoot/smgfar",
      "attenuation_distance" : 500
    } ]
  },
  "shoot.krissfarcave" : {
    "category" : "master",
    "sounds" : [ {
      "name" : "shoot/krissfarcave",
      "attenuation_distance" : 500
    } ]
  },
  "shoot.smg2medcave" : {
    "category" : "master",
    "sounds" : [ {
      "name" : "shoot/smg2medcave",
      "attenuation_distance" : 128
    } ]
  },
  "shoot.zsmg1medcave" : {
    "category" : "master",
    "sounds" : [ {
      "name" : "shoot/zsmg1medcave",
      "attenuation_distance" : 128
    } ]
  },
  "shoot.pistol14med" : {
    "category" : "master",
    "sounds" : [ {
      "name" : "shoot/pistol14med",
      "attenuation_distance" : 128
    } ]
  },
  "shoot.bolt3far" : {
    "category" : "master",
    "sounds" : [ {
      "name" : "shoot/bolt3far",
      "attenuation_distance" : 500
    } ]
  },
  "shoot.bolt2farcave" : {
    "category" : "master",
    "sounds" : [ {
      "name" : "shoot/bolt2farcave",
      "attenuation_distance" : 500
    } ]
  },
  "shoot.g3med" : {
    "category" : "master",
    "sounds" : [ {
      "name" : "shoot/g3med",
      "attenuation_distance" : 128
    } ]
  },
  "shoot.pistol10medcave" : {
    "category" : "master",
    "sounds" : [ {
      "name" : "shoot/pistol10medcave",
      "attenuation_distance" : 128
    } ]
  },
  "shoot.sniper1medcave" : {
    "category" : "master",
    "sounds" : [ {
      "name" : "shoot/sniper1medcave",
      "attenuation_distance" : 128
    } ]
  },
  "explosion.boommedcave" : {
    "category" : "master",
    "sounds" : [ {
      "name" : "explosion/boommedcave",
      "attenuation_distance" : 256
    } ]
  },
  "shoot.rifle13farcave" : {
    "category" : "master",
    "sounds" : [ {
      "name" : "shoot/rifle13farcave",
      "attenuation_distance" : 500
    } ]
  },
  "shoot.sniper6cave" : {
    "category" : "master",
    "sounds" : [ {
      "name" : "shoot/sniper6cave",
      "attenuation_distance" : 64
    } ]
  },
  "explosion.boom" : {
    "category" : "master",
    "sounds" : [ {
      "name" : "explosion/boom",
      "attenuation_distance" : 128
    } ]
  },
  "shoot.m4a1farcave" : {
    "category" : "master",
    "sounds" : [ {
      "name" : "shoot/m4a1farcave",
      "attenuation_distance" : 500
    } ]
  },
  "explosion.rpg7far" : {
    "category" : "master",
    "sounds" : [ {
      "name" : "explosion/rpg7far",
      "attenuation_distance" : 512
    } ]
  },
  "shoot.rifle6cave" : {
    "category" : "master",
    "sounds" : [ {
      "name" : "shoot/rifle6cave",
      "attenuation_distance" : 64
    } ]
  },
  "sfx.whizcave" : {
    "category" : "master",
    "sounds" : [ {
      "name" : "sfx/crackcave",
      "weight" : 4
    }, {
      "name" : "sfx/whiz1",
      "weight" : 1
    }, {
      "name" : "sfx/whiz2",
      "weight" : 2
    }, {
      "name" : "sfx/whiz3",
      "weight" : 1
    } ]
  },
  "shoot.pistol3far" : {
    "category" : "master",
    "sounds" : [ {
      "name" : "shoot/pistol3far",
      "attenuation_distance" : 500
    } ]
  },
  "shoot.sniper5medcave" : {
    "category" : "master",
    "sounds" : [ {
      "name" : "shoot/sniper5medcave",
      "attenuation_distance" : 128
    } ]
  },
  "shoot.rifle9med" : {
    "category" : "master",
    "sounds" : [ {
      "name" : "shoot/rifle9med",
      "attenuation_distance" : 128
    } ]
  },
  "shoot.sniper5med" : {
    "category" : "master",
    "sounds" : [ {
      "name" : "shoot/sniper5med",
      "attenuation_distance" : 128
    } ]
  },
  "shoot.tolk1farcave" : {
    "category" : "master",
    "sounds" : [ {
      "name" : "shoot/tolk1farcave",
      "attenuation_distance" : 500
    } ]
  },
  "shoot.aiawcave" : {
    "category" : "master",
    "sounds" : [ {
      "name" : "shoot/aiawcave",
      "attenuation_distance" : 64
    } ]
  },
  "shoot.pistol5cave" : {
    "category" : "master",
    "sounds" : [ {
      "name" : "shoot/pistol5cave",
      "attenuation_distance" : 64
    } ]
  },
  "shoot.rifle12med" : {
    "category" : "master",
    "sounds" : [ {
      "name" : "shoot/rifle12med",
      "attenuation_distance" : 128
    } ]
  },
  "shoot.pistol13cave" : {
    "category" : "master",
    "sounds" : [ {
      "name" : "shoot/pistol13cave",
      "attenuation_distance" : 64
    } ]
  },
  "shoot.akmedcave" : {
    "category" : "master",
    "sounds" : [ {
      "name" : "shoot/akmedcave",
      "attenuation_distance" : 128
    } ]
  },
  "shoot.rifle11cave" : {
    "category" : "master",
    "sounds" : [ {
      "name" : "shoot/rifle11cave",
      "attenuation_distance" : 64
    } ]
  },
  "reload.5" : {
    "category" : "master",
    "sounds" : [ {
      "name" : "reload/5",
      "attenuation_distance" : 5
    } ]
  },
  "reload.6" : {
    "category" : "master",
    "sounds" : [ {
      "name" : "reload/6",
      "attenuation_distance" : 5
    } ]
  },
  "shoot.pistol11far" : {
    "category" : "master",
    "sounds" : [ {
      "name" : "shoot/pistol11far",
      "attenuation_distance" : 500
    } ]
  },
  "shoot.rifle8med" : {
    "category" : "master",
    "sounds" : [ {
      "name" : "shoot/rifle8med",
      "attenuation_distance" : 128
    } ]
  },
  "shoot.shotgun1cave" : {
    "category" : "master",
    "sounds" : [ {
      "name" : "shoot/shotgun1cave",
      "attenuation_distance" : 64
    } ]
  },
  "reload.cyclefast" : {
    "category" : "master",
    "sounds" : [ {
      "name" : "reload/cyclefast",
      "attenuation_distance" : 5
    } ]
  },
  "shoot.surpressed4cave" : {
    "category" : "master",
    "sounds" : [ {
      "name" : "shoot/surpressed4cave",
      "attenuation_distance" : 64
    } ]
  },
  "shoot.rifle5far" : {
    "category" : "master",
    "sounds" : [ {
      "name" : "shoot/rifle5far",
      "attenuation_distance" : 500
    } ]
  },
  "shoot.sniper7med" : {
    "category" : "master",
    "sounds" : [ {
      "name" : "shoot/sniper7med",
      "attenuation_distance" : 128
    } ]
  },
  "shoot.tolk1cave" : {
    "category" : "master",
    "sounds" : [ {
      "name" : "shoot/tolk1cave",
      "attenuation_distance" : 64
    } ]
  },
  "shoot.aiawmed" : {
    "category" : "master",
    "sounds" : [ {
      "name" : "shoot/aiawmed",
      "attenuation_distance" : 128
    } ]
  },
  "shoot.zrifle2med" : {
    "category" : "master",
    "sounds" : [ {
      "name" : "shoot/zrifle2med",
      "attenuation_distance" : 128
    } ]
  },
  "reload.1" : {
    "category" : "master",
    "sounds" : [ {
      "name" : "reload/1",
      "attenuation_distance" : 5
    } ]
  },
  "reload.2" : {
    "category" : "master",
    "sounds" : [ {
      "name" : "reload/2",
      "attenuation_distance" : 5
    } ]
  },
  "reload.3" : {
    "category" : "master",
    "sounds" : [ {
      "name" : "reload/3",
      "attenuation_distance" : 5
    } ]
  },
  "reload.4" : {
    "category" : "master",
    "sounds" : [ {
      "name" : "reload/4",
      "attenuation_distance" : 5
    } ]
  },
  "shoot.ak47far" : {
    "category" : "master",
    "sounds" : [ {
      "name" : "shoot/ak47far",
      "attenuation_distance" : 500
    } ]
  },
  "shoot.pistol5far" : {
    "category" : "master",
    "sounds" : [ {
      "name" : "shoot/pistol5far",
      "attenuation_distance" : 500
    } ]
  },
  "shoot.auto2cave" : {
    "category" : "master",
    "sounds" : [ {
      "name" : "shoot/auto2cave",
      "attenuation_distance" : 64
    } ]
  },
  "shoot.pistol13farcave" : {
    "category" : "master",
    "sounds" : [ {
      "name" : "shoot/pistol13farcave",
      "attenuation_distance" : 500
    } ]
  },
  "shoot.akfarcave" : {
    "category" : "master",
    "sounds" : [ {
      "name" : "shoot/akfarcave",
      "attenuation_distance" : 500
    } ]
  },
  "shoot.rifle4far" : {
    "category" : "master",
    "sounds" : [ {
      "name" : "shoot/rifle4far",
      "attenuation_distance" : 500
    } ]
  },
  "shoot.bolt3medcave" : {
    "category" : "master",
    "sounds" : [ {
      "name" : "shoot/bolt3medcave",
      "attenuation_distance" : 128
    } ]
  },
  "shoot.rifle4medcave" : {
    "category" : "master",
    "sounds" : [ {
      "name" : "shoot/rifle4medcave",
      "attenuation_distance" : 128
    } ]
  },
  "shoot.rifle7medcave" : {
    "category" : "master",
    "sounds" : [ {
      "name" : "shoot/rifle7medcave",
      "attenuation_distance" : 128
    } ]
  },
  "shoot.zrifle3med" : {
    "category" : "master",
    "sounds" : [ {
      "name" : "shoot/zrifle3med",
      "attenuation_distance" : 128
    } ]
  },
  "shoot.sniper3far" : {
    "category" : "master",
    "sounds" : [ {
      "name" : "shoot/sniper3far",
      "attenuation_distance" : 500
    } ]
  },
  "shoot.shotgun2med" : {
    "category" : "master",
    "sounds" : [ {
      "name" : "shoot/shotgun2med",
      "attenuation_distance" : 128
    } ]
  },
  "shoot.pistol8medcave" : {
    "category" : "master",
    "sounds" : [ {
      "name" : "shoot/pistol8medcave",
      "attenuation_distance" : 128
    } ]
  },
  "shoot.tolk1medcave" : {
    "category" : "master",
    "sounds" : [ {
      "name" : "shoot/tolk1medcave",
      "attenuation_distance" : 128
    } ]
  },
  "shoot.pistol4far" : {
    "category" : "master",
    "sounds" : [ {
      "name" : "shoot/pistol4far",
      "attenuation_distance" : 500
    } ]
  },
  "shoot.smg2farcave" : {
    "category" : "master",
    "sounds" : [ {
      "name" : "shoot/smg2farcave",
      "attenuation_distance" : 500
    } ]
  },
  "shoot.shotgun2medcave" : {
    "category" : "master",
    "sounds" : [ {
      "name" : "shoot/shotgun2medcave",
      "attenuation_distance" : 128
    } ]
  },
  "shoot.zsmg1med" : {
    "category" : "master",
    "sounds" : [ {
      "name" : "shoot/zsmg1med",
      "attenuation_distance" : 128
    } ]
  },
  "sfx.whiz" : {
    "category" : "master",
    "sounds" : [ {
      "name" : "sfx/crack",
      "weight" : 4
    }, {
      "name" : "sfx/whiz1",
      "weight" : 2
    }, {
      "name" : "sfx/whiz2",
      "weight" : 1
    }, {
      "name" : "sfx/whiz3",
      "weight" : 1
    } ]
  },
  "shoot.pistol8med" : {
    "category" : "master",
    "sounds" : [ {
      "name" : "shoot/pistol8med",
      "attenuation_distance" : 128
    } ]
  },
  "shoot.rifle5cave" : {
    "category" : "master",
    "sounds" : [ {
      "name" : "shoot/rifle5cave",
      "attenuation_distance" : 64
    } ]
  },
  "shoot.pistol9farcave" : {
    "category" : "master",
    "sounds" : [ {
      "name" : "shoot/pistol9farcave",
      "attenuation_distance" : 500
    } ]
  },
  "shoot.pistol1farcave" : {
    "category" : "master",
    "sounds" : [ {
      "name" : "shoot/pistol1farcave",
      "attenuation_distance" : 500
    } ]
  },
  "shoot.galilcave" : {
    "category" : "master",
    "sounds" : [ {
      "name" : "shoot/galilcave",
      "attenuation_distance" : 64
    } ]
  },
  "shoot.rifle11med" : {
    "category" : "master",
    "sounds" : [ {
      "name" : "shoot/rifle11med",
      "attenuation_distance" : 128
    } ]
  },
  "explosion.rpg7" : {
    "category" : "master",
    "sounds" : [ {
      "name" : "explosion/rpg7",
      "attenuation_distance" : 128
    } ]
  },
  "shoot.pistol12far" : {
    "category" : "master",
    "sounds" : [ {
      "name" : "shoot/pistol12far",
      "attenuation_distance" : 500
    } ]
  },
  "shoot.kriss" : {
    "category" : "master",
    "sounds" : [ {
      "name" : "shoot/kriss",
      "attenuation_distance" : 64
    } ]
  },
  "shoot.sniper7cave" : {
    "category" : "master",
    "sounds" : [ {
      "name" : "shoot/sniper7cave",
      "attenuation_distance" : 64
    } ]
  },
  "shoot.pistol10farcave" : {
    "category" : "master",
    "sounds" : [ {
      "name" : "shoot/pistol10farcave",
      "attenuation_distance" : 500
    } ]
  },
  "shoot.krissfar" : {
    "category" : "master",
    "sounds" : [ {
      "name" : "shoot/krissfar",
      "attenuation_distance" : 500
    } ]
  },
  "shoot.smgmed" : {
    "category" : "master",
    "sounds" : [ {
      "name" : "shoot/smgmed",
      "attenuation_distance" : 128
    } ]
  },
  "shoot.smg2cave" : {
    "category" : "master",
    "sounds" : [ {
      "name" : "shoot/smg2cave",
      "attenuation_distance" : 64
    } ]
  },
  "shoot.smg2" : {
    "category" : "master",
    "sounds" : [ {
      "name" : "shoot/smg2",
      "attenuation_distance" : 64
    } ]
  },
  "shoot.zrifle1med" : {
    "category" : "master",
    "sounds" : [ {
      "name" : "shoot/zrifle1med",
      "attenuation_distance" : 128
    } ]
  },
  "shoot.sniper5far" : {
    "category" : "master",
    "sounds" : [ {
      "name" : "shoot/sniper5far",
      "attenuation_distance" : 500
    } ]
  },
  "shoot.smg" : {
    "category" : "master",
    "sounds" : [ {
      "name" : "shoot/smg",
      "attenuation_distance" : 64
    } ]
  },
  "shoot.rifle4cave" : {
    "category" : "master",
    "sounds" : [ {
      "name" : "shoot/rifle4cave",
      "attenuation_distance" : 64
    } ]
  },
  "shoot.rifle4farcave" : {
    "category" : "master",
    "sounds" : [ {
      "name" : "shoot/rifle4farcave",
      "attenuation_distance" : 500
    } ]
  },
  "shoot.sniper4farcave" : {
    "category" : "master",
    "sounds" : [ {
      "name" : "shoot/sniper4farcave",
      "attenuation_distance" : 500
    } ]
  },
  "shoot.sniper6farcave" : {
    "category" : "master",
    "sounds" : [ {
      "name" : "shoot/sniper6farcave",
      "attenuation_distance" : 500
    } ]
  },
  "shoot.pistol4cave" : {
    "category" : "master",
    "sounds" : [ {
      "name" : "shoot/pistol4cave",
      "attenuation_distance" : 64
    } ]
  },
  "explosion.rpg7medcave" : {
    "category" : "master",
    "sounds" : [ {
      "name" : "explosion/rpg7medcave",
      "attenuation_distance" : 256
    } ]
  },
  "shoot.sniper1cave" : {
    "category" : "master",
    "sounds" : [ {
      "name" : "shoot/sniper1cave",
      "attenuation_distance" : 64
    } ]
  },
  "shoot.auto2med" : {
    "category" : "master",
    "sounds" : [ {
      "name" : "shoot/auto2med",
      "attenuation_distance" : 128
    } ]
  },
  "shoot.tolk2cave" : {
    "category" : "master",
    "sounds" : [ {
      "name" : "shoot/tolk2cave",
      "attenuation_distance" : 64
    } ]
  },
  "shoot.rifle9far" : {
    "category" : "master",
    "sounds" : [ {
      "name" : "shoot/rifle9far",
      "attenuation_distance" : 500
    } ]
  },
  "shoot.zrifle2" : {
    "category" : "master",
    "sounds" : [ {
      "name" : "shoot/zrifle2",
      "attenuation_distance" : 64
    } ]
  },
  "shoot.zrifle1" : {
    "category" : "master",
    "sounds" : [ {
      "name" : "shoot/zrifle1",
      "attenuation_distance" : 64
    } ]
  },
  "explosion.rpg7veryfar" : {
    "category" : "master",
    "sounds" : [ {
      "name" : "explosion/rpg7veryfar",
      "attenuation_distance" : 1024
    } ]
  },
  "shoot.zrifle3" : {
    "category" : "master",
    "sounds" : [ {
      "name" : "shoot/zrifle3",
      "attenuation_distance" : 64
    } ]
  },
  "shoot.sniper4medcave" : {
    "category" : "master",
    "sounds" : [ {
      "name" : "shoot/sniper4medcave",
      "attenuation_distance" : 128
    } ]
  },
  "shoot.ak" : {
    "category" : "master",
    "sounds" : [ {
      "name" : "shoot/ak",
      "attenuation_distance" : 64
    } ]
  },
  "shoot.pistol1far" : {
    "category" : "master",
    "sounds" : [ {
      "name" : "shoot/pistol1far",
      "attenuation_distance" : 500
    } ]
  },
  "shoot.tolk2med" : {
    "category" : "master",
    "sounds" : [ {
      "name" : "shoot/tolk2med",
      "attenuation_distance" : 128
    } ]
  },
  "shoot.rifle8far" : {
    "category" : "master",
    "sounds" : [ {
      "name" : "shoot/rifle8far",
      "attenuation_distance" : 500
    } ]
  },
  "shoot.pistol13far" : {
    "category" : "master",
    "sounds" : [ {
      "name" : "shoot/pistol13far",
      "attenuation_distance" : 500
    } ]
  },
  "shoot.auto1med" : {
    "category" : "master",
    "sounds" : [ {
      "name" : "shoot/auto1med",
      "attenuation_distance" : 128
    } ]
  },
  "shoot.rifle10med" : {
    "category" : "master",
    "sounds" : [ {
      "name" : "shoot/rifle10med",
      "attenuation_distance" : 128
    } ]
  },
  "shoot.smgcave" : {
    "category" : "master",
    "sounds" : [ {
      "name" : "shoot/smgcave",
      "attenuation_distance" : 64
    } ]
  },
  "shoot.pistol9medcave" : {
    "category" : "master",
    "sounds" : [ {
      "name" : "shoot/pistol9medcave",
      "attenuation_distance" : 128
    } ]
  },
  "shoot.pistol5medcave" : {
    "category" : "master",
    "sounds" : [ {
      "name" : "shoot/pistol5medcave",
      "attenuation_distance" : 128
    } ]
  },
  "shoot.auto1farcave" : {
    "category" : "master",
    "sounds" : [ {
      "name" : "shoot/auto1farcave",
      "attenuation_distance" : 500
    } ]
  },
  "shoot.rifle12cave" : {
    "category" : "master",
    "sounds" : [ {
      "name" : "shoot/rifle12cave",
      "attenuation_distance" : 64
    } ]
  },
  "shoot.pistol4med" : {
    "category" : "master",
    "sounds" : [ {
      "name" : "shoot/pistol4med",
      "attenuation_distance" : 128
    } ]
  },
  "shoot.pistol10cave" : {
    "category" : "master",
    "sounds" : [ {
      "name" : "shoot/pistol10cave",
      "attenuation_distance" : 64
    } ]
  },
  "shoot.rifle1med" : {
    "category" : "master",
    "sounds" : [ {
      "name" : "shoot/rifle1med",
      "attenuation_distance" : 128
    } ]
  },
  "shoot.rifle8farcave" : {
    "category" : "master",
    "sounds" : [ {
      "name" : "shoot/rifle8farcave",
      "attenuation_distance" : 500
    } ]
  },
  "reload.slideclose" : {
    "category" : "master",
    "sounds" : [ {
      "name" : "reload/slideclose",
      "attenuation_distance" : 5
    } ]
  },
  "shoot.sniper4far" : {
    "category" : "master",
    "sounds" : [ {
      "name" : "shoot/sniper4far",
      "attenuation_distance" : 500
    } ]
  },
  "reload.cycleslow" : {
    "category" : "master",
    "sounds" : [ {
      "name" : "reload/cycleslow",
      "attenuation_distance" : 5
    } ]
  },
  "shoot.ak47" : {
    "category" : "master",
    "sounds" : [ {
      "name" : "shoot/ak47",
      "attenuation_distance" : 64
    } ]
  },
  "shoot.rifle2medcave" : {
    "category" : "master",
    "sounds" : [ {
      "name" : "shoot/rifle2medcave",
      "attenuation_distance" : 128
    } ]
  },
  "shoot.lmg3afarcave" : {
    "category" : "master",
    "sounds" : [ {
      "name" : "shoot/lmg3afarcave",
      "attenuation_distance" : 500
    } ]
  },
  "shoot.shotgun1farcave" : {
    "category" : "master",
    "sounds" : [ {
      "name" : "shoot/shotgun1farcave",
      "attenuation_distance" : 500
    } ]
  },
  "shoot.shotgun2far" : {
    "category" : "master",
    "sounds" : [ {
      "name" : "shoot/shotgun2far",
      "attenuation_distance" : 500
    } ]
  },
  "explosion.boomfar" : {
    "category" : "master",
    "sounds" : [ {
      "name" : "explosion/boomfar",
      "attenuation_distance" : 512
    } ]
  },
  "shoot.shotgun2farcave" : {
    "category" : "master",
    "sounds" : [ {
      "name" : "shoot/shotgun2farcave",
      "attenuation_distance" : 500
    } ]
  },
  "shoot.g3farcave" : {
    "category" : "master",
    "sounds" : [ {
      "name" : "shoot/g3farcave",
      "attenuation_distance" : 500
    } ]
  },
  "shoot.galilmedcave" : {
    "category" : "master",
    "sounds" : [ {
      "name" : "shoot/galilmedcave",
      "attenuation_distance" : 128
    } ]
  },
  "shoot.g3cave" : {
    "category" : "master",
    "sounds" : [ {
      "name" : "shoot/g3cave",
      "attenuation_distance" : 64
    } ]
  },
  "shoot.tolkcavemed" : {
    "category" : "master",
    "sounds" : [ {
      "name" : "shoot/tolk2cavemed",
      "attenuation_distance" : 500
    } ]
  },
  "shoot.surpressed2" : {
    "category" : "master",
    "sounds" : [ {
      "name" : "shoot/surpressed2",
      "attenuation_distance" : 64
    } ]
  },
  "shoot.surpressed1" : {
    "category" : "master",
    "sounds" : [ {
      "name" : "shoot/surpressed1",
      "attenuation_distance" : 64
    } ]
  },
  "shoot.surpressed4" : {
    "category" : "master",
    "sounds" : [ {
      "name" : "shoot/surpressed4",
      "attenuation_distance" : 64
    } ]
  },
  "shoot.surpressed3" : {
    "category" : "master",
    "sounds" : [ {
      "name" : "shoot/surpressed3",
      "attenuation_distance" : 64
    } ]
  },
  "shoot.shotgun1" : {
    "category" : "master",
    "sounds" : [ {
      "name" : "shoot/shotgun1",
      "attenuation_distance" : 64
    } ]
  },
  "shoot.pistol2far" : {
    "category" : "master",
    "sounds" : [ {
      "name" : "shoot/pistol2far",
      "attenuation_distance" : 500
    } ]
  },
  "shoot.rifle3cave" : {
    "category" : "master",
    "sounds" : [ {
      "name" : "shoot/rifle3cave",
      "attenuation_distance" : 64
    } ]
  },
  "shoot.shotgun2" : {
    "category" : "master",
    "sounds" : [ {
      "name" : "shoot/shotgun2",
      "attenuation_distance" : 64
    } ]
  },
  "shoot.pistol6med" : {
    "category" : "master",
    "sounds" : [ {
      "name" : "shoot/pistol6med",
      "attenuation_distance" : 128
    } ]
  },
  "explosion.boomcave" : {
    "category" : "master",
    "sounds" : [ {
      "name" : "explosion/boomcave",
      "attenuation_distance" : 128
    } ]
  },
  "shoot.pistol14far" : {
    "category" : "master",
    "sounds" : [ {
      "name" : "shoot/pistol14far",
      "attenuation_distance" : 500
    } ]
  },
  "shoot.pistol11medcave" : {
    "category" : "master",
    "sounds" : [ {
      "name" : "shoot/pistol11medcave",
      "attenuation_distance" : 128
    } ]
  },
  "shoot.g3" : {
    "category" : "master",
    "sounds" : [ {
      "name" : "shoot/g3",
      "attenuation_distance" : 64
    } ]
  },
  "shoot.pistol11farcave" : {
    "category" : "master",
    "sounds" : [ {
      "name" : "shoot/pistol11farcave",
      "attenuation_distance" : 500
    } ]
  },
  "shoot.pistol5med" : {
    "category" : "master",
    "sounds" : [ {
      "name" : "shoot/pistol5med",
      "attenuation_distance" : 128
    } ]
  },
  "shoot.rifle13medcave" : {
    "category" : "master",
    "sounds" : [ {
      "name" : "shoot/rifle13medcave",
      "attenuation_distance" : 128
    } ]
  },
  "shoot.bolt2far" : {
    "category" : "master",
    "sounds" : [ {
      "name" : "shoot/bolt2far",
      "attenuation_distance" : 500
    } ]
  },
  "shoot.rifle8medcave" : {
    "category" : "master",
    "sounds" : [ {
      "name" : "shoot/rifle8medcave",
      "attenuation_distance" : 128
    } ]
  },
  "shoot.rifle3medcave" : {
    "category" : "master",
    "sounds" : [ {
      "name" : "shoot/rifle3medcave",
      "attenuation_distance" : 128
    } ]
  },
  "shoot.galilfar" : {
    "category" : "master",
    "sounds" : [ {
      "name" : "shoot/galilfar",
      "attenuation_distance" : 500
    } ]
  },
  "shoot.sniper6far" : {
    "category" : "master",
    "sounds" : [ {
      "name" : "shoot/sniper6far",
      "attenuation_distance" : 500
    } ]
  },
  "shoot.tolk2medcave" : {
    "category" : "master",
    "sounds" : [ {
      "name" : "shoot/tolk2medcave",
      "attenuation_distance" : 128
    } ]
  },
  "shoot.scarlfar" : {
    "category" : "master",
    "sounds" : [ {
      "name" : "shoot/scarlfar",
      "attenuation_distance" : 500
    } ]
  },
  "shoot.pistol4medcave" : {
    "category" : "master",
    "sounds" : [ {
      "name" : "shoot/pistol4medcave",
      "attenuation_distance" : 128
    } ]
  },
  "shoot.shotgun1medcave" : {
    "category" : "master",
    "sounds" : [ {
      "name" : "shoot/shotgun1medcave",
      "attenuation_distance" : 128
    } ]
  },
  "shoot.krissmedcave" : {
    "category" : "master",
    "sounds" : [ {
      "name" : "shoot/krissmedcave",
      "attenuation_distance" : 128
    } ]
  },
  "shoot.pistol3cave" : {
    "category" : "master",
    "sounds" : [ {
      "name" : "shoot/pistol3cave",
      "attenuation_distance" : 64
    } ]
  },
  "shoot.rifle7far" : {
    "category" : "master",
    "sounds" : [ {
      "name" : "shoot/rifle7far",
      "attenuation_distance" : 500
    } ]
  },
  "shoot.fnfal" : {
    "category" : "master",
    "sounds" : [ {
      "name" : "shoot/fnfal",
      "attenuation_distance" : 500
    } ]
  },
  "shoot.fnfalcave" : {
    "category" : "master",
    "sounds" : [ {
      "name" : "shoot/fnfalcave",
      "attenuation_distance" : 500
    } ]
  },
  "shoot.fnfalmed" : {
    "category" : "master",
    "sounds" : [ {
      "name" : "shoot/fnfalmed",
      "attenuation_distance" : 500
    } ]
  },
  "shoot.fnfalmedcave" : {
    "category" : "master",
    "sounds" : [ {
      "name" : "shoot/fnfalmedcave",
      "attenuation_distance" : 500
    } ]
  },
  "shoot.fnfalfar" : {
    "category" : "master",
    "sounds" : [ {
      "name" : "shoot/fnfalfar",
      "attenuation_distance" : 500
    } ]
  },
  "shoot.fnfalfarcave" : {
    "category" : "master",
    "sounds" : [ {
      "name" : "shoot/fnfalfarcave",
      "attenuation_distance" : 500
    } ]
  },
  "shoot.tolk1med" : {
    "category" : "master",
    "sounds" : [ {
      "name" : "shoot/tolk1med",
      "attenuation_distance" : 128
    } ]
  },
  "shoot.akmed" : {
    "category" : "master",
    "sounds" : [ {
      "name" : "shoot/akmed",
      "attenuation_distance" : 128
    } ]
  },
  "shoot.m4a1" : {
    "category" : "master",
    "sounds" : [ {
      "name" : "shoot/m4a1",
      "attenuation_distance" : 64
    } ]
  },
  "shoot.pistol11cave" : {
    "category" : "master",
    "sounds" : [ {
      "name" : "shoot/pistol11cave",
      "attenuation_distance" : 64
    } ]
  },
  "shoot.pistol5farcave" : {
    "category" : "master",
    "sounds" : [ {
      "name" : "shoot/pistol5farcave",
      "attenuation_distance" : 500
    } ]
  },
  "explosion.rpg7farcave" : {
    "category" : "master",
    "sounds" : [ {
      "name" : "explosion/rpg7farcave",
      "attenuation_distance" : 512
    } ]
  },
  "shoot.zsmg1" : {
    "category" : "master",
    "sounds" : [ {
      "name" : "shoot/zsmg1",
      "attenuation_distance" : 64
    } ]
  },
  "shoot.rifle13cave" : {
    "category" : "master",
    "sounds" : [ {
      "name" : "shoot/rifle13cave",
      "attenuation_distance" : 64
    } ]
  },
  "mob.zoglin.zoglin_death1" : {
    "category" : "master",
    "sounds" : [ {
      "name" : "mob/zoglin/zoglin_death1",
      "attenuation_distance" : 64
    } ]
  },
  "mob.crier.crierscream" : {
    "category" : "master",
    "sounds" : [ {
      "name" : "mob/crier/crierscream",
      "attenuation_distance" : 64
    } ]
  },
  "sfx.swarm2" : {
    "category" : "block",
    "sounds" : [ {
      "name" : "sfx/swarm2",
      "attenuation_distance" : 64
    } ]
  }
}