{
  "textures" : {
    "ScarH" : "guns/scarh"
  },
  "credit" : "Designed by Nightshade73 with Cubik Studio - https://cubik.studio",
  "elements" : [ {
    "from" : [ 7.375, 8.625, 9.625 ],
    "to" : [ 8.5, 8.875, 9.75 ],
    "faces" : {
      "north" : {
        "uv" : [ 13.75, 14.375, 12.625, 14.625 ],
        "texture" : "#ScarH"
      },
      "east" : {
        "uv" : [ 15.875, 11.25, 15.75, 11.5 ],
        "texture" : "#ScarH"
      },
      "south" : {
        "uv" : [ 10.375, 14.375, 11.5, 14.625 ],
        "texture" : "#ScarH"
      },
      "west" : {
        "uv" : [ 13.5, 10, 13.625, 10.25 ],
        "texture" : "#ScarH"
      },
      "up" : {
        "uv" : [ 11.375, 12, 12.5, 11.875 ],
        "texture" : "#ScarH"
      },
      "down" : {
        "uv" : [ 11.75, 9.375, 12.875, 9.5 ],
        "texture" : "#ScarH"
      }
    }
  }, {
    "from" : [ 7.5, 8.5, 4.625 ],
    "to" : [ 8.625, 8.875, 4.875 ],
    "faces" : {
      "north" : {
        "uv" : [ 14.25, 14, 13.125, 14.375 ],
        "texture" : "#ScarH"
      },
      "east" : {
        "uv" : [ 16, 10.875, 15.75, 11.25 ],
        "texture" : "#ScarH"
      },
      "south" : {
        "uv" : [ 12, 14, 13.125, 14.375 ],
        "texture" : "#ScarH"
      },
      "west" : {
        "uv" : [ 15.75, 11.5, 16, 11.875 ],
        "texture" : "#ScarH"
      },
      "up" : {
        "uv" : [ 8, 10.25, 9.125, 10 ],
        "texture" : "#ScarH"
      },
      "down" : {
        "uv" : [ 11.5, 14.375, 12.625, 14.625 ],
        "texture" : "#ScarH"
      }
    }
  }, {
    "from" : [ 7.5, 8.5, 5 ],
    "to" : [ 8.625, 8.875, 5.125 ],
    "faces" : {
      "north" : {
        "uv" : [ 15.375, 14, 14.25, 14.375 ],
        "texture" : "#ScarH"
      },
      "east" : {
        "uv" : [ 16, 10.25, 15.875, 10.625 ],
        "texture" : "#ScarH"
      },
      "south" : {
        "uv" : [ 9.125, 10.25, 10.25, 10.625 ],
        "texture" : "#ScarH"
      },
      "west" : {
        "uv" : [ 5.25, 0.875, 5.375, 1.25 ],
        "texture" : "#ScarH"
      },
      "up" : {
        "uv" : [ 11.75, 9.625, 12.875, 9.5 ],
        "texture" : "#ScarH"
      },
      "down" : {
        "uv" : [ 14.75, 11.875, 15.875, 12 ],
        "texture" : "#ScarH"
      }
    }
  }, {
    "from" : [ 7.5, 8.5, 5.25 ],
    "to" : [ 8.625, 8.875, 5.375 ],
    "faces" : {
      "north" : {
        "uv" : [ 11.375, 10.25, 10.25, 10.625 ],
        "texture" : "#ScarH"
      },
      "east" : {
        "uv" : [ 15.875, 8.875, 15.75, 9.25 ],
        "texture" : "#ScarH"
      },
      "south" : {
        "uv" : [ 11.375, 10.25, 12.5, 10.625 ],
        "texture" : "#ScarH"
      },
      "west" : {
        "uv" : [ 15.625, 8.875, 15.75, 9.25 ],
        "texture" : "#ScarH"
      },
      "up" : {
        "uv" : [ 12.875, 9.5, 14, 9.375 ],
        "texture" : "#ScarH"
      },
      "down" : {
        "uv" : [ 12.875, 9.5, 14, 9.625 ],
        "texture" : "#ScarH"
      }
    }
  }, {
    "from" : [ 7.5, 8.5, 5.5 ],
    "to" : [ 8.625, 8.875, 5.625 ],
    "faces" : {
      "north" : {
        "uv" : [ 15.875, 10.25, 14.75, 10.625 ],
        "texture" : "#ScarH"
      },
      "east" : {
        "uv" : [ 7, 0, 6.875, 0.375 ],
        "texture" : "#ScarH"
      },
      "south" : {
        "uv" : [ 6, 9.625, 7.125, 10 ],
        "texture" : "#ScarH"
      },
      "west" : {
        "uv" : [ 15.875, 8.875, 16, 9.25 ],
        "texture" : "#ScarH"
      },
      "up" : {
        "uv" : [ 14, 9.5, 15.125, 9.375 ],
        "texture" : "#ScarH"
      },
      "down" : {
        "uv" : [ 14, 9.5, 15.125, 9.625 ],
        "texture" : "#ScarH"
      }
    }
  }, {
    "from" : [ 7.5, 8.5, 5.75 ],
    "to" : [ 8.625, 8.875, 5.875 ],
    "faces" : {
      "north" : {
        "uv" : [ 8.25, 9.625, 7.125, 10 ],
        "texture" : "#ScarH"
      },
      "east" : {
        "uv" : [ 7.125, 6.75, 7, 7.125 ],
        "texture" : "#ScarH"
      },
      "south" : {
        "uv" : [ 8, 10.25, 9.125, 10.625 ],
        "texture" : "#ScarH"
      },
      "west" : {
        "uv" : [ 7, 7.125, 7.125, 7.5 ],
        "texture" : "#ScarH"
      },
      "up" : {
        "uv" : [ 13.625, 12, 14.75, 11.875 ],
        "texture" : "#ScarH"
      },
      "down" : {
        "uv" : [ 12.5, 11.875, 13.625, 12 ],
        "texture" : "#ScarH"
      }
    }
  }, {
    "from" : [ 7.5, 8.5, 6 ],
    "to" : [ 8.625, 8.875, 6.25 ],
    "faces" : {
      "north" : {
        "uv" : [ 13.625, 10.25, 12.5, 10.625 ],
        "texture" : "#ScarH"
      },
      "east" : {
        "uv" : [ 13.375, 10.625, 13.125, 11 ],
        "texture" : "#ScarH"
      },
      "south" : {
        "uv" : [ 13.625, 10.25, 14.75, 10.625 ],
        "texture" : "#ScarH"
      },
      "west" : {
        "uv" : [ 12.5, 10.625, 12.75, 11 ],
        "texture" : "#ScarH"
      },
      "up" : {
        "uv" : [ 14.875, 14.625, 16, 14.375 ],
        "texture" : "#ScarH"
      },
      "down" : {
        "uv" : [ 13.75, 14.375, 14.875, 14.625 ],
        "texture" : "#ScarH"
      }
    }
  }, {
    "from" : [ 7.625, 6.5, 15.625 ],
    "to" : [ 8.5, 9, 16 ],
    "faces" : {
      "north" : {
        "uv" : [ 2.375, 12.375, 1.5, 14.875 ],
        "texture" : "#ScarH"
      },
      "east" : {
        "uv" : [ 2.75, 0.125, 2.375, 2.625 ],
        "texture" : "#ScarH"
      },
      "south" : {
        "uv" : [ 0.625, 1.5, 1.5, 4 ],
        "texture" : "#ScarH",
        "cullface" : "south"
      },
      "west" : {
        "uv" : [ 2.375, 2.625, 2.75, 5.125 ],
        "texture" : "#ScarH"
      },
      "up" : {
        "uv" : [ 7.625, 11.125, 8.5, 10.75 ],
        "texture" : "#ScarH"
      },
      "down" : {
        "uv" : [ 6.75, 10.75, 7.625, 11.125 ],
        "texture" : "#ScarH"
      }
    }
  }, {
    "from" : [ 7.625, 8, 12 ],
    "to" : [ 8.5, 9.125, 14.625 ],
    "faces" : {
      "north" : {
        "uv" : [ 15.25, 14.875, 14.375, 16 ],
        "texture" : "#ScarH"
      },
      "east" : {
        "uv" : [ 4.125, 14.875, 1.5, 16 ],
        "texture" : "#ScarH"
      },
      "south" : {
        "uv" : [ 13.5, 14.875, 14.375, 16 ],
        "texture" : "#ScarH"
      },
      "west" : {
        "uv" : [ 4.125, 14.875, 6.75, 16 ],
        "texture" : "#ScarH"
      },
      "up" : {
        "uv" : [ 0.625, 9.25, 1.5, 6.625 ],
        "texture" : "#ScarH"
      },
      "down" : {
        "uv" : [ 0.625, 4, 1.5, 6.625 ],
        "texture" : "#ScarH"
      }
    }
  }, {
    "from" : [ 7.625, 8.5, 4.875 ],
    "to" : [ 8.5, 9.125, 5 ],
    "faces" : {
      "north" : {
        "uv" : [ 12.125, 10.625, 11.25, 11.25 ],
        "texture" : "#ScarH"
      },
      "east" : {
        "uv" : [ 7, 2.25, 6.875, 2.875 ],
        "texture" : "#ScarH"
      },
      "south" : {
        "uv" : [ 13.375, 11.25, 14.25, 11.875 ],
        "texture" : "#ScarH"
      },
      "west" : {
        "uv" : [ 6.875, 2.875, 7, 3.5 ],
        "texture" : "#ScarH"
      },
      "up" : {
        "uv" : [ 7.5, 9.375, 8.375, 9.25 ],
        "texture" : "#ScarH"
      },
      "down" : {
        "uv" : [ 15.125, 9.375, 16, 9.5 ],
        "texture" : "#ScarH"
      }
    }
  }, {
    "from" : [ 7.625, 8.5, 5.125 ],
    "to" : [ 8.5, 9.125, 5.25 ],
    "faces" : {
      "north" : {
        "uv" : [ 15.75, 10.625, 14.875, 11.25 ],
        "texture" : "#ScarH"
      },
      "east" : {
        "uv" : [ 7, 1, 6.875, 1.625 ],
        "texture" : "#ScarH"
      },
      "south" : {
        "uv" : [ 5.375, 10, 6.25, 10.625 ],
        "texture" : "#ScarH"
      },
      "west" : {
        "uv" : [ 6.875, 1.625, 7, 2.25 ],
        "texture" : "#ScarH"
      },
      "up" : {
        "uv" : [ 10, 9.75, 10.875, 9.625 ],
        "texture" : "#ScarH"
      },
      "down" : {
        "uv" : [ 8.25, 9.625, 9.125, 9.75 ],
        "texture" : "#ScarH"
      }
    }
  }, {
    "from" : [ 7.625, 8.5, 5.375 ],
    "to" : [ 8.5, 9.125, 5.5 ],
    "faces" : {
      "north" : {
        "uv" : [ 8, 10, 7.125, 10.625 ],
        "texture" : "#ScarH"
      },
      "east" : {
        "uv" : [ 7.125, 8.125, 7, 8.75 ],
        "texture" : "#ScarH"
      },
      "south" : {
        "uv" : [ 6.25, 10, 7.125, 10.625 ],
        "texture" : "#ScarH"
      },
      "west" : {
        "uv" : [ 6.875, 0.375, 7, 1 ],
        "texture" : "#ScarH"
      },
      "up" : {
        "uv" : [ 14.375, 9.75, 15.25, 9.625 ],
        "texture" : "#ScarH"
      },
      "down" : {
        "uv" : [ 12.625, 9.625, 13.5, 9.75 ],
        "texture" : "#ScarH"
      }
    }
  }, {
    "from" : [ 7.625, 8.5, 5.625 ],
    "to" : [ 8.5, 9.125, 5.75 ],
    "faces" : {
      "north" : {
        "uv" : [ 15.75, 11.25, 14.875, 11.875 ],
        "texture" : "#ScarH"
      },
      "east" : {
        "uv" : [ 13.875, 12.125, 13.75, 12.75 ],
        "texture" : "#ScarH"
      },
      "south" : {
        "uv" : [ 13.375, 10.625, 14.25, 11.25 ],
        "texture" : "#ScarH"
      },
      "west" : {
        "uv" : [ 7, 7.5, 7.125, 8.125 ],
        "texture" : "#ScarH"
      },
      "up" : {
        "uv" : [ 7.5, 9.25, 8.375, 9.125 ],
        "texture" : "#ScarH"
      },
      "down" : {
        "uv" : [ 7.5, 8.875, 8.375, 9 ],
        "texture" : "#ScarH"
      }
    }
  }, {
    "from" : [ 7.625, 8.5, 5.875 ],
    "to" : [ 8.5, 9.125, 6 ],
    "faces" : {
      "north" : {
        "uv" : [ 12.125, 11.25, 11.25, 11.875 ],
        "texture" : "#ScarH"
      },
      "east" : {
        "uv" : [ 7, 7.25, 6.875, 7.875 ],
        "texture" : "#ScarH"
      },
      "south" : {
        "uv" : [ 9.75, 10.625, 10.625, 11.25 ],
        "texture" : "#ScarH"
      },
      "west" : {
        "uv" : [ 14.5, 12.125, 14.625, 12.75 ],
        "texture" : "#ScarH"
      },
      "up" : {
        "uv" : [ 10.875, 9.75, 11.75, 9.625 ],
        "texture" : "#ScarH"
      },
      "down" : {
        "uv" : [ 7.5, 9, 8.375, 9.125 ],
        "texture" : "#ScarH"
      }
    }
  }, {
    "from" : [ 7.625, 8.5, 6.25 ],
    "to" : [ 8.5, 9.125, 9.625 ],
    "faces" : {
      "north" : {
        "uv" : [ 2.375, 0, 1.5, 0.625 ],
        "texture" : "#ScarH"
      },
      "east" : {
        "uv" : [ 13.5, 15.375, 10.125, 16 ],
        "texture" : "#ScarH"
      },
      "south" : {
        "uv" : [ 9.75, 11.25, 10.625, 11.875 ],
        "texture" : "#ScarH"
      },
      "west" : {
        "uv" : [ 6.75, 15.375, 10.125, 16 ],
        "texture" : "#ScarH"
      },
      "up" : {
        "uv" : [ 0.625, 12.625, 1.5, 9.25 ],
        "texture" : "#ScarH"
      },
      "down" : {
        "uv" : [ 0.625, 12.625, 1.5, 16 ],
        "texture" : "#ScarH"
      }
    }
  }, {
    "from" : [ 7.625, 8.5, 9.625 ],
    "to" : [ 8.5, 8.625, 12 ],
    "faces" : {
      "east" : {
        "uv" : [ 15.875, 14.75, 13.5, 14.875 ],
        "texture" : "#ScarH"
      },
      "west" : {
        "uv" : [ 13.5, 14.625, 15.875, 14.75 ],
        "texture" : "#ScarH"
      },
      "up" : {
        "uv" : [ 1.5, 10, 2.375, 7.625 ],
        "texture" : "#ScarH"
      },
      "down" : {
        "uv" : [ 1.5, 10, 2.375, 12.375 ],
        "texture" : "#ScarH"
      }
    }
  }, {
    "from" : [ 7.625, 8.625, 9.75 ],
    "to" : [ 8.5, 9.125, 12 ],
    "faces" : {
      "north" : {
        "uv" : [ 13.25, 14.875, 12.375, 15.375 ],
        "texture" : "#ScarH"
      },
      "east" : {
        "uv" : [ 12.375, 14.875, 10.125, 15.375 ],
        "texture" : "#ScarH"
      },
      "west" : {
        "uv" : [ 6.75, 14.875, 9, 15.375 ],
        "texture" : "#ScarH"
      },
      "up" : {
        "uv" : [ 1.5, 7.625, 2.375, 5.375 ],
        "texture" : "#ScarH"
      }
    }
  }, {
    "from" : [ 7.625, 8.875, 4.625 ],
    "to" : [ 8.5, 9.125, 4.875 ],
    "faces" : {
      "north" : {
        "uv" : [ 14.375, 9.75, 13.5, 10 ],
        "texture" : "#ScarH"
      },
      "east" : {
        "uv" : [ 4.625, 0, 4.375, 0.25 ],
        "texture" : "#ScarH"
      },
      "west" : {
        "uv" : [ 8.875, 10.625, 9.125, 10.875 ],
        "texture" : "#ScarH"
      },
      "up" : {
        "uv" : [ 8.25, 10, 9.125, 9.75 ],
        "texture" : "#ScarH"
      }
    }
  }, {
    "from" : [ 7.625, 8.875, 5 ],
    "to" : [ 8.5, 9.125, 5.125 ],
    "faces" : {
      "east" : {
        "uv" : [ 15.875, 10.625, 15.75, 10.875 ],
        "texture" : "#ScarH"
      },
      "west" : {
        "uv" : [ 15.875, 11.25, 16, 11.5 ],
        "texture" : "#ScarH"
      },
      "up" : {
        "uv" : [ 8.375, 9, 9.25, 8.875 ],
        "texture" : "#ScarH"
      }
    }
  }, {
    "from" : [ 7.625, 8.875, 5.25 ],
    "to" : [ 8.5, 9.125, 5.375 ],
    "faces" : {
      "east" : {
        "uv" : [ 10.125, 10, 10, 10.25 ],
        "texture" : "#ScarH"
      },
      "west" : {
        "uv" : [ 15.875, 10.625, 16, 10.875 ],
        "texture" : "#ScarH"
      },
      "up" : {
        "uv" : [ 11.75, 9.75, 12.625, 9.625 ],
        "texture" : "#ScarH"
      }
    }
  }, {
    "from" : [ 7.625, 8.875, 5.5 ],
    "to" : [ 8.5, 9.125, 5.625 ],
    "faces" : {
      "east" : {
        "uv" : [ 11.25, 10, 11.125, 10.25 ],
        "texture" : "#ScarH"
      },
      "west" : {
        "uv" : [ 10.125, 10, 10.25, 10.25 ],
        "texture" : "#ScarH"
      },
      "up" : {
        "uv" : [ 7.625, 10.75, 8.5, 10.625 ],
        "texture" : "#ScarH"
      }
    }
  }, {
    "from" : [ 7.625, 8.875, 5.75 ],
    "to" : [ 8.5, 9.125, 5.875 ],
    "faces" : {
      "east" : {
        "uv" : [ 12.375, 10, 12.25, 10.25 ],
        "texture" : "#ScarH"
      },
      "west" : {
        "uv" : [ 11.25, 10, 11.375, 10.25 ],
        "texture" : "#ScarH"
      },
      "up" : {
        "uv" : [ 15.125, 9.625, 16, 9.5 ],
        "texture" : "#ScarH"
      }
    }
  }, {
    "from" : [ 7.625, 8.875, 6 ],
    "to" : [ 8.5, 9.125, 6.25 ],
    "faces" : {
      "east" : {
        "uv" : [ 2.375, 0.625, 2.125, 0.875 ],
        "texture" : "#ScarH"
      },
      "west" : {
        "uv" : [ 9.5, 10.625, 9.75, 10.875 ],
        "texture" : "#ScarH"
      },
      "up" : {
        "uv" : [ 14.75, 10.25, 15.625, 10 ],
        "texture" : "#ScarH"
      }
    }
  }, {
    "from" : [ 7.625, 8.875, 9.625 ],
    "to" : [ 8.5, 9.125, 9.75 ],
    "faces" : {
      "east" : {
        "uv" : [ 13.5, 10, 13.375, 10.25 ],
        "texture" : "#ScarH"
      },
      "west" : {
        "uv" : [ 12.375, 10, 12.5, 10.25 ],
        "texture" : "#ScarH"
      },
      "up" : {
        "uv" : [ 13.5, 9.75, 14.375, 9.625 ],
        "texture" : "#ScarH"
      }
    }
  }, {
    "from" : [ 7.75, 6, 11.25 ],
    "to" : [ 8.375, 7.5, 11.375 ],
    "faces" : {
      "north" : {
        "uv" : [ 15.25, 12.5, 14.625, 14 ],
        "texture" : "#ScarH"
      },
      "east" : {
        "uv" : [ 5.375, 4.875, 5.25, 6.375 ],
        "texture" : "#ScarH"
      },
      "south" : {
        "uv" : [ 12.5, 12.5, 13.125, 14 ],
        "texture" : "#ScarH"
      },
      "west" : {
        "uv" : [ 5.25, 6.375, 5.375, 7.875 ],
        "texture" : "#ScarH"
      },
      "up" : {
        "uv" : [ 12.5, 12.25, 13.125, 12.125 ],
        "texture" : "#ScarH"
      },
      "down" : {
        "uv" : [ 11.875, 12.125, 12.5, 12.25 ],
        "texture" : "#ScarH"
      }
    }
  }, {
    "from" : [ 7.75, 6, 11.375 ],
    "to" : [ 8.375, 7.375, 11.5 ],
    "faces" : {
      "east" : {
        "uv" : [ 5.375, 3.5, 5.25, 4.875 ],
        "texture" : "#ScarH"
      },
      "south" : {
        "uv" : [ 4, 6.625, 4.625, 8 ],
        "texture" : "#ScarH"
      },
      "west" : {
        "uv" : [ 15.875, 12.625, 16, 14 ],
        "texture" : "#ScarH"
      },
      "up" : {
        "uv" : [ 6.125, 10.75, 6.75, 10.625 ],
        "texture" : "#ScarH"
      },
      "down" : {
        "uv" : [ 14.625, 12.125, 15.25, 12.25 ],
        "texture" : "#ScarH"
      }
    }
  }, {
    "from" : [ 7.75, 6, 11.5 ],
    "to" : [ 8.375, 7.25, 11.625 ],
    "faces" : {
      "east" : {
        "uv" : [ 5.375, 2.25, 5.25, 3.5 ],
        "texture" : "#ScarH"
      },
      "south" : {
        "uv" : [ 5.5, 10.625, 6.125, 11.875 ],
        "texture" : "#ScarH"
      },
      "west" : {
        "uv" : [ 6.75, 4.625, 6.875, 5.875 ],
        "texture" : "#ScarH"
      },
      "up" : {
        "uv" : [ 11.25, 9.375, 11.875, 9.25 ],
        "texture" : "#ScarH"
      },
      "down" : {
        "uv" : [ 9.25, 8.875, 9.875, 9 ],
        "texture" : "#ScarH"
      }
    }
  }, {
    "from" : [ 7.75, 6, 11.625 ],
    "to" : [ 8.375, 7, 11.75 ],
    "faces" : {
      "east" : {
        "uv" : [ 7, 7.875, 6.875, 8.875 ],
        "texture" : "#ScarH"
      },
      "south" : {
        "uv" : [ 8.5, 10.875, 9.125, 11.875 ],
        "texture" : "#ScarH"
      },
      "west" : {
        "uv" : [ 6.75, 0, 6.875, 1 ],
        "texture" : "#ScarH"
      },
      "up" : {
        "uv" : [ 11.25, 9.125, 11.875, 9 ],
        "texture" : "#ScarH"
      },
      "down" : {
        "uv" : [ 11.25, 9.125, 11.875, 9.25 ],
        "texture" : "#ScarH"
      }
    }
  }, {
    "from" : [ 7.75, 6, 11.75 ],
    "to" : [ 8.375, 6.875, 11.875 ],
    "faces" : {
      "east" : {
        "uv" : [ 6, 1.625, 5.875, 2.5 ],
        "texture" : "#ScarH"
      },
      "south" : {
        "uv" : [ 12.125, 11, 12.75, 11.875 ],
        "texture" : "#ScarH"
      },
      "west" : {
        "uv" : [ 5.75, 0.75, 5.875, 1.625 ],
        "texture" : "#ScarH"
      },
      "up" : {
        "uv" : [ 11.875, 9.375, 12.5, 9.25 ],
        "texture" : "#ScarH"
      },
      "down" : {
        "uv" : [ 11.25, 8.875, 11.875, 9 ],
        "texture" : "#ScarH"
      }
    }
  }, {
    "from" : [ 7.75, 6, 11.875 ],
    "to" : [ 8.375, 6.625, 12 ],
    "faces" : {
      "east" : {
        "uv" : [ 7, 6, 6.875, 6.625 ],
        "texture" : "#ScarH"
      },
      "south" : {
        "uv" : [ 13.875, 12.125, 14.5, 12.75 ],
        "texture" : "#ScarH"
      },
      "west" : {
        "uv" : [ 6.875, 6.625, 7, 7.25 ],
        "texture" : "#ScarH"
      },
      "up" : {
        "uv" : [ 11.875, 9.125, 12.5, 9 ],
        "texture" : "#ScarH"
      },
      "down" : {
        "uv" : [ 11.875, 9.125, 12.5, 9.25 ],
        "texture" : "#ScarH"
      }
    }
  }, {
    "from" : [ 7.75, 6, 12 ],
    "to" : [ 8.375, 6.5, 12.125 ],
    "faces" : {
      "east" : {
        "uv" : [ 16, 12.125, 15.875, 12.625 ],
        "texture" : "#ScarH"
      },
      "south" : {
        "uv" : [ 6, 8.125, 6.625, 8.625 ],
        "texture" : "#ScarH"
      },
      "west" : {
        "uv" : [ 5.125, 0.75, 5.25, 1.25 ],
        "texture" : "#ScarH"
      },
      "up" : {
        "uv" : [ 7.625, 8.875, 8.25, 8.75 ],
        "texture" : "#ScarH"
      },
      "down" : {
        "uv" : [ 11.875, 8.875, 12.5, 9 ],
        "texture" : "#ScarH"
      }
    }
  }, {
    "from" : [ 7.75, 6.25, 11.125 ],
    "to" : [ 8.375, 8.5, 11.25 ],
    "faces" : {
      "north" : {
        "uv" : [ 3.375, 2.25, 2.75, 4.5 ],
        "texture" : "#ScarH"
      },
      "east" : {
        "uv" : [ 6.375, 2, 6.25, 4.25 ],
        "texture" : "#ScarH"
      },
      "south" : {
        "uv" : [ 2.75, 4.5, 3.375, 6.75 ],
        "texture" : "#ScarH"
      },
      "west" : {
        "uv" : [ 6, 2, 6.125, 4.25 ],
        "texture" : "#ScarH"
      },
      "down" : {
        "uv" : [ 8.25, 8.75, 8.875, 8.875 ],
        "texture" : "#ScarH"
      }
    }
  }, {
    "from" : [ 7.75, 6.5, 11 ],
    "to" : [ 8.375, 8.5, 11.125 ],
    "faces" : {
      "north" : {
        "uv" : [ 4, 3.5, 3.375, 5.5 ],
        "texture" : "#ScarH"
      },
      "east" : {
        "uv" : [ 6.25, 0, 6.125, 2 ],
        "texture" : "#ScarH"
      },
      "west" : {
        "uv" : [ 6, 0, 6.125, 2 ],
        "texture" : "#ScarH"
      },
      "down" : {
        "uv" : [ 10.625, 12.125, 11.25, 12.25 ],
        "texture" : "#ScarH"
      }
    }
  }, {
    "from" : [ 7.75, 6.5, 15.5 ],
    "to" : [ 8.375, 9, 15.625 ],
    "faces" : {
      "north" : {
        "uv" : [ 3.375, 11.5, 2.75, 14 ],
        "texture" : "#ScarH"
      },
      "east" : {
        "uv" : [ 4.75, 0, 4.625, 2.5 ],
        "texture" : "#ScarH"
      },
      "west" : {
        "uv" : [ 4.75, 0, 4.875, 2.5 ],
        "texture" : "#ScarH"
      },
      "up" : {
        "uv" : [ 14.375, 9.25, 15, 9.125 ],
        "texture" : "#ScarH"
      },
      "down" : {
        "uv" : [ 10.75, 8.75, 11.375, 8.875 ],
        "texture" : "#ScarH"
      }
    }
  }, {
    "from" : [ 7.75, 6.625, 10.875 ],
    "to" : [ 8.375, 8.5, 11 ],
    "faces" : {
      "north" : {
        "uv" : [ 4.625, 12.125, 4, 14 ],
        "texture" : "#ScarH"
      },
      "east" : {
        "uv" : [ 6.625, 0.125, 6.5, 2 ],
        "texture" : "#ScarH"
      },
      "west" : {
        "uv" : [ 6.625, 5.625, 6.75, 7.5 ],
        "texture" : "#ScarH"
      },
      "down" : {
        "uv" : [ 15.375, 14, 16, 14.125 ],
        "texture" : "#ScarH"
      }
    }
  }, {
    "from" : [ 7.75, 6.625, 15.375 ],
    "to" : [ 8.375, 9, 15.5 ],
    "faces" : {
      "north" : {
        "uv" : [ 3.375, 6.75, 2.75, 9.125 ],
        "texture" : "#ScarH"
      },
      "east" : {
        "uv" : [ 6.25, 4.25, 6.125, 6.625 ],
        "texture" : "#ScarH"
      },
      "west" : {
        "uv" : [ 6, 4.25, 6.125, 6.625 ],
        "texture" : "#ScarH"
      },
      "up" : {
        "uv" : [ 7, 8.875, 7.625, 8.75 ],
        "texture" : "#ScarH"
      },
      "down" : {
        "uv" : [ 8.875, 8.75, 9.5, 8.875 ],
        "texture" : "#ScarH"
      }
    }
  }, {
    "from" : [ 7.75, 6.75, 15.25 ],
    "to" : [ 8.375, 9, 15.375 ],
    "faces" : {
      "north" : {
        "uv" : [ 3.375, 0, 2.75, 2.25 ],
        "texture" : "#ScarH"
      },
      "east" : {
        "uv" : [ 6.5, 2, 6.375, 4.25 ],
        "texture" : "#ScarH"
      },
      "west" : {
        "uv" : [ 6.125, 2, 6.25, 4.25 ],
        "texture" : "#ScarH"
      },
      "up" : {
        "uv" : [ 15, 9.125, 15.625, 9 ],
        "texture" : "#ScarH"
      },
      "down" : {
        "uv" : [ 15, 8.875, 15.625, 9 ],
        "texture" : "#ScarH"
      }
    }
  }, {
    "from" : [ 7.75, 6.875, 15.125 ],
    "to" : [ 8.375, 9, 15.25 ],
    "faces" : {
      "north" : {
        "uv" : [ 4, 7.5, 3.375, 9.625 ],
        "texture" : "#ScarH"
      },
      "east" : {
        "uv" : [ 6.75, 7.5, 6.625, 9.625 ],
        "texture" : "#ScarH"
      },
      "west" : {
        "uv" : [ 6.5, 2.125, 6.625, 4.25 ],
        "texture" : "#ScarH"
      },
      "up" : {
        "uv" : [ 14.375, 9.125, 15, 9 ],
        "texture" : "#ScarH"
      },
      "down" : {
        "uv" : [ 15, 9.125, 15.625, 9.25 ],
        "texture" : "#ScarH"
      }
    }
  }, {
    "from" : [ 7.75, 7, 10.75 ],
    "to" : [ 8.375, 8.5, 10.875 ],
    "faces" : {
      "north" : {
        "uv" : [ 11.25, 12.5, 10.625, 14 ],
        "texture" : "#ScarH"
      },
      "east" : {
        "uv" : [ 6.75, 0.875, 6.625, 2.375 ],
        "texture" : "#ScarH"
      },
      "west" : {
        "uv" : [ 6.75, 7.375, 6.875, 8.875 ],
        "texture" : "#ScarH"
      },
      "down" : {
        "uv" : [ 14.375, 9.25, 15, 9.375 ],
        "texture" : "#ScarH"
      }
    }
  }, {
    "from" : [ 7.75, 7.125, 8.875 ],
    "to" : [ 8.375, 8.5, 9.625 ],
    "faces" : {
      "north" : {
        "uv" : [ 4.625, 8, 4, 9.375 ],
        "texture" : "#ScarH"
      },
      "east" : {
        "uv" : [ 8.625, 12.625, 7.875, 14 ],
        "texture" : "#ScarH"
      },
      "south" : {
        "uv" : [ 4, 5.25, 4.625, 6.625 ],
        "texture" : "#ScarH"
      },
      "west" : {
        "uv" : [ 8.625, 12.625, 9.375, 14 ],
        "texture" : "#ScarH"
      },
      "down" : {
        "uv" : [ 5.375, 4.75, 6, 5.5 ],
        "texture" : "#ScarH"
      }
    }
  }, {
    "from" : [ 7.75, 7.125, 10.5 ],
    "to" : [ 8.375, 8.5, 10.75 ],
    "faces" : {
      "north" : {
        "uv" : [ 15.875, 12.625, 15.25, 14 ],
        "texture" : "#ScarH"
      },
      "east" : {
        "uv" : [ 5.125, 0.75, 4.875, 2.125 ],
        "texture" : "#ScarH"
      },
      "west" : {
        "uv" : [ 2.125, 1.75, 2.375, 3.125 ],
        "texture" : "#ScarH"
      },
      "down" : {
        "uv" : [ 14.625, 12.25, 15.25, 12.5 ],
        "texture" : "#ScarH"
      }
    }
  }, {
    "from" : [ 7.75, 7.125, 15 ],
    "to" : [ 8.375, 9, 15.125 ],
    "faces" : {
      "north" : {
        "uv" : [ 5.25, 12.125, 4.625, 14 ],
        "texture" : "#ScarH"
      },
      "east" : {
        "uv" : [ 6.375, 0.125, 6.25, 2 ],
        "texture" : "#ScarH"
      },
      "west" : {
        "uv" : [ 6.375, 0.125, 6.5, 2 ],
        "texture" : "#ScarH"
      },
      "up" : {
        "uv" : [ 13.75, 9.25, 14.375, 9.125 ],
        "texture" : "#ScarH"
      },
      "down" : {
        "uv" : [ 13.75, 9, 14.375, 9.125 ],
        "texture" : "#ScarH"
      }
    }
  }, {
    "from" : [ 7.75, 7.25, 8.125 ],
    "to" : [ 8.375, 8.5, 8.875 ],
    "faces" : {
      "north" : {
        "uv" : [ 4.625, 1.5, 4, 2.75 ],
        "texture" : "#ScarH"
      },
      "east" : {
        "uv" : [ 13.875, 12.75, 13.125, 14 ],
        "texture" : "#ScarH"
      },
      "west" : {
        "uv" : [ 13.875, 12.75, 14.625, 14 ],
        "texture" : "#ScarH"
      },
      "down" : {
        "uv" : [ 5.375, 3.25, 6, 4 ],
        "texture" : "#ScarH"
      }
    }
  }, {
    "from" : [ 7.75, 7.375, 8 ],
    "to" : [ 8.375, 8.5, 8.125 ],
    "faces" : {
      "north" : {
        "uv" : [ 15.875, 14.875, 15.25, 16 ],
        "texture" : "#ScarH"
      },
      "east" : {
        "uv" : [ 6.875, 1, 6.75, 2.125 ],
        "texture" : "#ScarH"
      },
      "west" : {
        "uv" : [ 15.875, 14.875, 16, 16 ],
        "texture" : "#ScarH"
      },
      "down" : {
        "uv" : [ 13.75, 9.25, 14.375, 9.375 ],
        "texture" : "#ScarH"
      }
    }
  }, {
    "from" : [ 7.75, 7.375, 14.875 ],
    "to" : [ 8.375, 9, 15 ],
    "faces" : {
      "north" : {
        "uv" : [ 10, 12.375, 9.375, 14 ],
        "texture" : "#ScarH"
      },
      "east" : {
        "uv" : [ 6.75, 2.375, 6.625, 4 ],
        "texture" : "#ScarH"
      },
      "west" : {
        "uv" : [ 6.625, 4, 6.75, 5.625 ],
        "texture" : "#ScarH"
      },
      "up" : {
        "uv" : [ 13.125, 9.25, 13.75, 9.125 ],
        "texture" : "#ScarH"
      },
      "down" : {
        "uv" : [ 13.125, 9, 13.75, 9.125 ],
        "texture" : "#ScarH"
      }
    }
  }, {
    "from" : [ 7.75, 7.625, 14.75 ],
    "to" : [ 8.375, 9.125, 14.875 ],
    "faces" : {
      "north" : {
        "uv" : [ 10.625, 12.5, 10, 14 ],
        "texture" : "#ScarH"
      },
      "east" : {
        "uv" : [ 1.5, 0, 1.375, 1.5 ],
        "texture" : "#ScarH"
      },
      "south" : {
        "uv" : [ 11.25, 12.5, 11.875, 14 ],
        "texture" : "#ScarH"
      },
      "west" : {
        "uv" : [ 6.75, 5.875, 6.875, 7.375 ],
        "texture" : "#ScarH"
      },
      "up" : {
        "uv" : [ 12.5, 9, 13.125, 8.875 ],
        "texture" : "#ScarH"
      },
      "down" : {
        "uv" : [ 13.125, 9.25, 13.75, 9.375 ],
        "texture" : "#ScarH"
      }
    }
  }, {
    "from" : [ 7.75, 7.75, 9.625 ],
    "to" : [ 8.375, 8.5, 10.5 ],
    "faces" : {
      "east" : {
        "uv" : [ 7.625, 11.125, 6.75, 11.875 ],
        "texture" : "#ScarH"
      },
      "west" : {
        "uv" : [ 7.625, 11.125, 8.5, 11.875 ],
        "texture" : "#ScarH"
      },
      "down" : {
        "uv" : [ 12.75, 11, 13.375, 11.875 ],
        "texture" : "#ScarH"
      }
    }
  }, {
    "from" : [ 7.75, 7.875, 14.625 ],
    "to" : [ 8.375, 9.125, 14.75 ],
    "faces" : {
      "north" : {
        "uv" : [ 4.625, 4, 4, 5.25 ],
        "texture" : "#ScarH"
      },
      "east" : {
        "uv" : [ 6.875, 3.375, 6.75, 4.625 ],
        "texture" : "#ScarH"
      },
      "west" : {
        "uv" : [ 6.75, 2.125, 6.875, 3.375 ],
        "texture" : "#ScarH"
      },
      "up" : {
        "uv" : [ 12.5, 9.25, 13.125, 9.125 ],
        "texture" : "#ScarH"
      },
      "down" : {
        "uv" : [ 12.5, 9, 13.125, 9.125 ],
        "texture" : "#ScarH"
      }
    }
  }, {
    "from" : [ 7.75, 8, 7.75 ],
    "to" : [ 8.375, 8.5, 8 ],
    "faces" : {
      "north" : {
        "uv" : [ 6.625, 8.625, 6, 9.125 ],
        "texture" : "#ScarH"
      },
      "east" : {
        "uv" : [ 10.125, 14.875, 9.875, 15.375 ],
        "texture" : "#ScarH"
      },
      "west" : {
        "uv" : [ 13.25, 14.875, 13.5, 15.375 ],
        "texture" : "#ScarH"
      },
      "down" : {
        "uv" : [ 11.875, 12.25, 12.5, 12.5 ],
        "texture" : "#ScarH"
      }
    }
  }, {
    "from" : [ 7.75, 8, 11.25 ],
    "to" : [ 8.375, 8.5, 12 ],
    "faces" : {
      "east" : {
        "uv" : [ 8.625, 12.125, 7.875, 12.625 ],
        "texture" : "#ScarH"
      },
      "west" : {
        "uv" : [ 8.625, 12.125, 9.375, 12.625 ],
        "texture" : "#ScarH"
      },
      "down" : {
        "uv" : [ 5.375, 7.75, 6, 8.5 ],
        "texture" : "#ScarH"
      }
    }
  }, {
    "from" : [ 7.75, 9.125, 4.625 ],
    "to" : [ 8.375, 9.375, 12.625 ],
    "faces" : {
      "north" : {
        "uv" : [ 10.625, 12.25, 10, 12.5 ],
        "texture" : "#ScarH"
      },
      "east" : {
        "uv" : [ 10.375, 14.625, 2.375, 14.875 ],
        "texture" : "#ScarH"
      },
      "south" : {
        "uv" : [ 9.375, 12.125, 10, 12.375 ],
        "texture" : "#ScarH"
      },
      "west" : {
        "uv" : [ 2.375, 14.375, 10.375, 14.625 ],
        "texture" : "#ScarH"
      },
      "up" : {
        "uv" : [ 0, 8, 0.625, 0 ],
        "texture" : "#ScarH"
      },
      "down" : {
        "uv" : [ 0, 8, 0.625, 16 ],
        "texture" : "#ScarH"
      }
    }
  }, {
    "from" : [ 7.75, 9.125, 12.625 ],
    "to" : [ 8.375, 9.25, 14.5 ],
    "faces" : {
      "east" : {
        "uv" : [ 15.125, 12, 13.25, 12.125 ],
        "texture" : "#ScarH"
      },
      "south" : {
        "uv" : [ 14.375, 8.875, 15, 9 ],
        "texture" : "#ScarH"
      },
      "west" : {
        "uv" : [ 11.375, 12, 13.25, 12.125 ],
        "texture" : "#ScarH"
      },
      "up" : {
        "uv" : [ 5.875, 14, 6.5, 12.125 ],
        "texture" : "#ScarH"
      }
    }
  }, {
    "from" : [ 7.75, 9.375, 11.125 ],
    "to" : [ 8.375, 9.625, 11.875 ],
    "faces" : {
      "north" : {
        "uv" : [ 13.125, 12.25, 12.5, 12.5 ],
        "texture" : "#ScarH"
      },
      "east" : {
        "uv" : [ 16, 9.75, 15.25, 10 ],
        "texture" : "#ScarH"
      },
      "south" : {
        "uv" : [ 15.375, 14.125, 16, 14.375 ],
        "texture" : "#ScarH"
      },
      "west" : {
        "uv" : [ 7.125, 12.25, 7.875, 12.5 ],
        "texture" : "#ScarH"
      },
      "up" : {
        "uv" : [ 5.375, 6.25, 6, 5.5 ],
        "texture" : "#ScarH"
      }
    }
  }, {
    "from" : [ 7.75, 9.375, 11.875 ],
    "to" : [ 8.375, 9.5, 12.375 ],
    "faces" : {
      "east" : {
        "uv" : [ 12.375, 8.75, 11.875, 8.875 ],
        "texture" : "#ScarH"
      },
      "south" : {
        "uv" : [ 11.25, 12.125, 11.875, 12.25 ],
        "texture" : "#ScarH"
      },
      "west" : {
        "uv" : [ 11.375, 8.75, 11.875, 8.875 ],
        "texture" : "#ScarH"
      },
      "up" : {
        "uv" : [ 6, 7.125, 6.625, 6.625 ],
        "texture" : "#ScarH"
      }
    }
  }, {
    "from" : [ 7.875, 5.75, 8.125 ],
    "to" : [ 8.25, 7.25, 8.875 ],
    "faces" : {
      "north" : {
        "uv" : [ 5.25, 4.875, 4.875, 6.375 ],
        "texture" : "#ScarH"
      },
      "east" : {
        "uv" : [ 7.875, 12.5, 7.125, 14 ],
        "texture" : "#ScarH"
      },
      "south" : {
        "uv" : [ 4.875, 6.375, 5.25, 7.875 ],
        "texture" : "#ScarH"
      },
      "west" : {
        "uv" : [ 0.625, 0, 1.375, 1.5 ],
        "texture" : "#ScarH"
      },
      "down" : {
        "uv" : [ 6.25, 4.375, 6.625, 5.125 ],
        "texture" : "#ScarH"
      }
    }
  }, {
    "from" : [ 7.875, 5.75, 8.875 ],
    "to" : [ 8.25, 7.125, 9.375 ],
    "faces" : {
      "east" : {
        "uv" : [ 5.375, 7.875, 4.875, 9.25 ],
        "texture" : "#ScarH"
      },
      "south" : {
        "uv" : [ 4.875, 2.125, 5.25, 3.5 ],
        "texture" : "#ScarH"
      },
      "west" : {
        "uv" : [ 4.875, 9.25, 5.375, 10.625 ],
        "texture" : "#ScarH"
      },
      "down" : {
        "uv" : [ 7.125, 8.875, 7.5, 9.375 ],
        "texture" : "#ScarH"
      }
    }
  }, {
    "from" : [ 7.875, 7.125, 9.625 ],
    "to" : [ 8.25, 7.25, 10.5 ],
    "faces" : {
      "east" : {
        "uv" : [ 10.125, 9, 9.25, 9.125 ],
        "texture" : "#ScarH"
      },
      "west" : {
        "uv" : [ 9.25, 9.125, 10.125, 9.25 ],
        "texture" : "#ScarH"
      },
      "up" : {
        "uv" : [ 5.375, 2.5, 5.75, 1.625 ],
        "texture" : "#ScarH"
      },
      "down" : {
        "uv" : [ 5.375, 0.75, 5.75, 1.625 ],
        "texture" : "#ScarH"
      }
    }
  }, {
    "from" : [ 7.875, 8.25, 4.625 ],
    "to" : [ 8.25, 8.375, 4.875 ],
    "faces" : {
      "north" : {
        "uv" : [ 7.5, 8.625, 7.125, 8.75 ],
        "texture" : "#ScarH"
      },
      "east" : {
        "uv" : [ 14.75, 10, 14.5, 10.125 ],
        "texture" : "#ScarH"
      },
      "south" : {
        "uv" : [ 7.5, 8.625, 7.875, 8.75 ],
        "texture" : "#ScarH"
      },
      "west" : {
        "uv" : [ 14.5, 10.125, 14.75, 10.25 ],
        "texture" : "#ScarH"
      },
      "up" : {
        "uv" : [ 10.5, 9.375, 10.875, 9.125 ],
        "texture" : "#ScarH"
      },
      "down" : {
        "uv" : [ 15.625, 10, 16, 10.25 ],
        "texture" : "#ScarH"
      }
    }
  }, {
    "from" : [ 7.875, 8.25, 5 ],
    "to" : [ 8.25, 8.375, 5.125 ],
    "faces" : {
      "north" : {
        "uv" : [ 9.75, 8.625, 9.375, 8.75 ],
        "texture" : "#ScarH"
      },
      "east" : {
        "uv" : [ 7.625, 4.75, 7.5, 4.875 ],
        "texture" : "#ScarH"
      },
      "south" : {
        "uv" : [ 9.75, 8.625, 10.125, 8.75 ],
        "texture" : "#ScarH"
      },
      "west" : {
        "uv" : [ 7.5, 4.625, 7.625, 4.75 ],
        "texture" : "#ScarH"
      },
      "up" : {
        "uv" : [ 9, 8.75, 9.375, 8.625 ],
        "texture" : "#ScarH"
      },
      "down" : {
        "uv" : [ 8.625, 8.625, 9, 8.75 ],
        "texture" : "#ScarH"
      }
    }
  }, {
    "from" : [ 7.875, 8.25, 5.25 ],
    "to" : [ 8.25, 8.375, 5.375 ],
    "faces" : {
      "north" : {
        "uv" : [ 11.25, 8.625, 10.875, 8.75 ],
        "texture" : "#ScarH"
      },
      "east" : {
        "uv" : [ 7.625, 5.25, 7.5, 5.375 ],
        "texture" : "#ScarH"
      },
      "south" : {
        "uv" : [ 11.25, 8.625, 11.625, 8.75 ],
        "texture" : "#ScarH"
      },
      "west" : {
        "uv" : [ 7.5, 5.125, 7.625, 5.25 ],
        "texture" : "#ScarH"
      },
      "up" : {
        "uv" : [ 10.5, 8.75, 10.875, 8.625 ],
        "texture" : "#ScarH"
      },
      "down" : {
        "uv" : [ 10.125, 8.625, 10.5, 8.75 ],
        "texture" : "#ScarH"
      }
    }
  }, {
    "from" : [ 7.875, 8.25, 5.5 ],
    "to" : [ 8.25, 8.375, 5.625 ],
    "faces" : {
      "north" : {
        "uv" : [ 12.75, 8.625, 12.375, 8.75 ],
        "texture" : "#ScarH"
      },
      "east" : {
        "uv" : [ 7.625, 5.5, 7.5, 5.625 ],
        "texture" : "#ScarH"
      },
      "south" : {
        "uv" : [ 12.75, 8.625, 13.125, 8.75 ],
        "texture" : "#ScarH"
      },
      "west" : {
        "uv" : [ 7.5, 5.375, 7.625, 5.5 ],
        "texture" : "#ScarH"
      },
      "up" : {
        "uv" : [ 12, 8.75, 12.375, 8.625 ],
        "texture" : "#ScarH"
      },
      "down" : {
        "uv" : [ 11.625, 8.625, 12, 8.75 ],
        "texture" : "#ScarH"
      }
    }
  }, {
    "from" : [ 7.875, 8.25, 5.75 ],
    "to" : [ 8.25, 8.375, 5.875 ],
    "faces" : {
      "north" : {
        "uv" : [ 14.25, 8.625, 13.875, 8.75 ],
        "texture" : "#ScarH"
      },
      "east" : {
        "uv" : [ 7.625, 5.75, 7.5, 5.875 ],
        "texture" : "#ScarH"
      },
      "south" : {
        "uv" : [ 14.25, 8.625, 14.625, 8.75 ],
        "texture" : "#ScarH"
      },
      "west" : {
        "uv" : [ 7.5, 5.625, 7.625, 5.75 ],
        "texture" : "#ScarH"
      },
      "up" : {
        "uv" : [ 13.5, 8.75, 13.875, 8.625 ],
        "texture" : "#ScarH"
      },
      "down" : {
        "uv" : [ 13.125, 8.625, 13.5, 8.75 ],
        "texture" : "#ScarH"
      }
    }
  }, {
    "from" : [ 7.875, 8.25, 6 ],
    "to" : [ 8.25, 8.375, 6.125 ],
    "faces" : {
      "north" : {
        "uv" : [ 15.75, 8.625, 15.375, 8.75 ],
        "texture" : "#ScarH"
      },
      "east" : {
        "uv" : [ 7.625, 6.25, 7.5, 6.375 ],
        "texture" : "#ScarH"
      },
      "south" : {
        "uv" : [ 7.125, 8.5, 7.5, 8.625 ],
        "texture" : "#ScarH"
      },
      "west" : {
        "uv" : [ 7.5, 6.125, 7.625, 6.25 ],
        "texture" : "#ScarH"
      },
      "up" : {
        "uv" : [ 15, 8.75, 15.375, 8.625 ],
        "texture" : "#ScarH"
      },
      "down" : {
        "uv" : [ 14.625, 8.625, 15, 8.75 ],
        "texture" : "#ScarH"
      }
    }
  }, {
    "from" : [ 7.875, 8.25, 6.25 ],
    "to" : [ 8.25, 8.375, 6.375 ],
    "faces" : {
      "north" : {
        "uv" : [ 8.625, 8.5, 8.25, 8.625 ],
        "texture" : "#ScarH"
      },
      "east" : {
        "uv" : [ 7.625, 6.5, 7.5, 6.625 ],
        "texture" : "#ScarH"
      },
      "south" : {
        "uv" : [ 8.625, 8.5, 9, 8.625 ],
        "texture" : "#ScarH"
      },
      "west" : {
        "uv" : [ 7.5, 6.375, 7.625, 6.5 ],
        "texture" : "#ScarH"
      },
      "up" : {
        "uv" : [ 7.875, 8.625, 8.25, 8.5 ],
        "texture" : "#ScarH"
      },
      "down" : {
        "uv" : [ 7.5, 8.5, 7.875, 8.625 ],
        "texture" : "#ScarH"
      }
    }
  }, {
    "from" : [ 7.875, 8.25, 6.5 ],
    "to" : [ 8.25, 8.375, 6.625 ],
    "faces" : {
      "north" : {
        "uv" : [ 10.125, 8.5, 9.75, 8.625 ],
        "texture" : "#ScarH"
      },
      "east" : {
        "uv" : [ 7.625, 7, 7.5, 7.125 ],
        "texture" : "#ScarH"
      },
      "south" : {
        "uv" : [ 10.125, 8.5, 10.5, 8.625 ],
        "texture" : "#ScarH"
      },
      "west" : {
        "uv" : [ 7.5, 6.875, 7.625, 7 ],
        "texture" : "#ScarH"
      },
      "up" : {
        "uv" : [ 9.375, 8.625, 9.75, 8.5 ],
        "texture" : "#ScarH"
      },
      "down" : {
        "uv" : [ 9, 8.5, 9.375, 8.625 ],
        "texture" : "#ScarH"
      }
    }
  }, {
    "from" : [ 7.875, 8.25, 6.75 ],
    "to" : [ 8.25, 8.375, 6.875 ],
    "faces" : {
      "north" : {
        "uv" : [ 11.625, 8.5, 11.25, 8.625 ],
        "texture" : "#ScarH"
      },
      "east" : {
        "uv" : [ 7.625, 7.5, 7.5, 7.625 ],
        "texture" : "#ScarH"
      },
      "south" : {
        "uv" : [ 11.625, 8.5, 12, 8.625 ],
        "texture" : "#ScarH"
      },
      "west" : {
        "uv" : [ 7.5, 7.375, 7.625, 7.5 ],
        "texture" : "#ScarH"
      },
      "up" : {
        "uv" : [ 10.875, 8.625, 11.25, 8.5 ],
        "texture" : "#ScarH"
      },
      "down" : {
        "uv" : [ 10.5, 8.5, 10.875, 8.625 ],
        "texture" : "#ScarH"
      }
    }
  }, {
    "from" : [ 7.875, 8.25, 7 ],
    "to" : [ 8.25, 8.375, 7.125 ],
    "faces" : {
      "north" : {
        "uv" : [ 13.125, 8.5, 12.75, 8.625 ],
        "texture" : "#ScarH"
      },
      "east" : {
        "uv" : [ 7.625, 7.75, 7.5, 7.875 ],
        "texture" : "#ScarH"
      },
      "south" : {
        "uv" : [ 13.125, 8.5, 13.5, 8.625 ],
        "texture" : "#ScarH"
      },
      "west" : {
        "uv" : [ 7.5, 7.625, 7.625, 7.75 ],
        "texture" : "#ScarH"
      },
      "up" : {
        "uv" : [ 12.375, 8.625, 12.75, 8.5 ],
        "texture" : "#ScarH"
      },
      "down" : {
        "uv" : [ 12, 8.5, 12.375, 8.625 ],
        "texture" : "#ScarH"
      }
    }
  }, {
    "from" : [ 7.875, 8.25, 7.25 ],
    "to" : [ 8.25, 8.375, 7.375 ],
    "faces" : {
      "north" : {
        "uv" : [ 14.625, 8.5, 14.25, 8.625 ],
        "texture" : "#ScarH"
      },
      "east" : {
        "uv" : [ 7.625, 8.25, 7.5, 8.375 ],
        "texture" : "#ScarH"
      },
      "south" : {
        "uv" : [ 14.625, 8.5, 15, 8.625 ],
        "texture" : "#ScarH"
      },
      "west" : {
        "uv" : [ 7.5, 8.125, 7.625, 8.25 ],
        "texture" : "#ScarH"
      },
      "up" : {
        "uv" : [ 13.875, 8.625, 14.25, 8.5 ],
        "texture" : "#ScarH"
      },
      "down" : {
        "uv" : [ 13.5, 8.5, 13.875, 8.625 ],
        "texture" : "#ScarH"
      }
    }
  }, {
    "from" : [ 7.875, 8.25, 7.5 ],
    "to" : [ 8.25, 8.375, 7.75 ],
    "faces" : {
      "north" : {
        "uv" : [ 15.375, 8.5, 15, 8.625 ],
        "texture" : "#ScarH"
      },
      "east" : {
        "uv" : [ 16, 8.75, 15.75, 8.875 ],
        "texture" : "#ScarH"
      },
      "west" : {
        "uv" : [ 15.75, 8.625, 16, 8.75 ],
        "texture" : "#ScarH"
      },
      "up" : {
        "uv" : [ 9.125, 10.875, 9.5, 10.625 ],
        "texture" : "#ScarH"
      },
      "down" : {
        "uv" : [ 10.125, 9.125, 10.5, 9.375 ],
        "texture" : "#ScarH"
      }
    }
  }, {
    "from" : [ 7.875, 8.5, 0 ],
    "to" : [ 8.25, 8.875, 4.625 ],
    "faces" : {
      "north" : {
        "uv" : [ 11, 10.625, 10.625, 11 ],
        "texture" : "#ScarH",
        "cullface" : "north"
      },
      "east" : {
        "uv" : [ 12, 14, 7.375, 14.375 ],
        "texture" : "#ScarH"
      },
      "west" : {
        "uv" : [ 2.75, 14, 7.375, 14.375 ],
        "texture" : "#ScarH"
      },
      "up" : {
        "uv" : [ 2.375, 9.75, 2.75, 5.125 ],
        "texture" : "#ScarH"
      },
      "down" : {
        "uv" : [ 2.375, 9.75, 2.75, 14.375 ],
        "texture" : "#ScarH"
      }
    }
  }, {
    "from" : [ 7.875, 9, 3.875 ],
    "to" : [ 8.25, 9.25, 4.625 ],
    "faces" : {
      "north" : {
        "uv" : [ 10.875, 8.875, 10.5, 9.125 ],
        "texture" : "#ScarH"
      },
      "east" : {
        "uv" : [ 11.75, 9.375, 11, 9.625 ],
        "texture" : "#ScarH"
      },
      "south" : {
        "uv" : [ 10.875, 9.125, 11.25, 9.375 ],
        "texture" : "#ScarH"
      },
      "west" : {
        "uv" : [ 10.25, 9.375, 11, 9.625 ],
        "texture" : "#ScarH"
      },
      "up" : {
        "uv" : [ 6.25, 6.625, 6.625, 5.875 ],
        "texture" : "#ScarH"
      },
      "down" : {
        "uv" : [ 6.25, 5.125, 6.625, 5.875 ],
        "texture" : "#ScarH"
      }
    }
  }, {
    "from" : [ 7.875, 9.5, 4.625 ],
    "to" : [ 8.25, 9.625, 4.875 ],
    "faces" : {
      "north" : {
        "uv" : [ 7.5, 8.375, 7.125, 8.5 ],
        "texture" : "#ScarH"
      },
      "east" : {
        "uv" : [ 6.625, 0, 6.375, 0.125 ],
        "texture" : "#ScarH"
      },
      "south" : {
        "uv" : [ 7.125, 8.25, 7.5, 8.375 ],
        "texture" : "#ScarH"
      },
      "west" : {
        "uv" : [ 9.875, 8.875, 10.125, 9 ],
        "texture" : "#ScarH"
      },
      "up" : {
        "uv" : [ 5.375, 0.25, 5.75, 0 ],
        "texture" : "#ScarH"
      },
      "down" : {
        "uv" : [ 4, 0, 4.375, 0.25 ],
        "texture" : "#ScarH"
      }
    }
  }, {
    "from" : [ 7.875, 9.5, 5 ],
    "to" : [ 8.25, 9.625, 5.125 ],
    "faces" : {
      "north" : {
        "uv" : [ 7.5, 7.875, 7.125, 8 ],
        "texture" : "#ScarH"
      },
      "east" : {
        "uv" : [ 7.125, 0.75, 7, 0.875 ],
        "texture" : "#ScarH"
      },
      "south" : {
        "uv" : [ 7.125, 7.75, 7.5, 7.875 ],
        "texture" : "#ScarH"
      },
      "west" : {
        "uv" : [ 7, 1.375, 7.125, 1.5 ],
        "texture" : "#ScarH"
      },
      "up" : {
        "uv" : [ 7.125, 8.125, 7.5, 8 ],
        "texture" : "#ScarH"
      },
      "down" : {
        "uv" : [ 7.125, 8.125, 7.5, 8.25 ],
        "texture" : "#ScarH"
      }
    }
  }, {
    "from" : [ 7.875, 9.5, 5.25 ],
    "to" : [ 8.25, 9.625, 5.375 ],
    "faces" : {
      "north" : {
        "uv" : [ 7.5, 7.375, 7.125, 7.5 ],
        "texture" : "#ScarH"
      },
      "east" : {
        "uv" : [ 7.125, 3.375, 7, 3.5 ],
        "texture" : "#ScarH"
      },
      "south" : {
        "uv" : [ 7.125, 7.25, 7.5, 7.375 ],
        "texture" : "#ScarH"
      },
      "west" : {
        "uv" : [ 7, 3.5, 7.125, 3.625 ],
        "texture" : "#ScarH"
      },
      "up" : {
        "uv" : [ 7.125, 7.625, 7.5, 7.5 ],
        "texture" : "#ScarH"
      },
      "down" : {
        "uv" : [ 7.125, 7.625, 7.5, 7.75 ],
        "texture" : "#ScarH"
      }
    }
  }, {
    "from" : [ 7.875, 9.5, 5.5 ],
    "to" : [ 8.25, 9.625, 5.625 ],
    "faces" : {
      "north" : {
        "uv" : [ 7.5, 6.875, 7.125, 7 ],
        "texture" : "#ScarH"
      },
      "east" : {
        "uv" : [ 7.125, 0, 7, 0.125 ],
        "texture" : "#ScarH"
      },
      "south" : {
        "uv" : [ 7.125, 6.75, 7.5, 6.875 ],
        "texture" : "#ScarH"
      },
      "west" : {
        "uv" : [ 7, 1, 7.125, 1.125 ],
        "texture" : "#ScarH"
      },
      "up" : {
        "uv" : [ 7.125, 7.125, 7.5, 7 ],
        "texture" : "#ScarH"
      },
      "down" : {
        "uv" : [ 7.125, 7.125, 7.5, 7.25 ],
        "texture" : "#ScarH"
      }
    }
  }, {
    "from" : [ 7.875, 9.5, 5.75 ],
    "to" : [ 8.25, 9.625, 5.875 ],
    "faces" : {
      "north" : {
        "uv" : [ 7.5, 6.375, 7.125, 6.5 ],
        "texture" : "#ScarH"
      },
      "east" : {
        "uv" : [ 7.125, 4, 7, 4.125 ],
        "texture" : "#ScarH"
      },
      "south" : {
        "uv" : [ 7.125, 6.25, 7.5, 6.375 ],
        "texture" : "#ScarH"
      },
      "west" : {
        "uv" : [ 7, 4.125, 7.125, 4.25 ],
        "texture" : "#ScarH"
      },
      "up" : {
        "uv" : [ 7.125, 6.625, 7.5, 6.5 ],
        "texture" : "#ScarH"
      },
      "down" : {
        "uv" : [ 7.125, 6.625, 7.5, 6.75 ],
        "texture" : "#ScarH"
      }
    }
  }, {
    "from" : [ 7.875, 9.5, 6 ],
    "to" : [ 8.25, 9.625, 6.125 ],
    "faces" : {
      "north" : {
        "uv" : [ 7.5, 5.875, 7.125, 6 ],
        "texture" : "#ScarH"
      },
      "east" : {
        "uv" : [ 7.625, 4.375, 7.5, 4.5 ],
        "texture" : "#ScarH"
      },
      "south" : {
        "uv" : [ 7.125, 5.75, 7.5, 5.875 ],
        "texture" : "#ScarH"
      },
      "west" : {
        "uv" : [ 7.5, 4.5, 7.625, 4.625 ],
        "texture" : "#ScarH"
      },
      "up" : {
        "uv" : [ 7.125, 6.125, 7.5, 6 ],
        "texture" : "#ScarH"
      },
      "down" : {
        "uv" : [ 7.125, 6.125, 7.5, 6.25 ],
        "texture" : "#ScarH"
      }
    }
  }, {
    "from" : [ 7.875, 9.5, 6.25 ],
    "to" : [ 8.25, 9.625, 6.375 ],
    "faces" : {
      "north" : {
        "uv" : [ 7.5, 5.375, 7.125, 5.5 ],
        "texture" : "#ScarH"
      },
      "east" : {
        "uv" : [ 7.125, 0.125, 7, 0.25 ],
        "texture" : "#ScarH"
      },
      "south" : {
        "uv" : [ 7.125, 5.25, 7.5, 5.375 ],
        "texture" : "#ScarH"
      },
      "west" : {
        "uv" : [ 7, 2, 7.125, 2.125 ],
        "texture" : "#ScarH"
      },
      "up" : {
        "uv" : [ 7.125, 5.625, 7.5, 5.5 ],
        "texture" : "#ScarH"
      },
      "down" : {
        "uv" : [ 7.125, 5.625, 7.5, 5.75 ],
        "texture" : "#ScarH"
      }
    }
  }, {
    "from" : [ 7.875, 9.5, 6.5 ],
    "to" : [ 8.25, 9.625, 6.625 ],
    "faces" : {
      "north" : {
        "uv" : [ 7.5, 4.875, 7.125, 5 ],
        "texture" : "#ScarH"
      },
      "east" : {
        "uv" : [ 16, 11.875, 15.875, 12 ],
        "texture" : "#ScarH"
      },
      "south" : {
        "uv" : [ 7.125, 4.75, 7.5, 4.875 ],
        "texture" : "#ScarH"
      },
      "west" : {
        "uv" : [ 7.5, 4, 7.625, 4.125 ],
        "texture" : "#ScarH"
      },
      "up" : {
        "uv" : [ 7.125, 5.125, 7.5, 5 ],
        "texture" : "#ScarH"
      },
      "down" : {
        "uv" : [ 7.125, 5.125, 7.5, 5.25 ],
        "texture" : "#ScarH"
      }
    }
  }, {
    "from" : [ 7.875, 9.5, 6.75 ],
    "to" : [ 8.25, 9.625, 6.875 ],
    "faces" : {
      "north" : {
        "uv" : [ 7.5, 4.375, 7.125, 4.5 ],
        "texture" : "#ScarH"
      },
      "east" : {
        "uv" : [ 7.125, 2.125, 7, 2.25 ],
        "texture" : "#ScarH"
      },
      "south" : {
        "uv" : [ 7.125, 4.25, 7.5, 4.375 ],
        "texture" : "#ScarH"
      },
      "west" : {
        "uv" : [ 7, 2.5, 7.125, 2.625 ],
        "texture" : "#ScarH"
      },
      "up" : {
        "uv" : [ 7.125, 4.625, 7.5, 4.5 ],
        "texture" : "#ScarH"
      },
      "down" : {
        "uv" : [ 7.125, 4.625, 7.5, 4.75 ],
        "texture" : "#ScarH"
      }
    }
  }, {
    "from" : [ 7.875, 9.5, 7 ],
    "to" : [ 8.25, 9.625, 7.125 ],
    "faces" : {
      "north" : {
        "uv" : [ 7.5, 3.875, 7.125, 4 ],
        "texture" : "#ScarH"
      },
      "east" : {
        "uv" : [ 15.75, 8.375, 15.625, 8.5 ],
        "texture" : "#ScarH"
      },
      "south" : {
        "uv" : [ 7.125, 3.75, 7.5, 3.875 ],
        "texture" : "#ScarH"
      },
      "west" : {
        "uv" : [ 15.5, 8.375, 15.625, 8.5 ],
        "texture" : "#ScarH"
      },
      "up" : {
        "uv" : [ 7.125, 4.125, 7.5, 4 ],
        "texture" : "#ScarH"
      },
      "down" : {
        "uv" : [ 7.125, 4.125, 7.5, 4.25 ],
        "texture" : "#ScarH"
      }
    }
  }, {
    "from" : [ 7.875, 9.5, 7.25 ],
    "to" : [ 8.25, 9.625, 7.375 ],
    "faces" : {
      "north" : {
        "uv" : [ 7.5, 3.375, 7.125, 3.5 ],
        "texture" : "#ScarH"
      },
      "east" : {
        "uv" : [ 6.75, 0, 6.625, 0.125 ],
        "texture" : "#ScarH"
      },
      "south" : {
        "uv" : [ 7.125, 3.25, 7.5, 3.375 ],
        "texture" : "#ScarH"
      },
      "west" : {
        "uv" : [ 6.5, 2, 6.625, 2.125 ],
        "texture" : "#ScarH"
      },
      "up" : {
        "uv" : [ 7.125, 3.625, 7.5, 3.5 ],
        "texture" : "#ScarH"
      },
      "down" : {
        "uv" : [ 7.125, 3.625, 7.5, 3.75 ],
        "texture" : "#ScarH"
      }
    }
  }, {
    "from" : [ 7.875, 9.5, 7.5 ],
    "to" : [ 8.25, 9.625, 7.625 ],
    "faces" : {
      "north" : {
        "uv" : [ 7.5, 2.875, 7.125, 3 ],
        "texture" : "#ScarH"
      },
      "east" : {
        "uv" : [ 7.125, 2.875, 7, 3 ],
        "texture" : "#ScarH"
      },
      "south" : {
        "uv" : [ 7.125, 2.75, 7.5, 2.875 ],
        "texture" : "#ScarH"
      },
      "west" : {
        "uv" : [ 7, 3.25, 7.125, 3.375 ],
        "texture" : "#ScarH"
      },
      "up" : {
        "uv" : [ 7.125, 3.125, 7.5, 3 ],
        "texture" : "#ScarH"
      },
      "down" : {
        "uv" : [ 7.125, 3.125, 7.5, 3.25 ],
        "texture" : "#ScarH"
      }
    }
  }, {
    "from" : [ 7.875, 9.5, 7.75 ],
    "to" : [ 8.25, 9.625, 7.875 ],
    "faces" : {
      "north" : {
        "uv" : [ 7.5, 2.375, 7.125, 2.5 ],
        "texture" : "#ScarH"
      },
      "east" : {
        "uv" : [ 7.125, 1.125, 7, 1.25 ],
        "texture" : "#ScarH"
      },
      "south" : {
        "uv" : [ 7.125, 2.25, 7.5, 2.375 ],
        "texture" : "#ScarH"
      },
      "west" : {
        "uv" : [ 7, 1.25, 7.125, 1.375 ],
        "texture" : "#ScarH"
      },
      "up" : {
        "uv" : [ 7.125, 2.625, 7.5, 2.5 ],
        "texture" : "#ScarH"
      },
      "down" : {
        "uv" : [ 7.125, 2.625, 7.5, 2.75 ],
        "texture" : "#ScarH"
      }
    }
  }, {
    "from" : [ 7.875, 9.5, 8 ],
    "to" : [ 8.25, 9.625, 8.125 ],
    "faces" : {
      "north" : {
        "uv" : [ 7.5, 1.875, 7.125, 2 ],
        "texture" : "#ScarH"
      },
      "east" : {
        "uv" : [ 7.625, 6.625, 7.5, 6.75 ],
        "texture" : "#ScarH"
      },
      "south" : {
        "uv" : [ 7.125, 1.75, 7.5, 1.875 ],
        "texture" : "#ScarH"
      },
      "west" : {
        "uv" : [ 15.75, 8.375, 15.875, 8.5 ],
        "texture" : "#ScarH"
      },
      "up" : {
        "uv" : [ 7.125, 2.125, 7.5, 2 ],
        "texture" : "#ScarH"
      },
      "down" : {
        "uv" : [ 7.125, 2.125, 7.5, 2.25 ],
        "texture" : "#ScarH"
      }
    }
  }, {
    "from" : [ 7.875, 9.5, 8.25 ],
    "to" : [ 8.25, 9.625, 8.375 ],
    "faces" : {
      "north" : {
        "uv" : [ 7.5, 1.375, 7.125, 1.5 ],
        "texture" : "#ScarH"
      },
      "east" : {
        "uv" : [ 5.375, 0.75, 5.25, 0.875 ],
        "texture" : "#ScarH"
      },
      "south" : {
        "uv" : [ 7.125, 1.25, 7.5, 1.375 ],
        "texture" : "#ScarH"
      },
      "west" : {
        "uv" : [ 5.25, 2.125, 5.375, 2.25 ],
        "texture" : "#ScarH"
      },
      "up" : {
        "uv" : [ 7.125, 1.625, 7.5, 1.5 ],
        "texture" : "#ScarH"
      },
      "down" : {
        "uv" : [ 7.125, 1.625, 7.5, 1.75 ],
        "texture" : "#ScarH"
      }
    }
  }, {
    "from" : [ 7.875, 9.5, 8.5 ],
    "to" : [ 8.25, 9.625, 8.625 ],
    "faces" : {
      "north" : {
        "uv" : [ 7.5, 0.875, 7.125, 1 ],
        "texture" : "#ScarH"
      },
      "east" : {
        "uv" : [ 7.125, 1.875, 7, 2 ],
        "texture" : "#ScarH"
      },
      "south" : {
        "uv" : [ 7.125, 0.75, 7.5, 0.875 ],
        "texture" : "#ScarH"
      },
      "west" : {
        "uv" : [ 7, 3.875, 7.125, 4 ],
        "texture" : "#ScarH"
      },
      "up" : {
        "uv" : [ 7.125, 1.125, 7.5, 1 ],
        "texture" : "#ScarH"
      },
      "down" : {
        "uv" : [ 7.125, 1.125, 7.5, 1.25 ],
        "texture" : "#ScarH"
      }
    }
  }, {
    "from" : [ 7.875, 9.5, 8.75 ],
    "to" : [ 8.25, 9.625, 8.875 ],
    "faces" : {
      "north" : {
        "uv" : [ 7.5, 0.375, 7.125, 0.5 ],
        "texture" : "#ScarH"
      },
      "east" : {
        "uv" : [ 7.125, 2.625, 7, 2.75 ],
        "texture" : "#ScarH"
      },
      "south" : {
        "uv" : [ 7.125, 0.25, 7.5, 0.375 ],
        "texture" : "#ScarH"
      },
      "west" : {
        "uv" : [ 7, 2.75, 7.125, 2.875 ],
        "texture" : "#ScarH"
      },
      "up" : {
        "uv" : [ 7.125, 0.625, 7.5, 0.5 ],
        "texture" : "#ScarH"
      },
      "down" : {
        "uv" : [ 7.125, 0.625, 7.5, 0.75 ],
        "texture" : "#ScarH"
      }
    }
  }, {
    "from" : [ 7.875, 9.5, 9 ],
    "to" : [ 8.25, 9.625, 9.125 ],
    "faces" : {
      "north" : {
        "uv" : [ 7.875, 8.375, 7.5, 8.5 ],
        "texture" : "#ScarH"
      },
      "east" : {
        "uv" : [ 7.125, 0.875, 7, 1 ],
        "texture" : "#ScarH"
      },
      "south" : {
        "uv" : [ 7.875, 8.375, 8.25, 8.5 ],
        "texture" : "#ScarH"
      },
      "west" : {
        "uv" : [ 7, 1.75, 7.125, 1.875 ],
        "texture" : "#ScarH"
      },
      "up" : {
        "uv" : [ 7.125, 0.125, 7.5, 0 ],
        "texture" : "#ScarH"
      },
      "down" : {
        "uv" : [ 7.125, 0.125, 7.5, 0.25 ],
        "texture" : "#ScarH"
      }
    }
  }, {
    "from" : [ 7.875, 9.5, 9.25 ],
    "to" : [ 8.25, 9.625, 9.375 ],
    "faces" : {
      "north" : {
        "uv" : [ 9.375, 8.375, 9, 8.5 ],
        "texture" : "#ScarH"
      },
      "east" : {
        "uv" : [ 7.125, 0.5, 7, 0.625 ],
        "texture" : "#ScarH"
      },
      "south" : {
        "uv" : [ 8.25, 8.625, 8.625, 8.75 ],
        "texture" : "#ScarH"
      },
      "west" : {
        "uv" : [ 7, 0.625, 7.125, 0.75 ],
        "texture" : "#ScarH"
      },
      "up" : {
        "uv" : [ 8.625, 8.5, 9, 8.375 ],
        "texture" : "#ScarH"
      },
      "down" : {
        "uv" : [ 8.25, 8.375, 8.625, 8.5 ],
        "texture" : "#ScarH"
      }
    }
  }, {
    "from" : [ 7.875, 9.5, 9.5 ],
    "to" : [ 8.25, 9.625, 9.625 ],
    "faces" : {
      "north" : {
        "uv" : [ 10.5, 8.375, 10.125, 8.5 ],
        "texture" : "#ScarH"
      },
      "east" : {
        "uv" : [ 7.625, 6.75, 7.5, 6.875 ],
        "texture" : "#ScarH"
      },
      "south" : {
        "uv" : [ 10.5, 8.375, 10.875, 8.5 ],
        "texture" : "#ScarH"
      },
      "west" : {
        "uv" : [ 15.875, 8.375, 16, 8.5 ],
        "texture" : "#ScarH"
      },
      "up" : {
        "uv" : [ 9.75, 8.5, 10.125, 8.375 ],
        "texture" : "#ScarH"
      },
      "down" : {
        "uv" : [ 9.375, 8.375, 9.75, 8.5 ],
        "texture" : "#ScarH"
      }
    }
  }, {
    "from" : [ 7.875, 9.5, 9.75 ],
    "to" : [ 8.25, 9.625, 9.875 ],
    "faces" : {
      "north" : {
        "uv" : [ 12, 8.375, 11.625, 8.5 ],
        "texture" : "#ScarH"
      },
      "east" : {
        "uv" : [ 16, 14.625, 15.875, 14.75 ],
        "texture" : "#ScarH"
      },
      "south" : {
        "uv" : [ 12, 8.375, 12.375, 8.5 ],
        "texture" : "#ScarH"
      },
      "west" : {
        "uv" : [ 15.875, 14.75, 16, 14.875 ],
        "texture" : "#ScarH"
      },
      "up" : {
        "uv" : [ 11.25, 8.5, 11.625, 8.375 ],
        "texture" : "#ScarH"
      },
      "down" : {
        "uv" : [ 10.875, 8.375, 11.25, 8.5 ],
        "texture" : "#ScarH"
      }
    }
  }, {
    "from" : [ 7.875, 9.5, 10 ],
    "to" : [ 8.25, 9.625, 10.125 ],
    "faces" : {
      "north" : {
        "uv" : [ 13.5, 8.375, 13.125, 8.5 ],
        "texture" : "#ScarH"
      },
      "east" : {
        "uv" : [ 6.375, 0, 6.25, 0.125 ],
        "texture" : "#ScarH"
      },
      "south" : {
        "uv" : [ 13.5, 8.375, 13.875, 8.5 ],
        "texture" : "#ScarH"
      },
      "west" : {
        "uv" : [ 7.5, 3.875, 7.625, 4 ],
        "texture" : "#ScarH"
      },
      "up" : {
        "uv" : [ 12.75, 8.5, 13.125, 8.375 ],
        "texture" : "#ScarH"
      },
      "down" : {
        "uv" : [ 12.375, 8.375, 12.75, 8.5 ],
        "texture" : "#ScarH"
      }
    }
  }, {
    "from" : [ 7.875, 9.5, 10.25 ],
    "to" : [ 8.25, 9.625, 10.375 ],
    "faces" : {
      "north" : {
        "uv" : [ 15, 8.375, 14.625, 8.5 ],
        "texture" : "#ScarH"
      },
      "east" : {
        "uv" : [ 7.125, 3.625, 7, 3.75 ],
        "texture" : "#ScarH"
      },
      "south" : {
        "uv" : [ 2.375, 0, 2.75, 0.125 ],
        "texture" : "#ScarH"
      },
      "west" : {
        "uv" : [ 7, 3.75, 7.125, 3.875 ],
        "texture" : "#ScarH"
      },
      "up" : {
        "uv" : [ 14.25, 8.5, 14.625, 8.375 ],
        "texture" : "#ScarH"
      },
      "down" : {
        "uv" : [ 13.875, 8.375, 14.25, 8.5 ],
        "texture" : "#ScarH"
      }
    }
  }, {
    "from" : [ 7.875, 9.5, 10.5 ],
    "to" : [ 8.25, 9.625, 10.625 ],
    "faces" : {
      "north" : {
        "uv" : [ 11.25, 8.875, 10.875, 9 ],
        "texture" : "#ScarH"
      },
      "east" : {
        "uv" : [ 7.125, 3, 7, 3.125 ],
        "texture" : "#ScarH"
      },
      "south" : {
        "uv" : [ 15.625, 9.25, 16, 9.375 ],
        "texture" : "#ScarH"
      },
      "west" : {
        "uv" : [ 7, 3.125, 7.125, 3.25 ],
        "texture" : "#ScarH"
      },
      "up" : {
        "uv" : [ 10.875, 9.125, 11.25, 9 ],
        "texture" : "#ScarH"
      },
      "down" : {
        "uv" : [ 6.25, 4.25, 6.625, 4.375 ],
        "texture" : "#ScarH"
      }
    }
  }, {
    "from" : [ 7.875, 9.5, 10.75 ],
    "to" : [ 8.25, 9.625, 10.875 ],
    "faces" : {
      "north" : {
        "uv" : [ 13.5, 8.75, 13.125, 8.875 ],
        "texture" : "#ScarH"
      },
      "east" : {
        "uv" : [ 7.125, 2.25, 7, 2.375 ],
        "texture" : "#ScarH"
      },
      "south" : {
        "uv" : [ 13.5, 8.75, 13.875, 8.875 ],
        "texture" : "#ScarH"
      },
      "west" : {
        "uv" : [ 7, 2.375, 7.125, 2.5 ],
        "texture" : "#ScarH"
      },
      "up" : {
        "uv" : [ 12.75, 8.875, 13.125, 8.75 ],
        "texture" : "#ScarH"
      },
      "down" : {
        "uv" : [ 12.375, 8.75, 12.75, 8.875 ],
        "texture" : "#ScarH"
      }
    }
  }, {
    "from" : [ 7.875, 9.5, 11 ],
    "to" : [ 8.25, 9.625, 11.125 ],
    "faces" : {
      "north" : {
        "uv" : [ 15.75, 8.75, 15.375, 8.875 ],
        "texture" : "#ScarH"
      },
      "east" : {
        "uv" : [ 7.125, 1.5, 7, 1.625 ],
        "texture" : "#ScarH"
      },
      "west" : {
        "uv" : [ 7, 1.625, 7.125, 1.75 ],
        "texture" : "#ScarH"
      },
      "up" : {
        "uv" : [ 14.25, 8.875, 14.625, 8.75 ],
        "texture" : "#ScarH"
      },
      "down" : {
        "uv" : [ 13.875, 8.75, 14.25, 8.875 ],
        "texture" : "#ScarH"
      }
    }
  }, {
    "from" : [ 7.875, 9.625, 11.5 ],
    "to" : [ 8.25, 10, 11.75 ],
    "faces" : {
      "north" : {
        "uv" : [ 13.125, 10.625, 12.75, 11 ],
        "texture" : "#ScarH"
      },
      "east" : {
        "uv" : [ 14.875, 10.625, 14.625, 11 ],
        "texture" : "#ScarH"
      },
      "south" : {
        "uv" : [ 14.25, 10.625, 14.625, 11 ],
        "texture" : "#ScarH"
      },
      "west" : {
        "uv" : [ 11, 10.625, 11.25, 11 ],
        "texture" : "#ScarH"
      },
      "up" : {
        "uv" : [ 10.125, 9.125, 10.5, 8.875 ],
        "texture" : "#ScarH"
      }
    }
  }, {
    "from" : [ 7.875, 10, 11.5 ],
    "to" : [ 8, 10.125, 11.75 ],
    "faces" : {
      "north" : {
        "uv" : [ 7.125, 0.375, 7, 0.5 ],
        "texture" : "#ScarH"
      },
      "east" : {
        "uv" : [ 16, 8.5, 15.75, 8.625 ],
        "texture" : "#ScarH"
      },
      "south" : {
        "uv" : [ 7, 0.25, 7.125, 0.375 ],
        "texture" : "#ScarH"
      },
      "west" : {
        "uv" : [ 5.75, 0, 6, 0.125 ],
        "texture" : "#ScarH"
      },
      "up" : {
        "uv" : [ 7, 6.5, 7.125, 6.25 ],
        "texture" : "#ScarH"
      }
    }
  }, {
    "from" : [ 8, 7.5, 10.25 ],
    "to" : [ 8.125, 7.75, 10.375 ],
    "faces" : {
      "north" : {
        "uv" : [ 7.125, 6, 7, 6.25 ],
        "texture" : "#ScarH"
      },
      "east" : {
        "uv" : [ 7.125, 5.25, 7, 5.5 ],
        "texture" : "#ScarH"
      },
      "south" : {
        "uv" : [ 7, 5.75, 7.125, 6 ],
        "texture" : "#ScarH"
      },
      "west" : {
        "uv" : [ 7, 5.5, 7.125, 5.75 ],
        "texture" : "#ScarH"
      },
      "down" : {
        "uv" : [ 15.25, 8.375, 15.375, 8.5 ],
        "texture" : "#ScarH"
      }
    }
  }, {
    "from" : [ 8, 8.375, 4.625 ],
    "to" : [ 8.125, 8.5, 7.75 ],
    "faces" : {
      "north" : {
        "uv" : [ 7.625, 8, 7.5, 8.125 ],
        "texture" : "#ScarH"
      },
      "east" : {
        "uv" : [ 13.5, 14.625, 10.375, 14.75 ],
        "texture" : "#ScarH"
      },
      "west" : {
        "uv" : [ 10.375, 14.75, 13.5, 14.875 ],
        "texture" : "#ScarH"
      },
      "up" : {
        "uv" : [ 4.625, 5.625, 4.75, 2.5 ],
        "texture" : "#ScarH"
      },
      "down" : {
        "uv" : [ 4.75, 2.5, 4.875, 5.625 ],
        "texture" : "#ScarH"
      }
    }
  }, {
    "from" : [ 8, 8.875, 3.875 ],
    "to" : [ 8.125, 9, 4.625 ],
    "faces" : {
      "north" : {
        "uv" : [ 7.625, 7.25, 7.5, 7.375 ],
        "texture" : "#ScarH"
      },
      "east" : {
        "uv" : [ 7.875, 12.125, 7.125, 12.25 ],
        "texture" : "#ScarH"
      },
      "west" : {
        "uv" : [ 15.25, 9.625, 16, 9.75 ],
        "texture" : "#ScarH"
      }
    }
  }, {
    "from" : [ 8, 9.25, 4.125 ],
    "to" : [ 8.125, 10.125, 4.375 ],
    "faces" : {
      "north" : {
        "uv" : [ 6, 0.75, 5.875, 1.625 ],
        "texture" : "#ScarH"
      },
      "east" : {
        "uv" : [ 2.375, 0.875, 2.125, 1.75 ],
        "texture" : "#ScarH"
      },
      "south" : {
        "uv" : [ 5.75, 1.625, 5.875, 2.5 ],
        "texture" : "#ScarH"
      },
      "west" : {
        "uv" : [ 5.125, 1.25, 5.375, 2.125 ],
        "texture" : "#ScarH"
      },
      "up" : {
        "uv" : [ 7, 5, 7.125, 4.75 ],
        "texture" : "#ScarH"
      }
    }
  }, {
    "from" : [ 8, 9.25, 4.375 ],
    "to" : [ 8.125, 9.875, 4.5 ],
    "faces" : {
      "east" : {
        "uv" : [ 7, 5.375, 6.875, 6 ],
        "texture" : "#ScarH"
      },
      "south" : {
        "uv" : [ 6.875, 4.125, 7, 4.75 ],
        "texture" : "#ScarH"
      },
      "west" : {
        "uv" : [ 6.875, 4.75, 7, 5.375 ],
        "texture" : "#ScarH"
      },
      "up" : {
        "uv" : [ 7.5, 6, 7.625, 5.875 ],
        "texture" : "#ScarH"
      }
    }
  }, {
    "from" : [ 8, 9.375, 4.625 ],
    "to" : [ 8.125, 9.5, 11.125 ],
    "faces" : {
      "north" : {
        "uv" : [ 7.625, 5, 7.5, 5.125 ],
        "texture" : "#ScarH"
      },
      "east" : {
        "uv" : [ 11.375, 12, 4.875, 12.125 ],
        "texture" : "#ScarH"
      },
      "west" : {
        "uv" : [ 4.875, 11.875, 11.375, 12 ],
        "texture" : "#ScarH"
      },
      "up" : {
        "uv" : [ 4.625, 12.125, 4.75, 5.625 ],
        "texture" : "#ScarH"
      }
    }
  }, {
    "from" : [ 8.125, 10, 11.5 ],
    "to" : [ 8.25, 10.125, 11.75 ],
    "faces" : {
      "north" : {
        "uv" : [ 7.625, 4.25, 7.5, 4.375 ],
        "texture" : "#ScarH"
      },
      "east" : {
        "uv" : [ 6, 0.125, 5.75, 0.25 ],
        "texture" : "#ScarH"
      },
      "south" : {
        "uv" : [ 7.5, 4.125, 7.625, 4.25 ],
        "texture" : "#ScarH"
      },
      "west" : {
        "uv" : [ 15, 8.375, 15.25, 8.5 ],
        "texture" : "#ScarH"
      },
      "up" : {
        "uv" : [ 7, 4.5, 7.125, 4.25 ],
        "texture" : "#ScarH"
      }
    }
  } ],
  "display" : {
    "thirdperson_righthand" : {
      "translation" : [ 0, 0.8, -2.5 ],
      "scale" : [ 1.25, 1.25, 1.25 ]
    },
    "thirdperson_lefthand" : {
      "translation" : [ 0, 0.8, -2.5 ],
      "scale" : [ 1.25, 1.25, 1.25 ]
    },
    "firstperson_righthand" : {
      "translation" : [ -4.5, 4.3, 1 ],
      "scale" : [ 1.25, 1.25, 1.25 ],
      "rotation" : [ -4, -5, 0 ]
    },
    "firstperson_lefthand" : {
      "translation" : [ -4.5, 4.3, 1 ],
      "scale" : [ 1.25, 1.25, 1.25 ],
      "rotation" : [ -4, -5, 0 ]
    },
    "ground" : {
      "scale" : [ 1.5, 1.5, 1.5 ]
    },
    "gui" : {
      "scale" : [ 0, 1.2, 1.2 ],
      "rotation" : [ 90, 45, -90 ]
    },
    "head" : {
      "translation" : [ 0, 6.7, 0 ],
      "scale" : [ 2, 2, 2 ],
      "rotation" : [ 0, 0, 90 ]
    },
    "fixed" : {
      "scale" : [ 1.25, 1.25, 1.25 ],
      "rotation" : [ 0, 90, 0 ]
    }
  }
}
