{"textures":{"0":"modelengine:entity/awakened_shrub","particle":"#0"},"elements":[{"from":[-1.0606604,7.1461964,10.75],"to":[2.9393396,15.146196,10.75],"faces":{"south":{"uv":[7.5,8.75,6.5,10.75],"tintindex":0,"rotation":0,"texture":"#0"},"north":{"uv":[6.5,8.75,7.5,10.75],"tintindex":0,"rotation":0,"texture":"#0"}},"rotation":{"origin":[1.4393396,11.146196,10.75],"angle":45.0,"axis":"y"}},{"from":[-1.0606604,7.1461964,5.75],"to":[2.9393396,15.146196,5.75],"faces":{"south":{"uv":[7.5,8.75,6.5,10.75],"tintindex":0,"rotation":0,"texture":"#0"},"north":{"uv":[6.5,8.75,7.5,10.75],"tintindex":0,"rotation":0,"texture":"#0"}},"rotation":{"origin":[1.4393396,11.146196,5.75],"angle":45.0,"axis":"y"}},{"from":[2.5,14.707857,5.75],"to":[13.5,18.707857,5.75],"faces":{"south":{"uv":[11.25,1.75,8.5,2.75],"tintindex":0,"rotation":0,"texture":"#0"},"north":{"uv":[8.5,1.75,11.25,2.75],"tintindex":0,"rotation":0,"texture":"#0"}},"rotation":{"origin":[8.0,16.207857,5.75],"angle":45.0,"axis":"x"}},{"from":[2.5,14.707857,10.75],"to":[13.5,18.707857,10.75],"faces":{"south":{"uv":[11.25,1.75,8.5,2.75],"tintindex":0,"rotation":0,"texture":"#0"},"north":{"uv":[8.5,1.75,11.25,2.75],"tintindex":0,"rotation":0,"texture":"#0"}},"rotation":{"origin":[8.0,16.207857,10.75],"angle":45.0,"axis":"x"}},{"from":[3.5,8.146196,3.6893396],"to":[12.5,14.146196,12.689341],"faces":{"east":{"uv":[8.0,7.0,10.25,8.5],"tintindex":0,"rotation":0,"texture":"#0"},"south":{"uv":[0.0,8.25,2.25,9.75],"tintindex":0,"rotation":0,"texture":"#0"},"north":{"uv":[5.5,7.0,7.75,8.5],"tintindex":0,"rotation":0,"texture":"#0"},"west":{"uv":[8.5,0.0,10.75,1.5],"tintindex":0,"rotation":0,"texture":"#0"},"up":{"uv":[8.25,2.25,6.0,0.0],"tintindex":0,"rotation":0,"texture":"#0"},"down":{"uv":[8.25,2.25,6.0,0.0],"tintindex":0,"rotation":0,"texture":"#0"}}},{"from":[13.06066,7.1461964,10.75],"to":[17.060661,15.146196,10.75],"faces":{"south":{"uv":[6.5,8.75,7.5,10.75],"tintindex":0,"rotation":0,"texture":"#0"},"north":{"uv":[7.5,8.75,6.5,10.75],"tintindex":0,"rotation":0,"texture":"#0"}},"rotation":{"origin":[14.56066,11.146196,10.75],"angle":-45.0,"axis":"y"}},{"from":[2.5,7.1461964,2.68934],"to":[13.5,15.146196,13.689341],"faces":{"east":{"uv":[3.0,2.25,5.75,4.25],"tintindex":0,"rotation":0,"texture":"#0"},"south":{"uv":[3.0,4.5,5.75,6.5],"tintindex":0,"rotation":0,"texture":"#0"},"north":{"uv":[3.0,0.0,5.75,2.0],"tintindex":0,"rotation":0,"texture":"#0"},"west":{"uv":[0.0,6.0,2.75,8.0],"tintindex":0,"rotation":0,"texture":"#0"},"up":{"uv":[2.75,2.75,0.0,0.0],"tintindex":0,"rotation":0,"texture":"#0"},"down":{"uv":[2.75,3.0,0.0,5.75],"tintindex":0,"rotation":0,"texture":"#0"}}},{"from":[13.06066,7.1461964,5.75],"to":[17.060661,15.146196,5.75],"faces":{"south":{"uv":[6.5,8.75,7.5,10.75],"tintindex":0,"rotation":0,"texture":"#0"},"north":{"uv":[7.5,8.75,6.5,10.75],"tintindex":0,"rotation":0,"texture":"#0"}},"rotation":{"origin":[14.56066,11.146196,5.75],"angle":-45.0,"axis":"y"}}],"display":{"head":{"rotation":[0.0,0.0,0.0]},"firstperson_righthand":{"rotation":[0.0,0.0,0.0]},"thirdperson_lefthand":{"rotation":[0.0,-0.0,-0.0]},"firstperson_lefthand":{"rotation":[0.0,-0.0,-0.0]},"fixed":{"rotation":[0.0,0.0,0.0]},"ground":{"rotation":[0.0,0.0,0.0]},"thirdperson_righthand":{"rotation":[0.0,0.0,0.0]},"gui":{"rotation":[-150.0,-45.0,180.0]}}}