{"textures":{"0":"modelengine:entity/awakened_shrub","particle":"#0"},"elements":[{"from":[8.495456,6.0,2.4251842],"to":[8.495456,8.0,4.425184],"faces":{"east":{"uv":[12.75,0.75,12.25,1.25],"tintindex":0,"rotation":0,"texture":"#0"},"west":{"uv":[12.25,0.75,12.75,1.25],"tintindex":0,"rotation":0,"texture":"#0"}},"rotation":{"origin":[8.495456,7.0,6.925184],"angle":-22.5,"axis":"y"}},{"from":[6.4954557,6.0,2.4251842],"to":[6.4954557,8.0,4.425184],"faces":{"east":{"uv":[5.5,11.75,6.0,12.25],"tintindex":0,"rotation":0,"texture":"#0"},"west":{"uv":[6.0,11.75,5.5,12.25],"tintindex":0,"rotation":0,"texture":"#0"}},"rotation":{"origin":[8.495456,7.0,6.925184],"angle":-22.5,"axis":"y"}},{"from":[6.4954557,6.0,4.425184],"to":[10.495456,8.0,9.425184],"faces":{"east":{"uv":[4.0,11.5,2.75,12.0],"tintindex":0,"rotation":0,"texture":"#0"},"south":{"uv":[12.5,11.5,11.5,12.0],"tintindex":0,"rotation":0,"texture":"#0"},"north":{"uv":[10.0,11.0,9.0,11.5],"tintindex":0,"rotation":0,"texture":"#0"},"west":{"uv":[12.75,2.5,11.5,3.0],"tintindex":0,"rotation":0,"texture":"#0"},"up":{"uv":[5.25,11.5,6.25,10.25],"tintindex":0,"rotation":0,"texture":"#0"},"down":{"uv":[10.5,6.75,11.5,8.0],"tintindex":0,"rotation":0,"texture":"#0"}},"rotation":{"origin":[8.495456,7.0,6.925184],"angle":-22.5,"axis":"y"}},{"from":[10.495456,6.0,2.4251842],"to":[10.495456,8.0,4.425184],"faces":{"east":{"uv":[0.5,12.25,0.0,12.75],"tintindex":0,"rotation":0,"texture":"#0"},"west":{"uv":[0.0,12.25,0.5,12.75],"tintindex":0,"rotation":0,"texture":"#0"}},"rotation":{"origin":[8.495456,7.0,6.925184],"angle":-22.5,"axis":"y"}}],"display":{"head":{"rotation":[0.0,0.0,0.0]},"firstperson_righthand":{"rotation":[0.0,0.0,0.0]},"thirdperson_lefthand":{"rotation":[0.0,-0.0,-0.0]},"firstperson_lefthand":{"rotation":[0.0,-0.0,-0.0]},"fixed":{"rotation":[0.0,0.0,0.0]},"ground":{"rotation":[0.0,0.0,0.0]},"thirdperson_righthand":{"rotation":[0.0,0.0,0.0]},"gui":{"rotation":[-150.0,-45.0,180.0]}}}