{
  "model": {
      "type": "range_dispatch",
      "property": "custom_model_data",
      "fallback": {
          "type": "model",
          "model": "item/honey_bottle"
      },
      "entries": [
          {"threshold": -7,"model": {"type": "model","model": "item/iconbuy"}},
          {"threshold": -6,"model": {"type": "model", "model": "item/iconsmallgreendot"}},
          {"threshold": -5,"model": {"type": "model", "model": "item/iconsmallbluedot"}},
          {"threshold": -4,"model": {"type": "model", "model": "item/iconback"}},
          {"threshold": -3,"model": {"type": "model", "model": "item/iconredx"}},
          {"threshold": -2,"model": {"type": "model", "model": "item/iconbluecircle"}},
          {"threshold": -1,"model": {"type": "model", "model": "item/iconhighlight"}},
          {"threshold": 0,"model": {"type": "model", "model": "item/honey_bottle"}},
          {"threshold": 1,"model": {"type": "model", "model": "item/ammo"}},
          {"threshold": 2,"model": {"type": "model", "model": "item/map"}},
          {"threshold": 3,"model": {"type": "model", "model": "item/invis"}},
          {"threshold": 4,"model": {"type": "model", "model": "item/mapcenter"}},
          {"threshold": 5,"model": {"type": "model", "model": "item/mapcenternorth"}},
          {"threshold": 6,"model": {"type": "model", "model": "item/mapcentersouth"}},
          {"threshold": 7,"model": {"type": "model", "model": "item/mapair"}},
          {"threshold": 8,"model": {"type": "model", "model": "item/mapmaveth"}},
          {"threshold": 9,"model": {"type": "model", "model": "item/maptripoint"}},
          {"threshold": 10,"model": {"type": "model", "model": "item/maprez"}}
      ]
  }
}