{"textures":{"0":"modelengine:entity/mutant_flower"},"elements":[{"from":[7.014176,6.740925,9.059697],"to":[8.985825,22.51411,12.017169],"faces":{"east":{"uv":[4.3125,10.0,4.5,11.0],"tintindex":0,"rotation":0,"texture":"#0"},"south":{"uv":[3.75,10.875,3.875,11.875],"tintindex":0,"rotation":0,"texture":"#0"},"north":{"uv":[1.125,5.25,1.25,6.25],"tintindex":0,"rotation":0,"texture":"#0"},"west":{"uv":[0.625,10.1875,0.8125,11.1875],"tintindex":0,"rotation":0,"texture":"#0"},"up":{"uv":[4.8125,2.5625,4.6875,2.375],"tintindex":0,"rotation":0,"texture":"#0"},"down":{"uv":[5.0,2.375,4.875,2.5625],"tintindex":0,"rotation":0,"texture":"#0"}},"rotation":{"origin":[8.0,1.5424881,7.883998],"angle":-22.5,"axis":"x"}},{"from":[8.0,6.740925,12.017169],"to":[8.0,22.51411,17.932114],"faces":{"east":{"uv":[9.0625,4.0,9.4375,5.0],"tintindex":0,"rotation":0,"texture":"#0"},"west":{"uv":[9.3125,8.875,9.6875,9.875],"tintindex":0,"rotation":0,"texture":"#0"}},"rotation":{"origin":[8.0,1.5424881,7.883998],"angle":-22.5,"axis":"x"}}],"display":{"gui":{"rotation":[30,225,0]}}}