{"textures":{"0":"modelengine:entity/mutant_flower"},"elements":[{"from":[-2.998907,-11.175154,7.805111],"to":[28.547462,12.484623,7.805111],"faces":{"south":{"uv":[2.5625,6.9375,3.5625,7.6875],"tintindex":0,"rotation":0,"texture":"#0"},"north":{"uv":[5.125,6.9375,6.125,7.6875],"tintindex":0,"rotation":0,"texture":"#0"}},"rotation":{"origin":[-9.93972,19.148947,-9.93972],"angle":22.5,"axis":"z"}},{"from":[7.805111,-11.175154,-2.998907],"to":[7.805111,12.484623,28.547462],"faces":{"east":{"uv":[7.25,7.4375,8.25,8.1875],"tintindex":0,"rotation":0,"texture":"#0"},"west":{"uv":[6.1875,7.4375,7.1875,8.1875],"tintindex":0,"rotation":0,"texture":"#0"}},"rotation":{"origin":[-9.93972,19.148947,-9.93972],"angle":-22.5,"axis":"x"}}],"display":{"gui":{"rotation":[30,225,0]}}}