{"textures":{"0":"modelengine:entity/mutant_flower"},"elements":[{"from":[-13.69071,8.720985,-13.759861],"to":[29.685545,30.409113,29.616394],"faces":{"east":{"uv":[1.125,6.3125,2.5,7.0],"tintindex":0,"rotation":0,"texture":"#0"},"south":{"uv":[6.3125,5.875,7.6875,6.5625],"tintindex":0,"rotation":0,"texture":"#0"},"north":{"uv":[2.625,6.1875,4.0,6.875],"tintindex":0,"rotation":0,"texture":"#0"},"west":{"uv":[6.375,0.0,7.75,0.6875],"tintindex":0,"rotation":0,"texture":"#0"},"up":{"uv":[1.375,1.375,0.0,0.0],"tintindex":0,"rotation":0,"texture":"#0"},"down":{"uv":[1.375,1.4375,0.0,2.8125],"tintindex":0,"rotation":0,"texture":"#0"}}},{"from":[-11.719063,10.692633,-11.788214],"to":[27.713898,28.437466,27.644747],"faces":{"east":{"uv":[7.8125,0.0,9.0625,0.5625],"tintindex":0,"rotation":0,"texture":"#0"},"south":{"uv":[5.625,8.25,6.875,8.8125],"tintindex":0,"rotation":0,"texture":"#0"},"north":{"uv":[7.75,6.0,9.0,6.5625],"tintindex":0,"rotation":0,"texture":"#0"},"west":{"uv":[6.9375,8.25,8.1875,8.8125],"tintindex":0,"rotation":0,"texture":"#0"},"up":{"uv":[2.6875,1.25,1.4375,0.0],"tintindex":0,"rotation":0,"texture":"#0"},"down":{"uv":[2.6875,1.3125,1.4375,2.5625],"tintindex":0,"rotation":0,"texture":"#0"}}},{"from":[-8.761591,2.8060412,-7.8449173],"to":[24.756426,10.692633,25.673098],"faces":{"east":{"uv":[9.9375,6.25,11.0,6.5],"tintindex":0,"rotation":0,"texture":"#0"},"south":{"uv":[5.3125,10.0,6.375,10.25],"tintindex":0,"rotation":0,"texture":"#0"},"north":{"uv":[9.9375,5.9375,11.0,6.1875],"tintindex":0,"rotation":0,"texture":"#0"},"west":{"uv":[6.4375,10.0,7.5,10.25],"tintindex":0,"rotation":0,"texture":"#0"},"up":{"uv":[6.3125,2.1875,5.25,1.125],"tintindex":0,"rotation":0,"texture":"#0"},"down":{"uv":[6.3125,4.75,5.25,5.8125],"tintindex":0,"rotation":0,"texture":"#0"}}}],"display":{"gui":{"rotation":[30,225,0]}}}