{
    "sources": [
        {
            "type": "minecraft:directory",
            "prefix": "item/",
            "source": "item"
        },
        {
            "type": "single",
            "resource": "minecraft:gui/custom/crosshair/crossbow"
        },
        {
            "type": "single",
            "resource": "minecraft:gui/custom/crosshair/lmg"
        },
        {
            "type": "single",
            "resource": "minecraft:gui/custom/smg"
        },
        {
            "type": "single",
            "resource": "minecraft:gui/custom/crosshair/pistol"
        },
        {
            "type": "single",
            "resource": "minecraft:gui/custom/crosshair/shotgun"
        },
        {
            "type": "single",
            "resource": "minecraft:gui/custom/crosshair/smg"
        },
        {
            "type": "single",
            "resource": "minecraft:guns/satchel"
        },
        {
            "type": "single",
            "resource": "minecraft:guns/ak47"
        },
        {
            "type": "single",
            "resource": "minecraft:guns/awp"
        },
        {
            "type": "single",
            "resource": "minecraft:guns/famas"
        },
        {
            "type": "single",
            "resource": "minecraft:guns/fnfal"
        },
        {
            "type": "single",
            "resource": "minecraft:guns/glock"
        },
        {
            "type": "single",
            "resource": "minecraft:guns/m14"
        },
        {
            "type": "single",
            "resource": "minecraft:guns/m1911"
        },
        {
            "type": "single",
            "resource": "minecraft:guns/m4a1"
        },
        {
            "type": "single",
            "resource": "minecraft:guns/mac10"
        },
        {
            "type": "single",
            "resource": "minecraft:guns/mosin"
        },
        {
            "type": "single",
            "resource": "minecraft:guns/scarh"
        },
        {
            "type": "single",
            "resource": "minecraft:guns/sks"
        },
                {
            "type": "single",
            "resource": "minecraft:guns/mg34"
        },
        {
            "type": "single",
            "resource": "minecraft:guns/ump45"
        },
        {
            "type": "single",
            "resource": "minecraft:guns/barrett"
        },
        {
            "type": "single",
            "resource": "minecraft:guns/vss"
        },
        {
            "type": "single",
            "resource": "minecraft:guns/thornk"
        },
        {
            "type": "single",
            "resource": "minecraft:guns/thonal"
        },
        {
            "type": "single",
            "resource": "minecraft:guns/thorn9"
        },
        {
            "type": "single",
            "resource": "modelengine:entity/awakened_shrub"
        },
        {
            "type": "single",
            "resource": "modelengine:entity/bug_swarm"
        },
        {
            "type": "single",
            "resource": "modelengine:entity/celestial_thunderlord"
        },
        {
            "type": "single",
            "resource": "modelengine:entity/end_scuttler"
        },
        {
            "type": "single",
            "resource": "modelengine:entity/end_seeker"
        },
        {
            "type": "single",
            "resource": "modelengine:entity/ender_clam"
        },
        {
            "type": "single",
            "resource": "modelengine:entity/ender_hammerhead"
        },
        {
            "type": "single",
            "resource": "modelengine:entity/ender_ripper"
        },
        {
            "type": "single",
            "resource": "modelengine:entity/ender_slime"
        },
        {
            "type": "single",
            "resource": "modelengine:entity/ender_slime_small"
        },
        {
            "type": "single",
            "resource": "modelengine:entity/ender_witch"
        },
        {
            "type": "single",
            "resource": "modelengine:entity/explosive_seed"
        },
        {
            "type": "single",
            "resource": "modelengine:entity/flarewing_dragon"
        },
        {
            "type": "single",
            "resource": "modelengine:entity/ghoul_texture"
        },
        {
            "type": "single",
            "resource": "modelengine:entity/mutant_flower"
        },
        {
            "type": "single",
            "resource": "modelengine:entity/nightharrow_wendigo_texture"
        },
        {
            "type": "single",
            "resource": "modelengine:entity/nightharrow_wendigo_ghost_texture"
        },
        {
            "type": "single",
            "resource": "modelengine:entity/skywhisper_wyvern"
        },
        {
            "type": "single",
            "resource": "modelengine:entity/specter_texture"
        },
        {
            "type": "single",
            "resource": "modelengine:entity/terravore_drake"
        },
        {
            "type": "single",
            "resource": "modelengine:entity/thorn_spitter"
        },
        {
            "type": "single",
            "resource": "modelengine:entity/vfx_air_pulse"
        },
        {
            "type": "single",
            "resource": "modelengine:entity/vfx_dragon_totem"
        },
        {
            "type": "single",
            "resource": "modelengine:entity/vfx_ender_laser"
        },
        {
            "type": "single",
            "resource": "modelengine:entity/vfx_ender_web"
        },
        {
            "type": "single",
            "resource": "modelengine:entity/vine_guardian"
        },
        {
            "type": "single",
            "resource": "modelengine:entity/vine_root"
        },
        {
            "type": "single",
            "resource": "modelengine:entity/void_beholder"
        },
        {
            "type": "single",
            "resource": "minecraft:item/custom"
        },
        {
            "type": "single",
            "resource": "modelengine:entity/zombie_brute_texture"
        }
    ]
}