{
  "textures" : {
    "FNFAL" : "guns/fnfal"
  },
  "credit" : "Designed by Nightshade73 with Cubik Studio - https://cubik.studio",
  "elements" : [ {
    "from" : [ 7.625, 8.75, 8.25 ],
    "to" : [ 8.5, 9, 8.5 ],
    "faces" : {
      "north" : {
        "uv" : [ 14.375, 14.125, 13.5, 14.375 ],
        "texture" : "#FNFAL"
      },
      "east" : {
        "uv" : [ 13.75, 10.75, 13.5, 11 ],
        "texture" : "#FNFAL"
      },
      "south" : {
        "uv" : [ 14.375, 14.125, 15.25, 14.375 ],
        "texture" : "#FNFAL"
      },
      "west" : {
        "uv" : [ 13.25, 10.75, 13.5, 11 ],
        "texture" : "#FNFAL"
      },
      "up" : {
        "uv" : [ 6.5, 11.625, 7.375, 11.375 ],
        "texture" : "#FNFAL"
      },
      "down" : {
        "uv" : [ 13.875, 12.625, 14.75, 12.875 ],
        "texture" : "#FNFAL"
      }
    }
  }, {
    "from" : [ 7.75, 8.375, 4 ],
    "to" : [ 8.625, 8.875, 7.5 ],
    "faces" : {
      "north" : {
        "uv" : [ 15.25, 14.375, 14.375, 14.875 ],
        "texture" : "#FNFAL"
      },
      "east" : {
        "uv" : [ 7.375, 15, 3.875, 15.5 ],
        "texture" : "#FNFAL"
      },
      "south" : {
        "uv" : [ 13.5, 14.375, 14.375, 14.875 ],
        "texture" : "#FNFAL"
      },
      "west" : {
        "uv" : [ 3.875, 15.5, 7.375, 16 ],
        "texture" : "#FNFAL"
      },
      "up" : {
        "uv" : [ 0, 12.5, 0.875, 9 ],
        "texture" : "#FNFAL"
      },
      "down" : {
        "uv" : [ 0, 12.5, 0.875, 16 ],
        "texture" : "#FNFAL"
      }
    }
  }, {
    "from" : [ 7.875, 6.875, 15.5 ],
    "to" : [ 8.5, 9, 16 ],
    "faces" : {
      "north" : {
        "uv" : [ 2.875, 9.75, 2.25, 11.875 ],
        "texture" : "#FNFAL"
      },
      "east" : {
        "uv" : [ 5.625, 9.25, 5.125, 11.375 ],
        "texture" : "#FNFAL"
      },
      "south" : {
        "uv" : [ 2.875, 9.75, 3.5, 11.875 ],
        "texture" : "#FNFAL",
        "cullface" : "south"
      },
      "west" : {
        "uv" : [ 4.625, 9.25, 5.125, 11.375 ],
        "texture" : "#FNFAL"
      },
      "up" : {
        "uv" : [ 12, 12.875, 12.625, 12.375 ],
        "texture" : "#FNFAL"
      },
      "down" : {
        "uv" : [ 11.375, 12.375, 12, 12.875 ],
        "texture" : "#FNFAL"
      }
    }
  }, {
    "from" : [ 7.875, 7.125, 14.75 ],
    "to" : [ 8.5, 9, 15.5 ],
    "faces" : {
      "north" : {
        "uv" : [ 5.25, 11.375, 4.625, 13.25 ],
        "texture" : "#FNFAL"
      },
      "east" : {
        "uv" : [ 3, 11.875, 2.25, 13.75 ],
        "texture" : "#FNFAL"
      },
      "west" : {
        "uv" : [ 3, 11.875, 3.75, 13.75 ],
        "texture" : "#FNFAL"
      },
      "up" : {
        "uv" : [ 10.375, 14.875, 11, 14.125 ],
        "texture" : "#FNFAL"
      },
      "down" : {
        "uv" : [ 11, 14.125, 11.625, 14.875 ],
        "texture" : "#FNFAL"
      }
    }
  }, {
    "from" : [ 7.875, 7.25, 14.5 ],
    "to" : [ 8.5, 8.875, 14.75 ],
    "faces" : {
      "north" : {
        "uv" : [ 6.25, 8.125, 5.625, 9.75 ],
        "texture" : "#FNFAL"
      },
      "east" : {
        "uv" : [ 10.375, 9.125, 10.125, 10.75 ],
        "texture" : "#FNFAL"
      },
      "west" : {
        "uv" : [ 7.125, 11.625, 7.375, 13.25 ],
        "texture" : "#FNFAL"
      },
      "up" : {
        "uv" : [ 12.75, 12.375, 13.375, 12.125 ],
        "texture" : "#FNFAL"
      },
      "down" : {
        "uv" : [ 12.125, 12.125, 12.75, 12.375 ],
        "texture" : "#FNFAL"
      }
    }
  }, {
    "from" : [ 7.875, 7.375, 14.25 ],
    "to" : [ 8.5, 8.875, 14.5 ],
    "faces" : {
      "north" : {
        "uv" : [ 8, 12.5, 7.375, 14 ],
        "texture" : "#FNFAL"
      },
      "east" : {
        "uv" : [ 10.75, 11.375, 10.5, 12.875 ],
        "texture" : "#FNFAL"
      },
      "west" : {
        "uv" : [ 10.5, 9.875, 10.75, 11.375 ],
        "texture" : "#FNFAL"
      },
      "up" : {
        "uv" : [ 14, 12.375, 14.625, 12.125 ],
        "texture" : "#FNFAL"
      },
      "down" : {
        "uv" : [ 13.375, 12.125, 14, 12.375 ],
        "texture" : "#FNFAL"
      }
    }
  }, {
    "from" : [ 7.875, 7.5, 13.875 ],
    "to" : [ 8.5, 8.875, 14.25 ],
    "faces" : {
      "north" : {
        "uv" : [ 8, 8.25, 7.375, 9.625 ],
        "texture" : "#FNFAL"
      },
      "east" : {
        "uv" : [ 9, 8.5, 8.625, 9.875 ],
        "texture" : "#FNFAL"
      },
      "west" : {
        "uv" : [ 4.25, 8.5, 4.625, 9.875 ],
        "texture" : "#FNFAL"
      },
      "up" : {
        "uv" : [ 14.75, 16, 15.375, 15.625 ],
        "texture" : "#FNFAL"
      },
      "down" : {
        "uv" : [ 14.125, 15.625, 14.75, 16 ],
        "texture" : "#FNFAL"
      }
    }
  }, {
    "from" : [ 7.875, 7.625, 13.625 ],
    "to" : [ 8.5, 8.875, 13.875 ],
    "faces" : {
      "north" : {
        "uv" : [ 8.625, 10.625, 8, 11.875 ],
        "texture" : "#FNFAL"
      },
      "east" : {
        "uv" : [ 11.375, 11.625, 11.125, 12.875 ],
        "texture" : "#FNFAL"
      },
      "west" : {
        "uv" : [ 11.125, 10.375, 11.375, 11.625 ],
        "texture" : "#FNFAL"
      },
      "up" : {
        "uv" : [ 15.25, 12.375, 15.875, 12.125 ],
        "texture" : "#FNFAL"
      },
      "down" : {
        "uv" : [ 14.625, 12.125, 15.25, 12.375 ],
        "texture" : "#FNFAL"
      }
    }
  }, {
    "from" : [ 7.875, 7.75, 13.25 ],
    "to" : [ 8.5, 9, 13.625 ],
    "faces" : {
      "north" : {
        "uv" : [ 8.625, 13.125, 8, 14.375 ],
        "texture" : "#FNFAL"
      },
      "east" : {
        "uv" : [ 10.125, 9.125, 9.75, 10.375 ],
        "texture" : "#FNFAL"
      },
      "south" : {
        "uv" : [ 8, 11.875, 8.625, 13.125 ],
        "texture" : "#FNFAL"
      },
      "west" : {
        "uv" : [ 9.75, 10.375, 10.125, 11.625 ],
        "texture" : "#FNFAL"
      },
      "up" : {
        "uv" : [ 11.125, 13.25, 11.75, 12.875 ],
        "texture" : "#FNFAL"
      },
      "down" : {
        "uv" : [ 8, 8, 8.625, 8.375 ],
        "texture" : "#FNFAL"
      }
    }
  }, {
    "from" : [ 7.875, 7.875, 8.875 ],
    "to" : [ 8.5, 9, 10.5 ],
    "faces" : {
      "north" : {
        "uv" : [ 8.625, 9.5, 8, 10.625 ],
        "texture" : "#FNFAL"
      },
      "east" : {
        "uv" : [ 3.875, 13.75, 2.25, 14.875 ],
        "texture" : "#FNFAL"
      },
      "south" : {
        "uv" : [ 8, 8.375, 8.625, 9.5 ],
        "texture" : "#FNFAL"
      },
      "west" : {
        "uv" : [ 2.25, 14.875, 3.875, 16 ],
        "texture" : "#FNFAL"
      },
      "up" : {
        "uv" : [ 6.25, 11.375, 6.875, 9.75 ],
        "texture" : "#FNFAL"
      },
      "down" : {
        "uv" : [ 7.375, 14, 8, 15.625 ],
        "texture" : "#FNFAL"
      }
    }
  }, {
    "from" : [ 7.875, 7.875, 12.875 ],
    "to" : [ 8.5, 9, 13.25 ],
    "faces" : {
      "north" : {
        "uv" : [ 9.25, 14.25, 8.625, 15.375 ],
        "texture" : "#FNFAL"
      },
      "east" : {
        "uv" : [ 10.5, 11.875, 10.125, 13 ],
        "texture" : "#FNFAL"
      },
      "west" : {
        "uv" : [ 10.125, 13, 10.5, 14.125 ],
        "texture" : "#FNFAL"
      },
      "up" : {
        "uv" : [ 15.375, 16, 16, 15.625 ],
        "texture" : "#FNFAL"
      },
      "down" : {
        "uv" : [ 12.625, 12.5, 13.25, 12.875 ],
        "texture" : "#FNFAL"
      }
    }
  }, {
    "from" : [ 7.875, 8, 8.125 ],
    "to" : [ 8.5, 9, 8.25 ],
    "faces" : {
      "north" : {
        "uv" : [ 0.625, 8, 0, 9 ],
        "texture" : "#FNFAL"
      },
      "east" : {
        "uv" : [ 10.5, 9.75, 10.375, 10.75 ],
        "texture" : "#FNFAL"
      },
      "south" : {
        "uv" : [ 8.625, 9.875, 9.25, 10.875 ],
        "texture" : "#FNFAL"
      },
      "west" : {
        "uv" : [ 9.625, 8, 9.75, 9 ],
        "texture" : "#FNFAL"
      },
      "up" : {
        "uv" : [ 14.25, 15.125, 14.875, 15 ],
        "texture" : "#FNFAL"
      },
      "down" : {
        "uv" : [ 13.625, 15, 14.25, 15.125 ],
        "texture" : "#FNFAL"
      }
    }
  }, {
    "from" : [ 7.875, 8, 8.25 ],
    "to" : [ 8.5, 8.75, 8.875 ],
    "faces" : {
      "east" : {
        "uv" : [ 10.375, 14.125, 9.75, 14.875 ],
        "texture" : "#FNFAL"
      },
      "west" : {
        "uv" : [ 12.875, 14.125, 13.5, 14.875 ],
        "texture" : "#FNFAL"
      },
      "up" : {
        "uv" : [ 15.25, 14.875, 15.875, 14.25 ],
        "texture" : "#FNFAL"
      },
      "down" : {
        "uv" : [ 10.5, 13.5, 11.125, 14.125 ],
        "texture" : "#FNFAL"
      }
    }
  }, {
    "from" : [ 7.875, 8, 12.375 ],
    "to" : [ 8.5, 9.125, 12.875 ],
    "faces" : {
      "north" : {
        "uv" : [ 9.25, 10.875, 8.625, 12 ],
        "texture" : "#FNFAL"
      },
      "east" : {
        "uv" : [ 5.125, 8.125, 4.625, 9.25 ],
        "texture" : "#FNFAL"
      },
      "south" : {
        "uv" : [ 8.625, 12, 9.25, 13.125 ],
        "texture" : "#FNFAL"
      },
      "west" : {
        "uv" : [ 5.125, 8.125, 5.625, 9.25 ],
        "texture" : "#FNFAL"
      },
      "up" : {
        "uv" : [ 8.625, 8.5, 9.25, 8 ],
        "texture" : "#FNFAL"
      },
      "down" : {
        "uv" : [ 14.125, 13, 14.75, 13.5 ],
        "texture" : "#FNFAL"
      }
    }
  }, {
    "from" : [ 7.875, 8.125, 8 ],
    "to" : [ 8.5, 9, 8.125 ],
    "faces" : {
      "north" : {
        "uv" : [ 7, 14.125, 6.375, 15 ],
        "texture" : "#FNFAL"
      },
      "east" : {
        "uv" : [ 12.25, 8.625, 12.125, 9.5 ],
        "texture" : "#FNFAL"
      },
      "west" : {
        "uv" : [ 12.375, 10.125, 12.5, 11 ],
        "texture" : "#FNFAL"
      },
      "up" : {
        "uv" : [ 14.875, 15, 15.5, 14.875 ],
        "texture" : "#FNFAL"
      },
      "down" : {
        "uv" : [ 14.25, 14.875, 14.875, 15 ],
        "texture" : "#FNFAL"
      }
    }
  }, {
    "from" : [ 7.875, 8.125, 10.5 ],
    "to" : [ 8.5, 9, 12.375 ],
    "faces" : {
      "east" : {
        "uv" : [ 5.75, 13.25, 3.875, 14.125 ],
        "texture" : "#FNFAL"
      },
      "west" : {
        "uv" : [ 3.875, 14.125, 5.75, 15 ],
        "texture" : "#FNFAL"
      },
      "up" : {
        "uv" : [ 5.25, 13.25, 5.875, 11.375 ],
        "texture" : "#FNFAL"
      },
      "down" : {
        "uv" : [ 5.875, 11.375, 6.5, 13.25 ],
        "texture" : "#FNFAL"
      }
    }
  }, {
    "from" : [ 7.875, 8.25, 4.5 ],
    "to" : [ 8.5, 8.375, 7.5 ],
    "faces" : {
      "north" : {
        "uv" : [ 15.875, 15.125, 15.25, 15.25 ],
        "texture" : "#FNFAL"
      },
      "east" : {
        "uv" : [ 14.125, 13.25, 11.125, 13.375 ],
        "texture" : "#FNFAL"
      },
      "south" : {
        "uv" : [ 15.25, 14.125, 15.875, 14.25 ],
        "texture" : "#FNFAL"
      },
      "west" : {
        "uv" : [ 11.125, 13.375, 14.125, 13.5 ],
        "texture" : "#FNFAL"
      },
      "down" : {
        "uv" : [ 1.625, 13, 2.25, 16 ],
        "texture" : "#FNFAL"
      }
    }
  }, {
    "from" : [ 7.875, 8.375, 3.375 ],
    "to" : [ 8.5, 9, 4 ],
    "faces" : {
      "north" : {
        "uv" : [ 13.625, 13.5, 13, 14.125 ],
        "texture" : "#FNFAL"
      },
      "east" : {
        "uv" : [ 11.75, 13.5, 11.125, 14.125 ],
        "texture" : "#FNFAL"
      },
      "south" : {
        "uv" : [ 13.625, 13.5, 14.25, 14.125 ],
        "texture" : "#FNFAL"
      },
      "west" : {
        "uv" : [ 14.25, 13.5, 14.875, 14.125 ],
        "texture" : "#FNFAL"
      },
      "up" : {
        "uv" : [ 12.375, 14.125, 13, 13.5 ],
        "texture" : "#FNFAL"
      },
      "down" : {
        "uv" : [ 11.75, 13.5, 12.375, 14.125 ],
        "texture" : "#FNFAL"
      }
    }
  }, {
    "from" : [ 7.875, 8.375, 7.75 ],
    "to" : [ 8.5, 9, 8 ],
    "faces" : {
      "north" : {
        "uv" : [ 15.5, 13.5, 14.875, 14.125 ],
        "texture" : "#FNFAL"
      },
      "east" : {
        "uv" : [ 11.375, 8.375, 11.125, 9 ],
        "texture" : "#FNFAL"
      },
      "west" : {
        "uv" : [ 11.125, 9, 11.375, 9.625 ],
        "texture" : "#FNFAL"
      },
      "up" : {
        "uv" : [ 13.375, 11.875, 14, 11.625 ],
        "texture" : "#FNFAL"
      },
      "down" : {
        "uv" : [ 12.75, 11.625, 13.375, 11.875 ],
        "texture" : "#FNFAL"
      }
    }
  }, {
    "from" : [ 7.875, 8.625, 7.5 ],
    "to" : [ 8.5, 9, 7.75 ],
    "faces" : {
      "north" : {
        "uv" : [ 13.875, 12.5, 13.25, 12.875 ],
        "texture" : "#FNFAL"
      },
      "east" : {
        "uv" : [ 12.875, 8.75, 12.625, 9.125 ],
        "texture" : "#FNFAL"
      },
      "west" : {
        "uv" : [ 11.125, 8, 11.375, 8.375 ],
        "texture" : "#FNFAL"
      },
      "up" : {
        "uv" : [ 14.625, 11.875, 15.25, 11.625 ],
        "texture" : "#FNFAL"
      },
      "down" : {
        "uv" : [ 14, 11.625, 14.625, 11.875 ],
        "texture" : "#FNFAL"
      }
    }
  }, {
    "from" : [ 7.875, 8.75, 8.5 ],
    "to" : [ 8.5, 9, 8.875 ],
    "faces" : {
      "east" : {
        "uv" : [ 13.75, 11.375, 13.375, 11.625 ],
        "texture" : "#FNFAL"
      },
      "west" : {
        "uv" : [ 3.875, 8, 4.25, 8.25 ],
        "texture" : "#FNFAL"
      },
      "up" : {
        "uv" : [ 12.375, 13.25, 13, 12.875 ],
        "texture" : "#FNFAL"
      }
    }
  }, {
    "from" : [ 7.875, 8.875, 4 ],
    "to" : [ 8.5, 9, 4.25 ],
    "faces" : {
      "east" : {
        "uv" : [ 14.875, 10, 14.625, 10.125 ],
        "texture" : "#FNFAL"
      },
      "south" : {
        "uv" : [ 14.75, 12.875, 15.375, 13 ],
        "texture" : "#FNFAL"
      },
      "west" : {
        "uv" : [ 15.125, 10, 15.375, 10.125 ],
        "texture" : "#FNFAL"
      },
      "up" : {
        "uv" : [ 14, 12.125, 14.625, 11.875 ],
        "texture" : "#FNFAL"
      }
    }
  }, {
    "from" : [ 7.875, 8.875, 4.625 ],
    "to" : [ 8.5, 9, 4.875 ],
    "faces" : {
      "north" : {
        "uv" : [ 16, 12.875, 15.375, 13 ],
        "texture" : "#FNFAL"
      },
      "east" : {
        "uv" : [ 14.375, 10, 14.125, 10.125 ],
        "texture" : "#FNFAL"
      },
      "south" : {
        "uv" : [ 12.625, 12.375, 13.25, 12.5 ],
        "texture" : "#FNFAL"
      },
      "west" : {
        "uv" : [ 14.375, 10, 14.625, 10.125 ],
        "texture" : "#FNFAL"
      },
      "up" : {
        "uv" : [ 7.375, 8.25, 8, 8 ],
        "texture" : "#FNFAL"
      }
    }
  }, {
    "from" : [ 7.875, 8.875, 5.25 ],
    "to" : [ 8.5, 9, 5.5 ],
    "faces" : {
      "north" : {
        "uv" : [ 13.875, 12.375, 13.25, 12.5 ],
        "texture" : "#FNFAL"
      },
      "east" : {
        "uv" : [ 16, 10.125, 15.75, 10.25 ],
        "texture" : "#FNFAL"
      },
      "south" : {
        "uv" : [ 13, 11, 13.625, 11.125 ],
        "texture" : "#FNFAL"
      },
      "west" : {
        "uv" : [ 13.5, 8, 13.75, 8.125 ],
        "texture" : "#FNFAL"
      },
      "up" : {
        "uv" : [ 12.125, 11.625, 12.75, 11.375 ],
        "texture" : "#FNFAL"
      }
    }
  }, {
    "from" : [ 7.875, 8.875, 5.875 ],
    "to" : [ 8.5, 9, 7.5 ],
    "faces" : {
      "north" : {
        "uv" : [ 2.25, 8, 1.625, 8.125 ],
        "texture" : "#FNFAL"
      },
      "east" : {
        "uv" : [ 15.25, 15.25, 13.625, 15.375 ],
        "texture" : "#FNFAL"
      },
      "west" : {
        "uv" : [ 13.625, 15.125, 15.25, 15.25 ],
        "texture" : "#FNFAL"
      },
      "up" : {
        "uv" : [ 5.625, 11.375, 6.25, 9.75 ],
        "texture" : "#FNFAL"
      }
    }
  }, {
    "from" : [ 7.875, 9, 12 ],
    "to" : [ 8.5, 9.5, 12.25 ],
    "faces" : {
      "north" : {
        "uv" : [ 15.375, 13, 14.75, 13.5 ],
        "texture" : "#FNFAL"
      },
      "east" : {
        "uv" : [ 12.375, 9.5, 12.125, 10 ],
        "texture" : "#FNFAL"
      },
      "south" : {
        "uv" : [ 15.375, 13, 16, 13.5 ],
        "texture" : "#FNFAL"
      },
      "west" : {
        "uv" : [ 10.5, 8, 10.75, 8.5 ],
        "texture" : "#FNFAL"
      },
      "up" : {
        "uv" : [ 12.75, 12.125, 13.375, 11.875 ],
        "texture" : "#FNFAL"
      }
    }
  }, {
    "from" : [ 7.875, 9, 12.25 ],
    "to" : [ 8.5, 9.25, 12.375 ],
    "faces" : {
      "east" : {
        "uv" : [ 16, 11.875, 15.875, 12.125 ],
        "texture" : "#FNFAL"
      },
      "south" : {
        "uv" : [ 12.125, 11.625, 12.75, 11.875 ],
        "texture" : "#FNFAL"
      },
      "west" : {
        "uv" : [ 13.875, 9.25, 14, 9.5 ],
        "texture" : "#FNFAL"
      },
      "up" : {
        "uv" : [ 15.25, 15.375, 15.875, 15.25 ],
        "texture" : "#FNFAL"
      }
    }
  }, {
    "from" : [ 7.875, 9.5, 12 ],
    "to" : [ 8, 9.75, 12.25 ],
    "faces" : {
      "north" : {
        "uv" : [ 13.125, 9.5, 13, 9.75 ],
        "texture" : "#FNFAL"
      },
      "east" : {
        "uv" : [ 0.875, 8, 0.625, 8.25 ],
        "texture" : "#FNFAL"
      },
      "south" : {
        "uv" : [ 13, 9.75, 13.125, 10 ],
        "texture" : "#FNFAL"
      },
      "west" : {
        "uv" : [ 12.625, 8.25, 12.875, 8.5 ],
        "texture" : "#FNFAL"
      },
      "up" : {
        "uv" : [ 13.875, 9.75, 14, 9.5 ],
        "texture" : "#FNFAL"
      }
    }
  }, {
    "from" : [ 8, 6.25, 8.125 ],
    "to" : [ 8.375, 8, 8.875 ],
    "faces" : {
      "north" : {
        "uv" : [ 1.25, 8.125, 0.875, 9.875 ],
        "texture" : "#FNFAL"
      },
      "east" : {
        "uv" : [ 3.75, 8, 3, 9.75 ],
        "texture" : "#FNFAL"
      },
      "south" : {
        "uv" : [ 1.25, 8.125, 1.625, 9.875 ],
        "texture" : "#FNFAL"
      },
      "west" : {
        "uv" : [ 2.25, 8, 3, 9.75 ],
        "texture" : "#FNFAL"
      },
      "up" : {
        "uv" : [ 11.375, 10.875, 11.75, 10.125 ],
        "texture" : "#FNFAL"
      },
      "down" : {
        "uv" : [ 11.375, 10.875, 11.75, 11.625 ],
        "texture" : "#FNFAL"
      }
    }
  }, {
    "from" : [ 8, 6.25, 8.875 ],
    "to" : [ 8.375, 7.875, 9.375 ],
    "faces" : {
      "east" : {
        "uv" : [ 7.375, 8.125, 6.875, 9.75 ],
        "texture" : "#FNFAL"
      },
      "south" : {
        "uv" : [ 3.875, 8.25, 4.25, 9.875 ],
        "texture" : "#FNFAL"
      },
      "west" : {
        "uv" : [ 6.875, 9.75, 7.375, 11.375 ],
        "texture" : "#FNFAL"
      },
      "down" : {
        "uv" : [ 11.75, 11.125, 12.125, 11.625 ],
        "texture" : "#FNFAL"
      }
    }
  }, {
    "from" : [ 8, 6.75, 11.125 ],
    "to" : [ 8.375, 8.125, 11.375 ],
    "faces" : {
      "north" : {
        "uv" : [ 9.625, 12.625, 9.25, 14 ],
        "texture" : "#FNFAL"
      },
      "east" : {
        "uv" : [ 10.75, 8.5, 10.5, 9.875 ],
        "texture" : "#FNFAL"
      },
      "south" : {
        "uv" : [ 9.25, 14, 9.625, 15.375 ],
        "texture" : "#FNFAL"
      },
      "west" : {
        "uv" : [ 9, 8.5, 9.25, 9.875 ],
        "texture" : "#FNFAL"
      },
      "down" : {
        "uv" : [ 15.25, 11.125, 15.625, 11.375 ],
        "texture" : "#FNFAL"
      }
    }
  }, {
    "from" : [ 8, 6.75, 11.375 ],
    "to" : [ 8.375, 7.75, 11.5 ],
    "faces" : {
      "east" : {
        "uv" : [ 12.25, 10, 12.125, 11 ],
        "texture" : "#FNFAL"
      },
      "south" : {
        "uv" : [ 10.75, 11.875, 11.125, 12.875 ],
        "texture" : "#FNFAL"
      },
      "west" : {
        "uv" : [ 12.25, 10, 12.375, 11 ],
        "texture" : "#FNFAL"
      },
      "up" : {
        "uv" : [ 13.5, 8.875, 13.875, 8.75 ],
        "texture" : "#FNFAL"
      },
      "down" : {
        "uv" : [ 13.5, 8.875, 13.875, 9 ],
        "texture" : "#FNFAL"
      }
    }
  }, {
    "from" : [ 8, 6.75, 11.5 ],
    "to" : [ 8.375, 7.625, 11.625 ],
    "faces" : {
      "east" : {
        "uv" : [ 12.625, 9.625, 12.5, 10.5 ],
        "texture" : "#FNFAL"
      },
      "south" : {
        "uv" : [ 10.75, 10.125, 11.125, 11 ],
        "texture" : "#FNFAL"
      },
      "west" : {
        "uv" : [ 12.5, 10.5, 12.625, 11.375 ],
        "texture" : "#FNFAL"
      },
      "up" : {
        "uv" : [ 13.5, 8.625, 13.875, 8.5 ],
        "texture" : "#FNFAL"
      },
      "down" : {
        "uv" : [ 13.5, 8.625, 13.875, 8.75 ],
        "texture" : "#FNFAL"
      }
    }
  }, {
    "from" : [ 8, 6.75, 11.625 ],
    "to" : [ 8.375, 7.5, 11.875 ],
    "faces" : {
      "east" : {
        "uv" : [ 11.375, 9.625, 11.125, 10.375 ],
        "texture" : "#FNFAL"
      },
      "south" : {
        "uv" : [ 11.375, 11.625, 11.75, 12.375 ],
        "texture" : "#FNFAL"
      },
      "west" : {
        "uv" : [ 0.625, 8.25, 0.875, 9 ],
        "texture" : "#FNFAL"
      },
      "up" : {
        "uv" : [ 12.625, 9.625, 13, 9.375 ],
        "texture" : "#FNFAL"
      },
      "down" : {
        "uv" : [ 12.625, 9.125, 13, 9.375 ],
        "texture" : "#FNFAL"
      }
    }
  }, {
    "from" : [ 8, 6.875, 11 ],
    "to" : [ 8.375, 8.125, 11.125 ],
    "faces" : {
      "north" : {
        "uv" : [ 10.125, 12.875, 9.75, 14.125 ],
        "texture" : "#FNFAL"
      },
      "east" : {
        "uv" : [ 3.875, 8.5, 3.75, 9.75 ],
        "texture" : "#FNFAL"
      },
      "west" : {
        "uv" : [ 3.75, 12.5, 3.875, 13.75 ],
        "texture" : "#FNFAL"
      },
      "down" : {
        "uv" : [ 13.5, 9, 13.875, 9.125 ],
        "texture" : "#FNFAL"
      }
    }
  }, {
    "from" : [ 8, 6.875, 11.875 ],
    "to" : [ 8.375, 7.375, 12 ],
    "faces" : {
      "east" : {
        "uv" : [ 3.875, 12, 3.75, 12.5 ],
        "texture" : "#FNFAL"
      },
      "south" : {
        "uv" : [ 15.125, 12.375, 15.5, 12.875 ],
        "texture" : "#FNFAL"
      },
      "west" : {
        "uv" : [ 3.75, 8, 3.875, 8.5 ],
        "texture" : "#FNFAL"
      },
      "up" : {
        "uv" : [ 14.375, 11, 14.75, 10.875 ],
        "texture" : "#FNFAL"
      },
      "down" : {
        "uv" : [ 14.375, 10.75, 14.75, 10.875 ],
        "texture" : "#FNFAL"
      }
    }
  }, {
    "from" : [ 8, 7, 10.875 ],
    "to" : [ 8.375, 8.125, 11 ],
    "faces" : {
      "north" : {
        "uv" : [ 10.125, 8, 9.75, 9.125 ],
        "texture" : "#FNFAL"
      },
      "east" : {
        "uv" : [ 9.75, 10.125, 9.625, 11.25 ],
        "texture" : "#FNFAL"
      },
      "west" : {
        "uv" : [ 9.625, 9, 9.75, 10.125 ],
        "texture" : "#FNFAL"
      },
      "down" : {
        "uv" : [ 13.625, 11, 14, 11.125 ],
        "texture" : "#FNFAL"
      }
    }
  }, {
    "from" : [ 8, 7.25, 10.75 ],
    "to" : [ 8.375, 8.125, 10.875 ],
    "faces" : {
      "north" : {
        "uv" : [ 11.125, 8.375, 10.75, 9.25 ],
        "texture" : "#FNFAL"
      },
      "east" : {
        "uv" : [ 12.5, 8.625, 12.375, 9.5 ],
        "texture" : "#FNFAL"
      },
      "west" : {
        "uv" : [ 12.25, 8.625, 12.375, 9.5 ],
        "texture" : "#FNFAL"
      },
      "down" : {
        "uv" : [ 6.875, 8, 7.25, 8.125 ],
        "texture" : "#FNFAL"
      }
    }
  }, {
    "from" : [ 8, 7.375, 10.625 ],
    "to" : [ 8.375, 8.125, 10.75 ],
    "faces" : {
      "north" : {
        "uv" : [ 11.75, 8.625, 11.375, 9.375 ],
        "texture" : "#FNFAL"
      },
      "east" : {
        "uv" : [ 12.625, 8.875, 12.5, 9.625 ],
        "texture" : "#FNFAL"
      },
      "west" : {
        "uv" : [ 12.5, 8.125, 12.625, 8.875 ],
        "texture" : "#FNFAL"
      },
      "down" : {
        "uv" : [ 13.5, 8.375, 13.875, 8.5 ],
        "texture" : "#FNFAL"
      }
    }
  }, {
    "from" : [ 8, 7.5, 9.875 ],
    "to" : [ 8.375, 7.875, 10 ],
    "faces" : {
      "north" : {
        "uv" : [ 12.125, 10.25, 11.75, 10.625 ],
        "texture" : "#FNFAL"
      },
      "east" : {
        "uv" : [ 13, 8.75, 12.875, 9.125 ],
        "texture" : "#FNFAL"
      },
      "south" : {
        "uv" : [ 11.75, 9.875, 12.125, 10.25 ],
        "texture" : "#FNFAL"
      },
      "west" : {
        "uv" : [ 14, 12.875, 14.125, 13.25 ],
        "texture" : "#FNFAL"
      },
      "down" : {
        "uv" : [ 15.625, 15.5, 16, 15.625 ],
        "texture" : "#FNFAL"
      }
    }
  }, {
    "from" : [ 8, 7.5, 10 ],
    "to" : [ 8.375, 7.625, 10.625 ],
    "faces" : {
      "east" : {
        "uv" : [ 14.25, 14.875, 13.625, 15 ],
        "texture" : "#FNFAL"
      },
      "west" : {
        "uv" : [ 14.875, 15, 15.5, 15.125 ],
        "texture" : "#FNFAL"
      },
      "up" : {
        "uv" : [ 15.5, 14.125, 15.875, 13.5 ],
        "texture" : "#FNFAL"
      },
      "down" : {
        "uv" : [ 9.25, 8, 9.625, 8.625 ],
        "texture" : "#FNFAL"
      }
    }
  }, {
    "from" : [ 8, 7.625, 10.5 ],
    "to" : [ 8.375, 8.125, 10.625 ],
    "faces" : {
      "north" : {
        "uv" : [ 11.75, 8.125, 11.375, 8.625 ],
        "texture" : "#FNFAL"
      },
      "east" : {
        "uv" : [ 10.5, 9.25, 10.375, 9.75 ],
        "texture" : "#FNFAL"
      },
      "west" : {
        "uv" : [ 15.875, 14.375, 16, 14.875 ],
        "texture" : "#FNFAL"
      }
    }
  }, {
    "from" : [ 8, 8.375, 7.5 ],
    "to" : [ 8.375, 8.625, 7.75 ],
    "faces" : {
      "east" : {
        "uv" : [ 13.25, 10.75, 13, 11 ],
        "texture" : "#FNFAL"
      },
      "west" : {
        "uv" : [ 12.625, 8, 12.875, 8.25 ],
        "texture" : "#FNFAL"
      },
      "down" : {
        "uv" : [ 12.125, 8.125, 12.5, 8.375 ],
        "texture" : "#FNFAL"
      }
    }
  }, {
    "from" : [ 8, 8.5, 0 ],
    "to" : [ 8.375, 8.875, 3.375 ],
    "faces" : {
      "north" : {
        "uv" : [ 12.125, 9.5, 11.75, 9.875 ],
        "texture" : "#FNFAL",
        "cullface" : "north"
      },
      "east" : {
        "uv" : [ 10.75, 15.625, 7.375, 16 ],
        "texture" : "#FNFAL"
      },
      "west" : {
        "uv" : [ 10.75, 15.625, 14.125, 16 ],
        "texture" : "#FNFAL"
      },
      "up" : {
        "uv" : [ 4.25, 13.25, 4.625, 9.875 ],
        "texture" : "#FNFAL"
      },
      "down" : {
        "uv" : [ 3.875, 9.875, 4.25, 13.25 ],
        "texture" : "#FNFAL"
      }
    }
  }, {
    "from" : [ 8, 8.875, 4.25 ],
    "to" : [ 8.375, 9.125, 4.625 ],
    "faces" : {
      "north" : {
        "uv" : [ 13, 8.5, 12.625, 8.75 ],
        "texture" : "#FNFAL"
      },
      "east" : {
        "uv" : [ 13, 10.625, 12.625, 10.875 ],
        "texture" : "#FNFAL"
      },
      "south" : {
        "uv" : [ 15.625, 11.125, 16, 11.375 ],
        "texture" : "#FNFAL"
      },
      "west" : {
        "uv" : [ 12.625, 10.875, 13, 11.125 ],
        "texture" : "#FNFAL"
      },
      "up" : {
        "uv" : [ 11.75, 8.375, 12.125, 8 ],
        "texture" : "#FNFAL"
      }
    }
  }, {
    "from" : [ 8, 8.875, 4.875 ],
    "to" : [ 8.375, 9.125, 5.25 ],
    "faces" : {
      "north" : {
        "uv" : [ 13, 10.125, 12.625, 10.375 ],
        "texture" : "#FNFAL"
      },
      "east" : {
        "uv" : [ 14.125, 11.375, 13.75, 11.625 ],
        "texture" : "#FNFAL"
      },
      "south" : {
        "uv" : [ 12.625, 9.875, 13, 10.125 ],
        "texture" : "#FNFAL"
      },
      "west" : {
        "uv" : [ 12.625, 9.625, 13, 9.875 ],
        "texture" : "#FNFAL"
      },
      "up" : {
        "uv" : [ 11.75, 9.125, 12.125, 8.75 ],
        "texture" : "#FNFAL"
      }
    }
  }, {
    "from" : [ 8, 8.875, 5.5 ],
    "to" : [ 8.375, 9.125, 5.875 ],
    "faces" : {
      "north" : {
        "uv" : [ 14.5, 11.375, 14.125, 11.625 ],
        "texture" : "#FNFAL"
      },
      "east" : {
        "uv" : [ 15.25, 11.125, 14.875, 11.375 ],
        "texture" : "#FNFAL"
      },
      "south" : {
        "uv" : [ 14.5, 11.375, 14.875, 11.625 ],
        "texture" : "#FNFAL"
      },
      "west" : {
        "uv" : [ 14.875, 11.375, 15.25, 11.625 ],
        "texture" : "#FNFAL"
      },
      "up" : {
        "uv" : [ 13.625, 13.25, 14, 12.875 ],
        "texture" : "#FNFAL"
      }
    }
  }, {
    "from" : [ 8, 9, 3.375 ],
    "to" : [ 8.375, 9.125, 4.25 ],
    "faces" : {
      "north" : {
        "uv" : [ 14.375, 11, 14, 11.125 ],
        "texture" : "#FNFAL"
      },
      "east" : {
        "uv" : [ 15.625, 15.375, 14.75, 15.5 ],
        "texture" : "#FNFAL"
      },
      "west" : {
        "uv" : [ 14.75, 15.5, 15.625, 15.625 ],
        "texture" : "#FNFAL"
      },
      "up" : {
        "uv" : [ 7, 14.125, 7.375, 13.25 ],
        "texture" : "#FNFAL"
      },
      "down" : {
        "uv" : [ 10.75, 9.25, 11.125, 10.125 ],
        "texture" : "#FNFAL"
      }
    }
  }, {
    "from" : [ 8, 9, 4.625 ],
    "to" : [ 8.375, 9.125, 4.875 ],
    "faces" : {
      "east" : {
        "uv" : [ 14.125, 10, 13.875, 10.125 ],
        "texture" : "#FNFAL"
      },
      "west" : {
        "uv" : [ 15.75, 10.625, 16, 10.75 ],
        "texture" : "#FNFAL"
      },
      "up" : {
        "uv" : [ 14.125, 11.375, 14.5, 11.125 ],
        "texture" : "#FNFAL"
      }
    }
  }, {
    "from" : [ 8, 9, 5.25 ],
    "to" : [ 8.375, 9.125, 5.5 ],
    "faces" : {
      "east" : {
        "uv" : [ 15.125, 10, 14.875, 10.125 ],
        "texture" : "#FNFAL"
      },
      "west" : {
        "uv" : [ 15.75, 10.5, 16, 10.625 ],
        "texture" : "#FNFAL"
      },
      "up" : {
        "uv" : [ 15.625, 11.625, 16, 11.375 ],
        "texture" : "#FNFAL"
      }
    }
  }, {
    "from" : [ 8, 9, 5.875 ],
    "to" : [ 8.375, 9.125, 12 ],
    "faces" : {
      "east" : {
        "uv" : [ 14.75, 15.375, 8.625, 15.5 ],
        "texture" : "#FNFAL"
      },
      "west" : {
        "uv" : [ 8.625, 15.5, 14.75, 15.625 ],
        "texture" : "#FNFAL"
      },
      "up" : {
        "uv" : [ 0.875, 16, 1.25, 9.875 ],
        "texture" : "#FNFAL"
      },
      "down" : {
        "uv" : [ 1.25, 9.875, 1.625, 16 ],
        "texture" : "#FNFAL"
      }
    }
  }, {
    "from" : [ 8, 9.125, 7.5 ],
    "to" : [ 8.375, 9.25, 8 ],
    "faces" : {
      "north" : {
        "uv" : [ 15.5, 10.875, 15.125, 11 ],
        "texture" : "#FNFAL"
      },
      "east" : {
        "uv" : [ 5.625, 8, 5.125, 8.125 ],
        "texture" : "#FNFAL"
      },
      "south" : {
        "uv" : [ 15.125, 10.75, 15.5, 10.875 ],
        "texture" : "#FNFAL"
      },
      "west" : {
        "uv" : [ 4.625, 8, 5.125, 8.125 ],
        "texture" : "#FNFAL"
      },
      "up" : {
        "uv" : [ 11.75, 11.125, 12.125, 10.625 ],
        "texture" : "#FNFAL"
      }
    }
  }, {
    "from" : [ 8, 9.25, 8 ],
    "to" : [ 8.375, 9.375, 8.25 ],
    "faces" : {
      "north" : {
        "uv" : [ 15.875, 10.875, 15.5, 11 ],
        "texture" : "#FNFAL"
      },
      "east" : {
        "uv" : [ 13.75, 8.125, 13.5, 8.25 ],
        "texture" : "#FNFAL"
      },
      "south" : {
        "uv" : [ 15.5, 10.75, 15.875, 10.875 ],
        "texture" : "#FNFAL"
      },
      "west" : {
        "uv" : [ 13.5, 8.25, 13.75, 8.375 ],
        "texture" : "#FNFAL"
      },
      "up" : {
        "uv" : [ 15.25, 11.625, 15.625, 11.375 ],
        "texture" : "#FNFAL"
      },
      "down" : {
        "uv" : [ 12.625, 10.375, 13, 10.625 ],
        "texture" : "#FNFAL"
      }
    }
  }, {
    "from" : [ 8, 9.25, 8.375 ],
    "to" : [ 8.375, 9.375, 8.5 ],
    "faces" : {
      "north" : {
        "uv" : [ 14.25, 10.625, 13.875, 10.75 ],
        "texture" : "#FNFAL"
      },
      "east" : {
        "uv" : [ 15.625, 9.875, 15.5, 10 ],
        "texture" : "#FNFAL"
      },
      "south" : {
        "uv" : [ 14.25, 10.625, 14.625, 10.75 ],
        "texture" : "#FNFAL"
      },
      "west" : {
        "uv" : [ 14.875, 9.875, 15, 10 ],
        "texture" : "#FNFAL"
      },
      "up" : {
        "uv" : [ 13.5, 10.75, 13.875, 10.625 ],
        "texture" : "#FNFAL"
      },
      "down" : {
        "uv" : [ 13.125, 10.625, 13.5, 10.75 ],
        "texture" : "#FNFAL"
      }
    }
  }, {
    "from" : [ 8, 9.25, 8.625 ],
    "to" : [ 8.375, 9.375, 8.75 ],
    "faces" : {
      "north" : {
        "uv" : [ 15.75, 10.625, 15.375, 10.75 ],
        "texture" : "#FNFAL"
      },
      "east" : {
        "uv" : [ 16, 14.875, 15.875, 15 ],
        "texture" : "#FNFAL"
      },
      "south" : {
        "uv" : [ 13.125, 10.5, 13.5, 10.625 ],
        "texture" : "#FNFAL"
      },
      "west" : {
        "uv" : [ 15.875, 15, 16, 15.125 ],
        "texture" : "#FNFAL"
      },
      "up" : {
        "uv" : [ 15, 10.75, 15.375, 10.625 ],
        "texture" : "#FNFAL"
      },
      "down" : {
        "uv" : [ 14.625, 10.625, 15, 10.75 ],
        "texture" : "#FNFAL"
      }
    }
  }, {
    "from" : [ 8, 9.25, 8.875 ],
    "to" : [ 8.375, 9.375, 9 ],
    "faces" : {
      "north" : {
        "uv" : [ 14.625, 10.5, 14.25, 10.625 ],
        "texture" : "#FNFAL"
      },
      "east" : {
        "uv" : [ 13.875, 8.125, 13.75, 8.25 ],
        "texture" : "#FNFAL"
      },
      "south" : {
        "uv" : [ 14.625, 10.5, 15, 10.625 ],
        "texture" : "#FNFAL"
      },
      "west" : {
        "uv" : [ 13.75, 8.25, 13.875, 8.375 ],
        "texture" : "#FNFAL"
      },
      "up" : {
        "uv" : [ 13.875, 10.625, 14.25, 10.5 ],
        "texture" : "#FNFAL"
      },
      "down" : {
        "uv" : [ 13.5, 10.5, 13.875, 10.625 ],
        "texture" : "#FNFAL"
      }
    }
  }, {
    "from" : [ 8, 9.25, 9.125 ],
    "to" : [ 8.375, 9.375, 9.25 ],
    "faces" : {
      "north" : {
        "uv" : [ 15.375, 10.5, 15, 10.625 ],
        "texture" : "#FNFAL"
      },
      "east" : {
        "uv" : [ 14.375, 9.875, 14.25, 10 ],
        "texture" : "#FNFAL"
      },
      "south" : {
        "uv" : [ 15.375, 10.5, 15.75, 10.625 ],
        "texture" : "#FNFAL"
      },
      "west" : {
        "uv" : [ 15.375, 9.875, 15.5, 10 ],
        "texture" : "#FNFAL"
      },
      "up" : {
        "uv" : [ 14.625, 10.25, 15, 10.125 ],
        "texture" : "#FNFAL"
      },
      "down" : {
        "uv" : [ 14, 10.75, 14.375, 10.875 ],
        "texture" : "#FNFAL"
      }
    }
  }, {
    "from" : [ 8, 9.25, 9.375 ],
    "to" : [ 8.375, 9.375, 9.5 ],
    "faces" : {
      "north" : {
        "uv" : [ 13.5, 10.125, 13.125, 10.25 ],
        "texture" : "#FNFAL"
      },
      "east" : {
        "uv" : [ 16, 15.25, 15.875, 15.375 ],
        "texture" : "#FNFAL"
      },
      "south" : {
        "uv" : [ 13.125, 10, 13.5, 10.125 ],
        "texture" : "#FNFAL"
      },
      "west" : {
        "uv" : [ 9.5, 8.625, 9.625, 8.75 ],
        "texture" : "#FNFAL"
      },
      "up" : {
        "uv" : [ 13.125, 10.375, 13.5, 10.25 ],
        "texture" : "#FNFAL"
      },
      "down" : {
        "uv" : [ 13.125, 10.375, 13.5, 10.5 ],
        "texture" : "#FNFAL"
      }
    }
  }, {
    "from" : [ 8, 9.25, 9.625 ],
    "to" : [ 8.375, 9.375, 9.75 ],
    "faces" : {
      "north" : {
        "uv" : [ 13.5, 9.625, 13.125, 9.75 ],
        "texture" : "#FNFAL"
      },
      "east" : {
        "uv" : [ 16, 14.125, 15.875, 14.25 ],
        "texture" : "#FNFAL"
      },
      "south" : {
        "uv" : [ 13.125, 9.5, 13.5, 9.625 ],
        "texture" : "#FNFAL"
      },
      "west" : {
        "uv" : [ 15.875, 14.25, 16, 14.375 ],
        "texture" : "#FNFAL"
      },
      "up" : {
        "uv" : [ 13.125, 9.875, 13.5, 9.75 ],
        "texture" : "#FNFAL"
      },
      "down" : {
        "uv" : [ 13.125, 9.875, 13.5, 10 ],
        "texture" : "#FNFAL"
      }
    }
  }, {
    "from" : [ 8, 9.25, 9.875 ],
    "to" : [ 8.375, 9.375, 10 ],
    "faces" : {
      "north" : {
        "uv" : [ 13.5, 9.125, 13.125, 9.25 ],
        "texture" : "#FNFAL"
      },
      "east" : {
        "uv" : [ 16, 10.75, 15.875, 10.875 ],
        "texture" : "#FNFAL"
      },
      "south" : {
        "uv" : [ 13.125, 9, 13.5, 9.125 ],
        "texture" : "#FNFAL"
      },
      "west" : {
        "uv" : [ 15.875, 10.875, 16, 11 ],
        "texture" : "#FNFAL"
      },
      "up" : {
        "uv" : [ 13.125, 9.375, 13.5, 9.25 ],
        "texture" : "#FNFAL"
      },
      "down" : {
        "uv" : [ 13.125, 9.375, 13.5, 9.5 ],
        "texture" : "#FNFAL"
      }
    }
  }, {
    "from" : [ 8, 9.25, 10.125 ],
    "to" : [ 8.375, 9.375, 10.25 ],
    "faces" : {
      "north" : {
        "uv" : [ 13.5, 8.625, 13.125, 8.75 ],
        "texture" : "#FNFAL"
      },
      "east" : {
        "uv" : [ 15.75, 10, 15.625, 10.125 ],
        "texture" : "#FNFAL"
      },
      "south" : {
        "uv" : [ 13.125, 8.5, 13.5, 8.625 ],
        "texture" : "#FNFAL"
      },
      "west" : {
        "uv" : [ 15.5, 10, 15.625, 10.125 ],
        "texture" : "#FNFAL"
      },
      "up" : {
        "uv" : [ 13.125, 8.875, 13.5, 8.75 ],
        "texture" : "#FNFAL"
      },
      "down" : {
        "uv" : [ 13.125, 8.875, 13.5, 9 ],
        "texture" : "#FNFAL"
      }
    }
  }, {
    "from" : [ 8, 9.25, 10.375 ],
    "to" : [ 8.375, 9.375, 10.5 ],
    "faces" : {
      "north" : {
        "uv" : [ 13.5, 8.125, 13.125, 8.25 ],
        "texture" : "#FNFAL"
      },
      "east" : {
        "uv" : [ 14.875, 9.875, 14.75, 10 ],
        "texture" : "#FNFAL"
      },
      "south" : {
        "uv" : [ 13.125, 8, 13.5, 8.125 ],
        "texture" : "#FNFAL"
      },
      "west" : {
        "uv" : [ 14.375, 9.875, 14.5, 10 ],
        "texture" : "#FNFAL"
      },
      "up" : {
        "uv" : [ 13.125, 8.375, 13.5, 8.25 ],
        "texture" : "#FNFAL"
      },
      "down" : {
        "uv" : [ 13.125, 8.375, 13.5, 8.5 ],
        "texture" : "#FNFAL"
      }
    }
  }, {
    "from" : [ 8, 9.25, 10.625 ],
    "to" : [ 8.375, 9.375, 10.75 ],
    "faces" : {
      "north" : {
        "uv" : [ 14.625, 10.375, 14.25, 10.5 ],
        "texture" : "#FNFAL"
      },
      "east" : {
        "uv" : [ 7.375, 8, 7.25, 8.125 ],
        "texture" : "#FNFAL"
      },
      "south" : {
        "uv" : [ 14.625, 10.375, 15, 10.5 ],
        "texture" : "#FNFAL"
      },
      "west" : {
        "uv" : [ 3.75, 11.875, 3.875, 12 ],
        "texture" : "#FNFAL"
      },
      "up" : {
        "uv" : [ 13.875, 10.5, 14.25, 10.375 ],
        "texture" : "#FNFAL"
      },
      "down" : {
        "uv" : [ 13.5, 10.375, 13.875, 10.5 ],
        "texture" : "#FNFAL"
      }
    }
  }, {
    "from" : [ 8, 9.25, 10.875 ],
    "to" : [ 8.375, 9.375, 11 ],
    "faces" : {
      "north" : {
        "uv" : [ 13.875, 10.25, 13.5, 10.375 ],
        "texture" : "#FNFAL"
      },
      "east" : {
        "uv" : [ 12.5, 10, 12.375, 10.125 ],
        "texture" : "#FNFAL"
      },
      "south" : {
        "uv" : [ 13.875, 10.25, 14.25, 10.375 ],
        "texture" : "#FNFAL"
      },
      "west" : {
        "uv" : [ 15.875, 15.125, 16, 15.25 ],
        "texture" : "#FNFAL"
      },
      "up" : {
        "uv" : [ 15.375, 10.5, 15.75, 10.375 ],
        "texture" : "#FNFAL"
      },
      "down" : {
        "uv" : [ 15, 10.375, 15.375, 10.5 ],
        "texture" : "#FNFAL"
      }
    }
  }, {
    "from" : [ 8, 9.25, 11.125 ],
    "to" : [ 8.375, 9.375, 11.25 ],
    "faces" : {
      "north" : {
        "uv" : [ 15.375, 10.25, 15, 10.375 ],
        "texture" : "#FNFAL"
      },
      "east" : {
        "uv" : [ 16, 13.5, 15.875, 13.625 ],
        "texture" : "#FNFAL"
      },
      "south" : {
        "uv" : [ 15.375, 10.25, 15.75, 10.375 ],
        "texture" : "#FNFAL"
      },
      "west" : {
        "uv" : [ 10.375, 9.125, 10.5, 9.25 ],
        "texture" : "#FNFAL"
      },
      "up" : {
        "uv" : [ 14.625, 10.375, 15, 10.25 ],
        "texture" : "#FNFAL"
      },
      "down" : {
        "uv" : [ 14.25, 10.25, 14.625, 10.375 ],
        "texture" : "#FNFAL"
      }
    }
  }, {
    "from" : [ 8, 9.25, 11.375 ],
    "to" : [ 8.375, 9.375, 11.5 ],
    "faces" : {
      "north" : {
        "uv" : [ 14.625, 10.125, 14.25, 10.25 ],
        "texture" : "#FNFAL"
      },
      "east" : {
        "uv" : [ 16, 11, 15.875, 11.125 ],
        "texture" : "#FNFAL"
      },
      "south" : {
        "uv" : [ 13.5, 9.25, 13.875, 9.375 ],
        "texture" : "#FNFAL"
      },
      "west" : {
        "uv" : [ 12.5, 8, 12.625, 8.125 ],
        "texture" : "#FNFAL"
      },
      "up" : {
        "uv" : [ 13.875, 10.25, 14.25, 10.125 ],
        "texture" : "#FNFAL"
      },
      "down" : {
        "uv" : [ 13.5, 10.125, 13.875, 10.25 ],
        "texture" : "#FNFAL"
      }
    }
  }, {
    "from" : [ 8, 9.25, 11.625 ],
    "to" : [ 8.375, 9.375, 11.75 ],
    "faces" : {
      "north" : {
        "uv" : [ 13.875, 10, 13.5, 10.125 ],
        "texture" : "#FNFAL"
      },
      "east" : {
        "uv" : [ 15.5, 10, 15.375, 10.125 ],
        "texture" : "#FNFAL"
      },
      "south" : {
        "uv" : [ 13.5, 9.875, 13.875, 10 ],
        "texture" : "#FNFAL"
      },
      "west" : {
        "uv" : [ 13.75, 8, 13.875, 8.125 ],
        "texture" : "#FNFAL"
      },
      "up" : {
        "uv" : [ 15.375, 10.25, 15.75, 10.125 ],
        "texture" : "#FNFAL"
      },
      "down" : {
        "uv" : [ 15, 10.125, 15.375, 10.25 ],
        "texture" : "#FNFAL"
      }
    }
  }, {
    "from" : [ 8, 9.25, 11.875 ],
    "to" : [ 8.375, 9.375, 12 ],
    "faces" : {
      "north" : {
        "uv" : [ 13.875, 9.5, 13.5, 9.625 ],
        "texture" : "#FNFAL"
      },
      "east" : {
        "uv" : [ 16, 10, 15.875, 10.125 ],
        "texture" : "#FNFAL"
      },
      "west" : {
        "uv" : [ 15.75, 10, 15.875, 10.125 ],
        "texture" : "#FNFAL"
      },
      "up" : {
        "uv" : [ 13.5, 9.75, 13.875, 9.625 ],
        "texture" : "#FNFAL"
      },
      "down" : {
        "uv" : [ 13.5, 9.75, 13.875, 9.875 ],
        "texture" : "#FNFAL"
      }
    }
  }, {
    "from" : [ 8.125, 7.625, 10.375 ],
    "to" : [ 8.25, 7.875, 10.5 ],
    "faces" : {
      "north" : {
        "uv" : [ 13, 8, 12.875, 8.25 ],
        "texture" : "#FNFAL"
      },
      "east" : {
        "uv" : [ 13.125, 9.25, 13, 9.5 ],
        "texture" : "#FNFAL"
      },
      "west" : {
        "uv" : [ 13.875, 9, 14, 9.25 ],
        "texture" : "#FNFAL"
      }
    }
  }, {
    "from" : [ 8.125, 8.25, 7.5 ],
    "to" : [ 8.25, 8.375, 7.75 ],
    "faces" : {
      "east" : {
        "uv" : [ 16, 10.25, 15.75, 10.375 ],
        "texture" : "#FNFAL"
      },
      "south" : {
        "uv" : [ 14.5, 9.875, 14.625, 10 ],
        "texture" : "#FNFAL"
      },
      "west" : {
        "uv" : [ 15.75, 10.375, 16, 10.5 ],
        "texture" : "#FNFAL"
      },
      "down" : {
        "uv" : [ 13, 9, 13.125, 9.25 ],
        "texture" : "#FNFAL"
      }
    }
  }, {
    "from" : [ 8.125, 9.125, 3.375 ],
    "to" : [ 8.25, 9.625, 3.5 ],
    "faces" : {
      "north" : {
        "uv" : [ 16, 13.625, 15.875, 14.125 ],
        "texture" : "#FNFAL"
      },
      "east" : {
        "uv" : [ 13.125, 10.25, 13, 10.75 ],
        "texture" : "#FNFAL"
      },
      "south" : {
        "uv" : [ 15.875, 12.375, 16, 12.875 ],
        "texture" : "#FNFAL"
      },
      "west" : {
        "uv" : [ 12.375, 9.5, 12.5, 10 ],
        "texture" : "#FNFAL"
      },
      "up" : {
        "uv" : [ 15.125, 10, 15.25, 9.875 ],
        "texture" : "#FNFAL"
      }
    }
  }, {
    "from" : [ 8.125, 9.125, 3.5 ],
    "to" : [ 8.25, 9.375, 3.625 ],
    "faces" : {
      "east" : {
        "uv" : [ 14, 9.75, 13.875, 10 ],
        "texture" : "#FNFAL"
      },
      "south" : {
        "uv" : [ 13, 8.25, 13.125, 8.5 ],
        "texture" : "#FNFAL"
      },
      "west" : {
        "uv" : [ 13, 8, 13.125, 8.25 ],
        "texture" : "#FNFAL"
      },
      "up" : {
        "uv" : [ 14, 10, 14.125, 9.875 ],
        "texture" : "#FNFAL"
      }
    }
  }, {
    "from" : [ 8.125, 9.125, 3.625 ],
    "to" : [ 8.25, 9.25, 7.5 ],
    "faces" : {
      "east" : {
        "uv" : [ 13.625, 14.875, 9.75, 15 ],
        "texture" : "#FNFAL"
      },
      "west" : {
        "uv" : [ 9.75, 15, 13.625, 15.125 ],
        "texture" : "#FNFAL"
      },
      "up" : {
        "uv" : [ 9.5, 12.625, 9.625, 8.75 ],
        "texture" : "#FNFAL"
      },
      "down" : {
        "uv" : [ 9.625, 11.25, 9.75, 15.125 ],
        "texture" : "#FNFAL"
      }
    }
  }, {
    "from" : [ 8.125, 9.125, 8 ],
    "to" : [ 8.25, 9.25, 12 ],
    "faces" : {
      "east" : {
        "uv" : [ 13.625, 15.125, 9.625, 15.25 ],
        "texture" : "#FNFAL"
      },
      "west" : {
        "uv" : [ 9.625, 15.25, 13.625, 15.375 ],
        "texture" : "#FNFAL"
      },
      "up" : {
        "uv" : [ 9.375, 12.625, 9.5, 8.625 ],
        "texture" : "#FNFAL"
      }
    }
  }, {
    "from" : [ 8.375, 9.5, 12 ],
    "to" : [ 8.5, 9.75, 12.25 ],
    "faces" : {
      "north" : {
        "uv" : [ 16, 11.625, 15.875, 11.875 ],
        "texture" : "#FNFAL"
      },
      "east" : {
        "uv" : [ 14.75, 12.375, 14.5, 12.625 ],
        "texture" : "#FNFAL"
      },
      "south" : {
        "uv" : [ 12.875, 8.25, 13, 8.5 ],
        "texture" : "#FNFAL"
      },
      "west" : {
        "uv" : [ 13.75, 10.75, 14, 11 ],
        "texture" : "#FNFAL"
      },
      "up" : {
        "uv" : [ 13.875, 8.75, 14, 8.5 ],
        "texture" : "#FNFAL"
      }
    }
  } ],
  "display" : {
    "thirdperson_righthand" : {
      "translation" : [ 0, 0.35, -2.7 ],
      "scale" : [ 1.3, 1.3, 1.3 ]
    },
    "thirdperson_lefthand" : {
      "translation" : [ 0, 0.35, -2.7 ],
      "scale" : [ 1.3, 1.3, 1.3 ]
    },
    "firstperson_righthand" : {
      "translation" : [ -4.5, 4.3, 1 ],
      "scale" : [ 1.3, 1.3, 1.3 ],
      "rotation" : [ -4, -5, 0 ]
    },
    "firstperson_lefthand" : {
      "translation" : [ -4.5, 4.3, 1 ],
      "scale" : [ 1.3, 1.3, 1.3 ],
      "rotation" : [ -4, -5, 0 ]
    },
    "ground" : {
      "scale" : [ 1.7, 1.7, 1.7 ]
    },
    "gui" : {
      "scale" : [ 0, 1.25, 1.25 ],
      "rotation" : [ 90, 45, -90 ]
    },
    "head" : {
      "translation" : [ 0, 6.7, 0 ],
      "scale" : [ 2, 2, 2 ],
      "rotation" : [ 0, 0, 90 ]
    },
    "fixed" : {
      "scale" : [ 1.2, 1.2, 1.2 ],
      "rotation" : [ 0, 90, 0 ]
    }
  }
}
