{
  "textures" : {
    "M4A1" : "guns/m4a1"
  },
  "credit" : "Designed by Nightshade73 with Cubik Studio - https://cubik.studio",
  "elements" : [ {
    "from" : [ 7.5, 9.25, 11.875 ],
    "to" : [ 8.625, 9.5, 12.25 ],
    "faces" : {
      "north" : {
        "uv" : [ 16, 12, 14.875, 12.25 ],
        "texture" : "#M4A1"
      },
      "east" : {
        "uv" : [ 11.75, 10.5, 11.375, 10.75 ],
        "texture" : "#M4A1"
      },
      "south" : {
        "uv" : [ 14.875, 12.25, 16, 12.5 ],
        "texture" : "#M4A1"
      },
      "west" : {
        "uv" : [ 11.75, 10.5, 12.125, 10.75 ],
        "texture" : "#M4A1"
      },
      "up" : {
        "uv" : [ 14.875, 13.875, 16, 13.5 ],
        "texture" : "#M4A1"
      },
      "down" : {
        "uv" : [ 14.875, 13.125, 16, 13.5 ],
        "texture" : "#M4A1"
      }
    }
  }, {
    "from" : [ 7.625, 8.5, 4.75 ],
    "to" : [ 8.5, 9.375, 8 ],
    "faces" : {
      "north" : {
        "uv" : [ 0.875, 0, 0, 0.875 ],
        "texture" : "#M4A1"
      },
      "east" : {
        "uv" : [ 7.375, 15.125, 4.125, 16 ],
        "texture" : "#M4A1"
      },
      "south" : {
        "uv" : [ 12.375, 15.125, 13.25, 16 ],
        "texture" : "#M4A1"
      },
      "west" : {
        "uv" : [ 0.875, 15.125, 4.125, 16 ],
        "texture" : "#M4A1"
      },
      "up" : {
        "uv" : [ 0, 12.75, 0.875, 9.5 ],
        "texture" : "#M4A1"
      },
      "down" : {
        "uv" : [ 0, 12.75, 0.875, 16 ],
        "texture" : "#M4A1"
      }
    }
  }, {
    "from" : [ 7.75, 6.125, 11.875 ],
    "to" : [ 8.375, 7.625, 12 ],
    "faces" : {
      "north" : {
        "uv" : [ 6.625, 13.25, 6, 14.75 ],
        "texture" : "#M4A1"
      },
      "east" : {
        "uv" : [ 5.125, 4.875, 5, 6.375 ],
        "texture" : "#M4A1"
      },
      "south" : {
        "uv" : [ 2.375, 0, 3, 1.5 ],
        "texture" : "#M4A1"
      },
      "west" : {
        "uv" : [ 5.125, 7, 5.25, 8.5 ],
        "texture" : "#M4A1"
      },
      "up" : {
        "uv" : [ 15.125, 11, 15.75, 10.875 ],
        "texture" : "#M4A1"
      },
      "down" : {
        "uv" : [ 12.5, 10.75, 13.125, 10.875 ],
        "texture" : "#M4A1"
      }
    }
  }, {
    "from" : [ 7.75, 6.125, 12 ],
    "to" : [ 8.375, 7.5, 12.125 ],
    "faces" : {
      "east" : {
        "uv" : [ 5.125, 3.5, 5, 4.875 ],
        "texture" : "#M4A1"
      },
      "south" : {
        "uv" : [ 7.25, 13.375, 7.875, 14.75 ],
        "texture" : "#M4A1"
      },
      "west" : {
        "uv" : [ 5.125, 5, 5.25, 6.375 ],
        "texture" : "#M4A1"
      },
      "up" : {
        "uv" : [ 13.875, 11, 14.5, 10.875 ],
        "texture" : "#M4A1"
      },
      "down" : {
        "uv" : [ 14.5, 10.875, 15.125, 11 ],
        "texture" : "#M4A1"
      }
    }
  }, {
    "from" : [ 7.75, 6.125, 12.125 ],
    "to" : [ 8.375, 7.375, 12.25 ],
    "faces" : {
      "east" : {
        "uv" : [ 2.375, 3, 2.25, 4.25 ],
        "texture" : "#M4A1"
      },
      "south" : {
        "uv" : [ 8.5, 13.5, 9.125, 14.75 ],
        "texture" : "#M4A1"
      },
      "west" : {
        "uv" : [ 4.875, 0, 5, 1.25 ],
        "texture" : "#M4A1"
      },
      "up" : {
        "uv" : [ 13.125, 10.875, 13.75, 10.75 ],
        "texture" : "#M4A1"
      },
      "down" : {
        "uv" : [ 15.25, 11, 15.875, 11.125 ],
        "texture" : "#M4A1"
      }
    }
  }, {
    "from" : [ 7.75, 6.125, 12.25 ],
    "to" : [ 8.375, 7.125, 12.375 ],
    "faces" : {
      "east" : {
        "uv" : [ 5.5, 3.875, 5.375, 4.875 ],
        "texture" : "#M4A1"
      },
      "south" : {
        "uv" : [ 10.375, 13.75, 11, 14.75 ],
        "texture" : "#M4A1"
      },
      "west" : {
        "uv" : [ 5.5, 3.875, 5.625, 4.875 ],
        "texture" : "#M4A1"
      },
      "up" : {
        "uv" : [ 15.375, 12.625, 16, 12.5 ],
        "texture" : "#M4A1"
      },
      "down" : {
        "uv" : [ 15.25, 11.125, 15.875, 11.25 ],
        "texture" : "#M4A1"
      }
    }
  }, {
    "from" : [ 7.75, 6.125, 12.375 ],
    "to" : [ 8.375, 7, 12.5 ],
    "faces" : {
      "east" : {
        "uv" : [ 5.375, 1.375, 5.25, 2.25 ],
        "texture" : "#M4A1"
      },
      "south" : {
        "uv" : [ 4, 0.25, 4.625, 1.125 ],
        "texture" : "#M4A1"
      },
      "west" : {
        "uv" : [ 9.75, 11.25, 9.875, 12.125 ],
        "texture" : "#M4A1"
      },
      "up" : {
        "uv" : [ 3.375, 0.125, 4, 0 ],
        "texture" : "#M4A1"
      },
      "down" : {
        "uv" : [ 6.5, 11.25, 7.125, 11.375 ],
        "texture" : "#M4A1"
      }
    }
  }, {
    "from" : [ 7.75, 6.125, 12.5 ],
    "to" : [ 8.375, 6.75, 12.625 ],
    "faces" : {
      "east" : {
        "uv" : [ 5.25, 6.375, 5.125, 7 ],
        "texture" : "#M4A1"
      },
      "south" : {
        "uv" : [ 10.625, 12.375, 11.25, 13 ],
        "texture" : "#M4A1"
      },
      "west" : {
        "uv" : [ 13.375, 11.25, 13.5, 11.875 ],
        "texture" : "#M4A1"
      },
      "up" : {
        "uv" : [ 6, 13.25, 6.625, 13.125 ],
        "texture" : "#M4A1"
      },
      "down" : {
        "uv" : [ 8.5, 13.125, 9.125, 13.25 ],
        "texture" : "#M4A1"
      }
    }
  }, {
    "from" : [ 7.75, 6.125, 12.625 ],
    "to" : [ 8.375, 6.625, 12.75 ],
    "faces" : {
      "east" : {
        "uv" : [ 5.625, 3.25, 5.5, 3.75 ],
        "texture" : "#M4A1"
      },
      "south" : {
        "uv" : [ 10.625, 11.25, 11.25, 11.75 ],
        "texture" : "#M4A1"
      },
      "west" : {
        "uv" : [ 5.5, 2.75, 5.625, 3.25 ],
        "texture" : "#M4A1"
      },
      "up" : {
        "uv" : [ 7.5, 10.5, 8.125, 10.375 ],
        "texture" : "#M4A1"
      },
      "down" : {
        "uv" : [ 8.125, 10.375, 8.75, 10.5 ],
        "texture" : "#M4A1"
      }
    }
  }, {
    "from" : [ 7.75, 6.375, 11.625 ],
    "to" : [ 8.375, 9.5, 11.875 ],
    "faces" : {
      "north" : {
        "uv" : [ 1.5, 2.375, 0.875, 5.5 ],
        "texture" : "#M4A1"
      },
      "east" : {
        "uv" : [ 0.875, 3.125, 0.625, 6.25 ],
        "texture" : "#M4A1"
      },
      "south" : {
        "uv" : [ 0.875, 5.5, 1.5, 8.625 ],
        "texture" : "#M4A1"
      },
      "west" : {
        "uv" : [ 0.625, 6.375, 0.875, 9.5 ],
        "texture" : "#M4A1"
      },
      "up" : {
        "uv" : [ 7.25, 13.375, 7.875, 13.125 ],
        "texture" : "#M4A1"
      },
      "down" : {
        "uv" : [ 6.625, 13.125, 7.25, 13.375 ],
        "texture" : "#M4A1"
      }
    }
  }, {
    "from" : [ 7.75, 6.75, 11.5 ],
    "to" : [ 8.375, 9.5, 11.625 ],
    "faces" : {
      "north" : {
        "uv" : [ 2.125, 7.5, 1.5, 10.25 ],
        "texture" : "#M4A1"
      },
      "east" : {
        "uv" : [ 4.75, 4.875, 4.625, 7.625 ],
        "texture" : "#M4A1"
      },
      "west" : {
        "uv" : [ 4.75, 5.25, 4.875, 8 ],
        "texture" : "#M4A1"
      },
      "up" : {
        "uv" : [ 14.25, 10.625, 14.875, 10.5 ],
        "texture" : "#M4A1"
      },
      "down" : {
        "uv" : [ 6.875, 10.375, 7.5, 10.5 ],
        "texture" : "#M4A1"
      }
    }
  }, {
    "from" : [ 7.75, 6.75, 15.875 ],
    "to" : [ 8.375, 9.125, 16 ],
    "faces" : {
      "north" : {
        "uv" : [ 1.5, 0, 0.875, 2.375 ],
        "texture" : "#M4A1"
      },
      "east" : {
        "uv" : [ 5, 3.625, 4.875, 6 ],
        "texture" : "#M4A1"
      },
      "south" : {
        "uv" : [ 2.375, 9.875, 3, 12.25 ],
        "texture" : "#M4A1",
        "cullface" : "south"
      },
      "west" : {
        "uv" : [ 4.875, 1.25, 5, 3.625 ],
        "texture" : "#M4A1"
      },
      "up" : {
        "uv" : [ 14.875, 10.625, 15.5, 10.5 ],
        "texture" : "#M4A1"
      },
      "down" : {
        "uv" : [ 5.625, 10.375, 6.25, 10.5 ],
        "texture" : "#M4A1"
      }
    }
  }, {
    "from" : [ 7.75, 7.125, 11.375 ],
    "to" : [ 8.375, 9.5, 11.5 ],
    "faces" : {
      "north" : {
        "uv" : [ 3, 7.5, 2.375, 9.875 ],
        "texture" : "#M4A1"
      },
      "east" : {
        "uv" : [ 5, 6, 4.875, 8.375 ],
        "texture" : "#M4A1"
      },
      "west" : {
        "uv" : [ 4.875, 8.375, 5, 10.75 ],
        "texture" : "#M4A1"
      },
      "up" : {
        "uv" : [ 14.25, 10.75, 14.875, 10.625 ],
        "texture" : "#M4A1"
      },
      "down" : {
        "uv" : [ 14.875, 10.625, 15.5, 10.75 ],
        "texture" : "#M4A1"
      }
    }
  }, {
    "from" : [ 7.75, 7.375, 8.5 ],
    "to" : [ 8.375, 9.5, 8.625 ],
    "faces" : {
      "north" : {
        "uv" : [ 4, 0.375, 3.375, 2.5 ],
        "texture" : "#M4A1"
      },
      "east" : {
        "uv" : [ 5.125, 6.375, 5, 8.5 ],
        "texture" : "#M4A1"
      },
      "south" : {
        "uv" : [ 3.375, 2.5, 4, 4.625 ],
        "texture" : "#M4A1"
      },
      "west" : {
        "uv" : [ 4.625, 0, 4.75, 2.125 ],
        "texture" : "#M4A1"
      },
      "up" : {
        "uv" : [ 13.625, 10.75, 14.25, 10.625 ],
        "texture" : "#M4A1"
      },
      "down" : {
        "uv" : [ 13.625, 10.5, 14.25, 10.625 ],
        "texture" : "#M4A1"
      }
    }
  }, {
    "from" : [ 7.75, 7.375, 9.25 ],
    "to" : [ 8.375, 9.5, 10.125 ],
    "faces" : {
      "north" : {
        "uv" : [ 4, 4.625, 3.375, 6.75 ],
        "texture" : "#M4A1"
      },
      "east" : {
        "uv" : [ 0.875, 0.875, 0, 3 ],
        "texture" : "#M4A1"
      },
      "south" : {
        "uv" : [ 3.375, 6.75, 4, 8.875 ],
        "texture" : "#M4A1"
      },
      "west" : {
        "uv" : [ 1.5, 13, 2.375, 15.125 ],
        "texture" : "#M4A1"
      },
      "up" : {
        "uv" : [ 14.25, 14.75, 14.875, 13.875 ],
        "texture" : "#M4A1"
      },
      "down" : {
        "uv" : [ 13.625, 13.875, 14.25, 14.75 ],
        "texture" : "#M4A1"
      }
    }
  }, {
    "from" : [ 7.75, 7.375, 11 ],
    "to" : [ 8.375, 9.5, 11.375 ],
    "faces" : {
      "north" : {
        "uv" : [ 4, 8.875, 3.375, 11 ],
        "texture" : "#M4A1"
      },
      "east" : {
        "uv" : [ 4.375, 3, 4, 5.125 ],
        "texture" : "#M4A1"
      },
      "west" : {
        "uv" : [ 3, 0.375, 3.375, 2.5 ],
        "texture" : "#M4A1"
      },
      "up" : {
        "uv" : [ 15, 15.125, 15.625, 14.75 ],
        "texture" : "#M4A1"
      },
      "down" : {
        "uv" : [ 7.875, 13.125, 8.5, 13.5 ],
        "texture" : "#M4A1"
      }
    }
  }, {
    "from" : [ 7.75, 7.5, 8.625 ],
    "to" : [ 8.375, 9.5, 9.25 ],
    "faces" : {
      "east" : {
        "uv" : [ 4.625, 9.125, 4, 11.125 ],
        "texture" : "#M4A1"
      },
      "west" : {
        "uv" : [ 4, 11.125, 4.625, 13.125 ],
        "texture" : "#M4A1"
      },
      "up" : {
        "uv" : [ 10.625, 12.375, 11.25, 11.75 ],
        "texture" : "#M4A1"
      },
      "down" : {
        "uv" : [ 12.875, 11.875, 13.5, 12.5 ],
        "texture" : "#M4A1"
      }
    }
  }, {
    "from" : [ 7.75, 7.875, 10.125 ],
    "to" : [ 8.375, 9.5, 11 ],
    "faces" : {
      "east" : {
        "uv" : [ 3.875, 13.125, 3, 14.75 ],
        "texture" : "#M4A1"
      },
      "west" : {
        "uv" : [ 3.875, 13.125, 4.75, 14.75 ],
        "texture" : "#M4A1"
      },
      "up" : {
        "uv" : [ 14.75, 16, 15.375, 15.125 ],
        "texture" : "#M4A1"
      },
      "down" : {
        "uv" : [ 6.5, 11.375, 7.125, 12.25 ],
        "texture" : "#M4A1"
      }
    }
  }, {
    "from" : [ 7.75, 8.25, 13.375 ],
    "to" : [ 8.375, 9.125, 15.875 ],
    "faces" : {
      "north" : {
        "uv" : [ 16, 15.125, 15.375, 16 ],
        "texture" : "#M4A1"
      },
      "east" : {
        "uv" : [ 9.875, 15.125, 7.375, 16 ],
        "texture" : "#M4A1"
      },
      "west" : {
        "uv" : [ 9.875, 15.125, 12.375, 16 ],
        "texture" : "#M4A1"
      },
      "up" : {
        "uv" : [ 1.5, 3, 2.125, 0.5 ],
        "texture" : "#M4A1"
      },
      "down" : {
        "uv" : [ 2.375, 12.25, 3, 14.75 ],
        "texture" : "#M4A1"
      }
    }
  }, {
    "from" : [ 7.75, 8.375, 4.75 ],
    "to" : [ 8.375, 8.5, 8 ],
    "faces" : {
      "north" : {
        "uv" : [ 15.625, 10.75, 15, 10.875 ],
        "texture" : "#M4A1"
      },
      "east" : {
        "uv" : [ 11.125, 11.125, 7.875, 11.25 ],
        "texture" : "#M4A1"
      },
      "south" : {
        "uv" : [ 14.375, 10.75, 15, 10.875 ],
        "texture" : "#M4A1"
      },
      "west" : {
        "uv" : [ 4.625, 11.125, 7.875, 11.25 ],
        "texture" : "#M4A1"
      },
      "down" : {
        "uv" : [ 0, 6.25, 0.625, 9.5 ],
        "texture" : "#M4A1"
      }
    }
  }, {
    "from" : [ 7.75, 8.375, 8.25 ],
    "to" : [ 8.375, 9.5, 8.5 ],
    "faces" : {
      "north" : {
        "uv" : [ 9.75, 13.625, 9.125, 14.75 ],
        "texture" : "#M4A1"
      },
      "east" : {
        "uv" : [ 5.25, 8.5, 5, 9.625 ],
        "texture" : "#M4A1"
      },
      "west" : {
        "uv" : [ 5, 9.625, 5.25, 10.75 ],
        "texture" : "#M4A1"
      },
      "up" : {
        "uv" : [ 4, 0.25, 4.625, 0 ],
        "texture" : "#M4A1"
      },
      "down" : {
        "uv" : [ 3.375, 0.125, 4, 0.375 ],
        "texture" : "#M4A1"
      }
    }
  }, {
    "from" : [ 7.75, 8.375, 11.875 ],
    "to" : [ 8.375, 9.25, 12.375 ],
    "faces" : {
      "east" : {
        "uv" : [ 9.875, 12.125, 9.375, 13 ],
        "texture" : "#M4A1"
      },
      "south" : {
        "uv" : [ 14.875, 13.875, 15.5, 14.75 ],
        "texture" : "#M4A1"
      },
      "west" : {
        "uv" : [ 15.5, 13.875, 16, 14.75 ],
        "texture" : "#M4A1"
      },
      "up" : {
        "uv" : [ 1.5, 0.5, 2.125, 0 ],
        "texture" : "#M4A1"
      },
      "down" : {
        "uv" : [ 9.125, 13.125, 9.75, 13.625 ],
        "texture" : "#M4A1"
      }
    }
  }, {
    "from" : [ 7.75, 8.375, 12.625 ],
    "to" : [ 8.375, 9.125, 13.375 ],
    "faces" : {
      "north" : {
        "uv" : [ 14.875, 13.125, 14.25, 13.875 ],
        "texture" : "#M4A1"
      },
      "east" : {
        "uv" : [ 14.75, 15.25, 14, 16 ],
        "texture" : "#M4A1"
      },
      "west" : {
        "uv" : [ 13.25, 15.25, 14, 16 ],
        "texture" : "#M4A1"
      },
      "up" : {
        "uv" : [ 12.375, 13.875, 13, 13.125 ],
        "texture" : "#M4A1"
      },
      "down" : {
        "uv" : [ 13, 13.125, 13.625, 13.875 ],
        "texture" : "#M4A1"
      }
    }
  }, {
    "from" : [ 7.75, 8.5, 12.375 ],
    "to" : [ 8.375, 9.125, 12.625 ],
    "faces" : {
      "east" : {
        "uv" : [ 14.875, 11.25, 14.625, 11.875 ],
        "texture" : "#M4A1"
      },
      "west" : {
        "uv" : [ 4.375, 1.125, 4.625, 1.75 ],
        "texture" : "#M4A1"
      },
      "up" : {
        "uv" : [ 15.375, 12.875, 16, 12.625 ],
        "texture" : "#M4A1"
      },
      "down" : {
        "uv" : [ 15.375, 12.875, 16, 13.125 ],
        "texture" : "#M4A1"
      }
    }
  }, {
    "from" : [ 7.75, 8.625, 4.5 ],
    "to" : [ 8.375, 9.25, 4.75 ],
    "faces" : {
      "north" : {
        "uv" : [ 11.875, 11.75, 11.25, 12.375 ],
        "texture" : "#M4A1"
      },
      "east" : {
        "uv" : [ 5.25, 2.25, 5, 2.875 ],
        "texture" : "#M4A1"
      },
      "west" : {
        "uv" : [ 5, 2.875, 5.25, 3.5 ],
        "texture" : "#M4A1"
      },
      "up" : {
        "uv" : [ 8.5, 13.5, 9.125, 13.25 ],
        "texture" : "#M4A1"
      },
      "down" : {
        "uv" : [ 14.875, 11.25, 15.5, 11.5 ],
        "texture" : "#M4A1"
      }
    }
  }, {
    "from" : [ 7.75, 8.625, 8 ],
    "to" : [ 8.375, 9.25, 8.25 ],
    "faces" : {
      "east" : {
        "uv" : [ 4.625, 3, 4.375, 3.625 ],
        "texture" : "#M4A1"
      },
      "west" : {
        "uv" : [ 2.125, 0.875, 2.375, 1.5 ],
        "texture" : "#M4A1"
      },
      "up" : {
        "uv" : [ 5.875, 10.75, 6.5, 10.5 ],
        "texture" : "#M4A1"
      },
      "down" : {
        "uv" : [ 5.25, 10.5, 5.875, 10.75 ],
        "texture" : "#M4A1"
      }
    }
  }, {
    "from" : [ 7.75, 9.375, 4.75 ],
    "to" : [ 8.375, 9.5, 8 ],
    "faces" : {
      "north" : {
        "uv" : [ 6.875, 10.375, 6.25, 10.5 ],
        "texture" : "#M4A1"
      },
      "east" : {
        "uv" : [ 7.875, 10.875, 4.625, 11 ],
        "texture" : "#M4A1"
      },
      "south" : {
        "uv" : [ 13.75, 10.75, 14.375, 10.875 ],
        "texture" : "#M4A1"
      },
      "west" : {
        "uv" : [ 11.125, 11, 14.375, 11.125 ],
        "texture" : "#M4A1"
      },
      "up" : {
        "uv" : [ 0.875, 15.125, 1.5, 11.875 ],
        "texture" : "#M4A1"
      }
    }
  }, {
    "from" : [ 7.875, 5.625, 8.875 ],
    "to" : [ 8.25, 7.5, 9.25 ],
    "faces" : {
      "north" : {
        "uv" : [ 5, 11.25, 4.625, 13.125 ],
        "texture" : "#M4A1"
      },
      "east" : {
        "uv" : [ 5.375, 11.25, 5, 13.125 ],
        "texture" : "#M4A1"
      },
      "south" : {
        "uv" : [ 5.375, 11.25, 5.75, 13.125 ],
        "texture" : "#M4A1"
      },
      "west" : {
        "uv" : [ 4, 1.125, 4.375, 3 ],
        "texture" : "#M4A1"
      },
      "down" : {
        "uv" : [ 5.25, 5.25, 5.625, 5.625 ],
        "texture" : "#M4A1"
      }
    }
  }, {
    "from" : [ 7.875, 5.625, 9.25 ],
    "to" : [ 8.25, 7.375, 9.5 ],
    "faces" : {
      "east" : {
        "uv" : [ 2.375, 11.25, 2.125, 13 ],
        "texture" : "#M4A1"
      },
      "south" : {
        "uv" : [ 5.75, 11.375, 6.125, 13.125 ],
        "texture" : "#M4A1"
      },
      "west" : {
        "uv" : [ 2.125, 8.5, 2.375, 10.25 ],
        "texture" : "#M4A1"
      },
      "down" : {
        "uv" : [ 12.125, 10.5, 12.5, 10.75 ],
        "texture" : "#M4A1"
      }
    }
  }, {
    "from" : [ 7.875, 5.75, 8.5 ],
    "to" : [ 8.25, 7, 8.875 ],
    "faces" : {
      "north" : {
        "uv" : [ 8.25, 11.875, 7.875, 13.125 ],
        "texture" : "#M4A1"
      },
      "east" : {
        "uv" : [ 7.875, 11.875, 7.5, 13.125 ],
        "texture" : "#M4A1"
      },
      "west" : {
        "uv" : [ 8.625, 11.875, 9, 13.125 ],
        "texture" : "#M4A1"
      },
      "up" : {
        "uv" : [ 5.25, 10.5, 5.625, 10.125 ],
        "texture" : "#M4A1"
      },
      "down" : {
        "uv" : [ 14.25, 11.375, 14.625, 11.75 ],
        "texture" : "#M4A1"
      }
    }
  }, {
    "from" : [ 7.875, 5.875, 8.25 ],
    "to" : [ 8.25, 6.25, 8.5 ],
    "faces" : {
      "north" : {
        "uv" : [ 5.625, 5.625, 5.25, 6 ],
        "texture" : "#M4A1"
      },
      "east" : {
        "uv" : [ 3, 1.5, 2.75, 1.875 ],
        "texture" : "#M4A1"
      },
      "west" : {
        "uv" : [ 2.125, 0.5, 2.375, 0.875 ],
        "texture" : "#M4A1"
      },
      "up" : {
        "uv" : [ 7.25, 10.75, 7.625, 10.5 ],
        "texture" : "#M4A1"
      },
      "down" : {
        "uv" : [ 10.25, 10.5, 10.625, 10.75 ],
        "texture" : "#M4A1"
      }
    }
  }, {
    "from" : [ 7.875, 6.25, 8.375 ],
    "to" : [ 8.25, 6.625, 8.5 ],
    "faces" : {
      "north" : {
        "uv" : [ 5.625, 9.375, 5.25, 9.75 ],
        "texture" : "#M4A1"
      },
      "east" : {
        "uv" : [ 5.75, 9.625, 5.625, 10 ],
        "texture" : "#M4A1"
      },
      "west" : {
        "uv" : [ 5.625, 9.25, 5.75, 9.625 ],
        "texture" : "#M4A1"
      },
      "up" : {
        "uv" : [ 9.5, 10.5, 9.875, 10.375 ],
        "texture" : "#M4A1"
      }
    }
  }, {
    "from" : [ 7.875, 6.25, 9.5 ],
    "to" : [ 8.25, 7.375, 9.625 ],
    "faces" : {
      "east" : {
        "uv" : [ 5.25, 0, 5.125, 1.125 ],
        "texture" : "#M4A1"
      },
      "south" : {
        "uv" : [ 10.25, 11.875, 10.625, 13 ],
        "texture" : "#M4A1"
      },
      "west" : {
        "uv" : [ 5.125, 3.75, 5.25, 4.875 ],
        "texture" : "#M4A1"
      },
      "down" : {
        "uv" : [ 9, 11.25, 9.375, 11.375 ],
        "texture" : "#M4A1"
      }
    }
  }, {
    "from" : [ 7.875, 6.75, 9.625 ],
    "to" : [ 8.25, 7.375, 9.75 ],
    "faces" : {
      "east" : {
        "uv" : [ 5.375, 0.75, 5.25, 1.375 ],
        "texture" : "#M4A1"
      },
      "south" : {
        "uv" : [ 8.25, 11.25, 8.625, 11.875 ],
        "texture" : "#M4A1"
      },
      "west" : {
        "uv" : [ 5.375, 0.75, 5.5, 1.375 ],
        "texture" : "#M4A1"
      },
      "down" : {
        "uv" : [ 5.75, 11.25, 6.125, 11.375 ],
        "texture" : "#M4A1"
      }
    }
  }, {
    "from" : [ 7.875, 6.75, 15.625 ],
    "to" : [ 8.25, 8.25, 15.875 ],
    "faces" : {
      "north" : {
        "uv" : [ 12.375, 13.25, 12, 14.75 ],
        "texture" : "#M4A1"
      },
      "east" : {
        "uv" : [ 2.375, 1.5, 2.125, 3 ],
        "texture" : "#M4A1"
      },
      "west" : {
        "uv" : [ 4.375, 3.625, 4.625, 5.125 ],
        "texture" : "#M4A1"
      },
      "down" : {
        "uv" : [ 13.25, 10.5, 13.625, 10.75 ],
        "texture" : "#M4A1"
      }
    }
  }, {
    "from" : [ 7.875, 7, 8.625 ],
    "to" : [ 8.25, 7.5, 8.875 ],
    "faces" : {
      "north" : {
        "uv" : [ 9, 11.375, 8.625, 11.875 ],
        "texture" : "#M4A1"
      },
      "east" : {
        "uv" : [ 2.375, 0, 2.125, 0.5 ],
        "texture" : "#M4A1"
      },
      "west" : {
        "uv" : [ 5.25, 2.25, 5.5, 2.75 ],
        "texture" : "#M4A1"
      }
    }
  }, {
    "from" : [ 7.875, 7, 15.375 ],
    "to" : [ 8.25, 8.25, 15.625 ],
    "faces" : {
      "north" : {
        "uv" : [ 7.5, 11.875, 7.125, 13.125 ],
        "texture" : "#M4A1"
      },
      "east" : {
        "uv" : [ 4.625, 1.75, 4.375, 3 ],
        "texture" : "#M4A1"
      },
      "west" : {
        "uv" : [ 14.625, 11.875, 14.875, 13.125 ],
        "texture" : "#M4A1"
      },
      "down" : {
        "uv" : [ 6.5, 10.5, 6.875, 10.75 ],
        "texture" : "#M4A1"
      }
    }
  }, {
    "from" : [ 7.875, 7.375, 10.125 ],
    "to" : [ 8.25, 7.5, 11 ],
    "faces" : {
      "east" : {
        "uv" : [ 15.25, 11, 14.375, 11.125 ],
        "texture" : "#M4A1"
      },
      "west" : {
        "uv" : [ 14.375, 11.125, 15.25, 11.25 ],
        "texture" : "#M4A1"
      },
      "up" : {
        "uv" : [ 13.5, 13.125, 13.875, 12.25 ],
        "texture" : "#M4A1"
      },
      "down" : {
        "uv" : [ 9.375, 11.25, 9.75, 12.125 ],
        "texture" : "#M4A1"
      }
    }
  }, {
    "from" : [ 7.875, 7.375, 15.125 ],
    "to" : [ 8.25, 8.25, 15.375 ],
    "faces" : {
      "north" : {
        "uv" : [ 14.25, 11.375, 13.875, 12.25 ],
        "texture" : "#M4A1"
      },
      "east" : {
        "uv" : [ 2.375, 10.375, 2.125, 11.25 ],
        "texture" : "#M4A1"
      },
      "west" : {
        "uv" : [ 2.125, 7.625, 2.375, 8.5 ],
        "texture" : "#M4A1"
      },
      "down" : {
        "uv" : [ 12.5, 10.5, 12.875, 10.75 ],
        "texture" : "#M4A1"
      }
    }
  }, {
    "from" : [ 7.875, 7.75, 14.625 ],
    "to" : [ 8.25, 8.25, 15.125 ],
    "faces" : {
      "north" : {
        "uv" : [ 14.625, 11.75, 14.25, 12.25 ],
        "texture" : "#M4A1"
      },
      "east" : {
        "uv" : [ 11.75, 11.25, 11.25, 11.75 ],
        "texture" : "#M4A1"
      },
      "west" : {
        "uv" : [ 11.875, 11.25, 12.375, 11.75 ],
        "texture" : "#M4A1"
      },
      "down" : {
        "uv" : [ 12.5, 12.5, 12.875, 13 ],
        "texture" : "#M4A1"
      }
    }
  }, {
    "from" : [ 7.875, 7.875, 14.25 ],
    "to" : [ 8.25, 8.25, 14.625 ],
    "faces" : {
      "north" : {
        "uv" : [ 5.625, 9, 5.25, 9.375 ],
        "texture" : "#M4A1"
      },
      "east" : {
        "uv" : [ 5.625, 6, 5.25, 6.375 ],
        "texture" : "#M4A1"
      },
      "west" : {
        "uv" : [ 5.25, 6.375, 5.625, 6.75 ],
        "texture" : "#M4A1"
      },
      "down" : {
        "uv" : [ 3, 0, 3.375, 0.375 ],
        "texture" : "#M4A1"
      }
    }
  }, {
    "from" : [ 7.875, 8, 13.375 ],
    "to" : [ 8.25, 8.25, 14.25 ],
    "faces" : {
      "north" : {
        "uv" : [ 9.5, 10.5, 9.125, 10.75 ],
        "texture" : "#M4A1"
      },
      "east" : {
        "uv" : [ 15.75, 11.75, 14.875, 12 ],
        "texture" : "#M4A1"
      },
      "west" : {
        "uv" : [ 14.875, 11.5, 15.75, 11.75 ],
        "texture" : "#M4A1"
      },
      "down" : {
        "uv" : [ 13.875, 12.25, 14.25, 13.125 ],
        "texture" : "#M4A1"
      }
    }
  }, {
    "from" : [ 7.875, 8.375, 12.375 ],
    "to" : [ 8.25, 8.5, 12.625 ],
    "faces" : {
      "east" : {
        "uv" : [ 0.875, 6.25, 0.625, 6.375 ],
        "texture" : "#M4A1"
      },
      "west" : {
        "uv" : [ 0.625, 3, 0.875, 3.125 ],
        "texture" : "#M4A1"
      },
      "down" : {
        "uv" : [ 15.5, 11.25, 15.875, 11.5 ],
        "texture" : "#M4A1"
      }
    }
  }, {
    "from" : [ 7.875, 8.75, 0 ],
    "to" : [ 8.25, 9.125, 4.5 ],
    "faces" : {
      "north" : {
        "uv" : [ 16, 14.75, 15.625, 15.125 ],
        "texture" : "#M4A1",
        "cullface" : "north"
      },
      "east" : {
        "uv" : [ 11.375, 14.75, 6.875, 15.125 ],
        "texture" : "#M4A1"
      },
      "west" : {
        "uv" : [ 2.375, 14.75, 6.875, 15.125 ],
        "texture" : "#M4A1"
      },
      "up" : {
        "uv" : [ 1.875, 7.5, 2.25, 3 ],
        "texture" : "#M4A1"
      },
      "down" : {
        "uv" : [ 1.5, 3, 1.875, 7.5 ],
        "texture" : "#M4A1"
      }
    }
  }, {
    "from" : [ 7.875, 9.125, 12.375 ],
    "to" : [ 8.25, 9.25, 16 ],
    "faces" : {
      "east" : {
        "uv" : [ 15, 14.875, 11.375, 15 ],
        "texture" : "#M4A1"
      },
      "south" : {
        "uv" : [ 12.5, 11.75, 12.875, 11.875 ],
        "texture" : "#M4A1",
        "cullface" : "south"
      },
      "west" : {
        "uv" : [ 11.375, 15, 15, 15.125 ],
        "texture" : "#M4A1"
      },
      "up" : {
        "uv" : [ 2.375, 5.125, 2.75, 1.5 ],
        "texture" : "#M4A1"
      },
      "down" : {
        "uv" : [ 3, 9.5, 3.375, 13.125 ],
        "texture" : "#M4A1"
      }
    }
  }, {
    "from" : [ 7.875, 9.5, 8.25 ],
    "to" : [ 8.25, 9.625, 11.75 ],
    "faces" : {
      "north" : {
        "uv" : [ 9.125, 10.375, 8.75, 10.5 ],
        "texture" : "#M4A1"
      },
      "east" : {
        "uv" : [ 12.875, 13, 9.375, 13.125 ],
        "texture" : "#M4A1"
      },
      "south" : {
        "uv" : [ 9.125, 10.375, 9.5, 10.5 ],
        "texture" : "#M4A1"
      },
      "west" : {
        "uv" : [ 11.375, 14.75, 14.875, 14.875 ],
        "texture" : "#M4A1"
      },
      "up" : {
        "uv" : [ 3, 9.5, 3.375, 6 ],
        "texture" : "#M4A1"
      },
      "down" : {
        "uv" : [ 3, 2.5, 3.375, 6 ],
        "texture" : "#M4A1"
      }
    }
  }, {
    "from" : [ 7.875, 9.625, 11.25 ],
    "to" : [ 8.25, 10.25, 11.75 ],
    "faces" : {
      "north" : {
        "uv" : [ 7.5, 11.25, 7.125, 11.875 ],
        "texture" : "#M4A1"
      },
      "east" : {
        "uv" : [ 15.375, 12.5, 14.875, 13.125 ],
        "texture" : "#M4A1"
      },
      "south" : {
        "uv" : [ 7.5, 11.25, 7.875, 11.875 ],
        "texture" : "#M4A1"
      },
      "west" : {
        "uv" : [ 12.875, 11.25, 13.375, 11.875 ],
        "texture" : "#M4A1"
      },
      "up" : {
        "uv" : [ 10.25, 11.875, 10.625, 11.375 ],
        "texture" : "#M4A1"
      }
    }
  }, {
    "from" : [ 7.875, 9.875, 11.125 ],
    "to" : [ 8.25, 10.25, 11.25 ],
    "faces" : {
      "north" : {
        "uv" : [ 5.625, 7.5, 5.25, 7.875 ],
        "texture" : "#M4A1"
      },
      "east" : {
        "uv" : [ 5.75, 10, 5.625, 10.375 ],
        "texture" : "#M4A1"
      },
      "west" : {
        "uv" : [ 5.5, 0.375, 5.625, 0.75 ],
        "texture" : "#M4A1"
      },
      "up" : {
        "uv" : [ 10.25, 11.375, 10.625, 11.25 ],
        "texture" : "#M4A1"
      },
      "down" : {
        "uv" : [ 9.875, 11.25, 10.25, 11.375 ],
        "texture" : "#M4A1"
      }
    }
  }, {
    "from" : [ 7.875, 10, 11 ],
    "to" : [ 8.25, 10.25, 11.125 ],
    "faces" : {
      "north" : {
        "uv" : [ 8.375, 10.5, 8, 10.75 ],
        "texture" : "#M4A1"
      },
      "east" : {
        "uv" : [ 5.75, 8, 5.625, 8.25 ],
        "texture" : "#M4A1"
      },
      "west" : {
        "uv" : [ 5.625, 8.25, 5.75, 8.5 ],
        "texture" : "#M4A1"
      },
      "up" : {
        "uv" : [ 13.875, 11.375, 14.25, 11.25 ],
        "texture" : "#M4A1"
      },
      "down" : {
        "uv" : [ 13.5, 11.25, 13.875, 11.375 ],
        "texture" : "#M4A1"
      }
    }
  }, {
    "from" : [ 7.875, 10.125, 10.875 ],
    "to" : [ 8.25, 10.25, 11 ],
    "faces" : {
      "north" : {
        "uv" : [ 15.875, 10.625, 15.5, 10.75 ],
        "texture" : "#M4A1"
      },
      "east" : {
        "uv" : [ 5.625, 0.25, 5.5, 0.375 ],
        "texture" : "#M4A1"
      },
      "west" : {
        "uv" : [ 5.5, 0.75, 5.625, 0.875 ],
        "texture" : "#M4A1"
      },
      "up" : {
        "uv" : [ 15.625, 10.875, 16, 10.75 ],
        "texture" : "#M4A1"
      },
      "down" : {
        "uv" : [ 14.25, 11.25, 14.625, 11.375 ],
        "texture" : "#M4A1"
      }
    }
  }, {
    "from" : [ 7.875, 10.25, 8.5 ],
    "to" : [ 8, 10.375, 11.75 ],
    "faces" : {
      "north" : {
        "uv" : [ 10.5, 10.375, 10.375, 10.5 ],
        "texture" : "#M4A1"
      },
      "east" : {
        "uv" : [ 11.125, 10.875, 7.875, 11 ],
        "texture" : "#M4A1"
      },
      "south" : {
        "uv" : [ 15, 10.375, 15.125, 10.5 ],
        "texture" : "#M4A1"
      },
      "west" : {
        "uv" : [ 7.875, 11, 11.125, 11.125 ],
        "texture" : "#M4A1"
      },
      "up" : {
        "uv" : [ 2.875, 5.125, 3, 1.875 ],
        "texture" : "#M4A1"
      },
      "down" : {
        "uv" : [ 2.75, 1.875, 2.875, 5.125 ],
        "texture" : "#M4A1"
      }
    }
  }, {
    "from" : [ 8, 7.625, 10.75 ],
    "to" : [ 8.125, 7.875, 10.875 ],
    "faces" : {
      "north" : {
        "uv" : [ 16, 11.25, 15.875, 11.5 ],
        "texture" : "#M4A1"
      },
      "east" : {
        "uv" : [ 5.75, 8.5, 5.625, 8.75 ],
        "texture" : "#M4A1"
      },
      "south" : {
        "uv" : [ 4.75, 0, 4.875, 0.25 ],
        "texture" : "#M4A1"
      },
      "west" : {
        "uv" : [ 5.625, 8.75, 5.75, 9 ],
        "texture" : "#M4A1"
      },
      "down" : {
        "uv" : [ 15.875, 11, 16, 11.125 ],
        "texture" : "#M4A1"
      }
    }
  }, {
    "from" : [ 8, 9.125, 3.625 ],
    "to" : [ 8.125, 10.25, 3.75 ],
    "faces" : {
      "north" : {
        "uv" : [ 5.375, 3.75, 5.25, 4.875 ],
        "texture" : "#M4A1"
      },
      "east" : {
        "uv" : [ 5.125, 0, 5, 1.125 ],
        "texture" : "#M4A1"
      },
      "south" : {
        "uv" : [ 5, 1.125, 5.125, 2.25 ],
        "texture" : "#M4A1"
      },
      "west" : {
        "uv" : [ 5.125, 1.125, 5.25, 2.25 ],
        "texture" : "#M4A1"
      },
      "up" : {
        "uv" : [ 5.5, 1.5, 5.625, 1.375 ],
        "texture" : "#M4A1"
      }
    }
  }, {
    "from" : [ 8, 9.125, 3.75 ],
    "to" : [ 8.125, 9.25, 4.5 ],
    "faces" : {
      "east" : {
        "uv" : [ 14.75, 15.125, 14, 15.25 ],
        "texture" : "#M4A1"
      },
      "west" : {
        "uv" : [ 13.25, 15.125, 14, 15.25 ],
        "texture" : "#M4A1"
      },
      "up" : {
        "uv" : [ 5.5, 2.25, 5.625, 1.5 ],
        "texture" : "#M4A1"
      }
    }
  }, {
    "from" : [ 8, 9.25, 4.375 ],
    "to" : [ 8.125, 9.5, 4.5 ],
    "faces" : {
      "north" : {
        "uv" : [ 15.875, 11.75, 15.75, 12 ],
        "texture" : "#M4A1"
      },
      "east" : {
        "uv" : [ 16, 11.5, 15.875, 11.75 ],
        "texture" : "#M4A1"
      },
      "south" : {
        "uv" : [ 15.875, 11.75, 16, 12 ],
        "texture" : "#M4A1"
      },
      "west" : {
        "uv" : [ 15.75, 11.5, 15.875, 11.75 ],
        "texture" : "#M4A1"
      },
      "up" : {
        "uv" : [ 5.625, 7.75, 5.75, 7.625 ],
        "texture" : "#M4A1"
      }
    }
  }, {
    "from" : [ 8, 9.5, 4.25 ],
    "to" : [ 8.125, 9.625, 4.375 ],
    "faces" : {
      "north" : {
        "uv" : [ 2.25, 10.25, 2.125, 10.375 ],
        "texture" : "#M4A1"
      },
      "east" : {
        "uv" : [ 2.375, 7.5, 2.25, 7.625 ],
        "texture" : "#M4A1"
      },
      "south" : {
        "uv" : [ 2.25, 10.25, 2.375, 10.375 ],
        "texture" : "#M4A1"
      },
      "west" : {
        "uv" : [ 2.125, 7.5, 2.25, 7.625 ],
        "texture" : "#M4A1"
      },
      "up" : {
        "uv" : [ 15.75, 10.5, 15.875, 10.375 ],
        "texture" : "#M4A1"
      },
      "down" : {
        "uv" : [ 15.625, 10.375, 15.75, 10.5 ],
        "texture" : "#M4A1"
      }
    }
  }, {
    "from" : [ 8, 9.5, 11.75 ],
    "to" : [ 8.125, 10, 11.875 ],
    "faces" : {
      "north" : {
        "uv" : [ 12.875, 11.25, 12.75, 11.75 ],
        "texture" : "#M4A1"
      },
      "east" : {
        "uv" : [ 5.5, 0.25, 5.375, 0.75 ],
        "texture" : "#M4A1"
      },
      "south" : {
        "uv" : [ 5.25, 0.25, 5.375, 0.75 ],
        "texture" : "#M4A1"
      },
      "west" : {
        "uv" : [ 11.75, 11.25, 11.875, 11.75 ],
        "texture" : "#M4A1"
      },
      "up" : {
        "uv" : [ 15.875, 11.25, 16, 11.125 ],
        "texture" : "#M4A1"
      }
    }
  }, {
    "from" : [ 8, 9.625, 4.125 ],
    "to" : [ 8.125, 9.75, 4.25 ],
    "faces" : {
      "north" : {
        "uv" : [ 16, 10.625, 15.875, 10.75 ],
        "texture" : "#M4A1"
      },
      "east" : {
        "uv" : [ 5.625, 3.75, 5.5, 3.875 ],
        "texture" : "#M4A1"
      },
      "south" : {
        "uv" : [ 15.875, 10.5, 16, 10.625 ],
        "texture" : "#M4A1"
      },
      "west" : {
        "uv" : [ 5.375, 3.75, 5.5, 3.875 ],
        "texture" : "#M4A1"
      },
      "up" : {
        "uv" : [ 5.125, 5, 5.25, 4.875 ],
        "texture" : "#M4A1"
      },
      "down" : {
        "uv" : [ 15.875, 10.875, 16, 11 ],
        "texture" : "#M4A1"
      }
    }
  }, {
    "from" : [ 8, 9.625, 8.25 ],
    "to" : [ 8.125, 10.125, 8.5 ],
    "faces" : {
      "north" : {
        "uv" : [ 5.625, 2.25, 5.5, 2.75 ],
        "texture" : "#M4A1"
      },
      "east" : {
        "uv" : [ 5.5, 2.75, 5.25, 3.25 ],
        "texture" : "#M4A1"
      },
      "south" : {
        "uv" : [ 5.5, 0.875, 5.625, 1.375 ],
        "texture" : "#M4A1"
      },
      "west" : {
        "uv" : [ 5.25, 3.25, 5.5, 3.75 ],
        "texture" : "#M4A1"
      },
      "up" : {
        "uv" : [ 5.625, 9.25, 5.75, 9 ],
        "texture" : "#M4A1"
      }
    }
  }, {
    "from" : [ 8, 9.625, 8.5 ],
    "to" : [ 8.125, 9.75, 11.25 ],
    "faces" : {
      "east" : {
        "uv" : [ 13.875, 10.875, 11.125, 11 ],
        "texture" : "#M4A1"
      },
      "west" : {
        "uv" : [ 4.75, 10.75, 7.5, 10.875 ],
        "texture" : "#M4A1"
      },
      "up" : {
        "uv" : [ 4.625, 4.875, 4.75, 2.125 ],
        "texture" : "#M4A1"
      }
    }
  }, {
    "from" : [ 8, 9.75, 4 ],
    "to" : [ 8.125, 9.875, 4.125 ],
    "faces" : {
      "north" : {
        "uv" : [ 10.875, 10.375, 10.75, 10.5 ],
        "texture" : "#M4A1"
      },
      "east" : {
        "uv" : [ 11.25, 10.375, 11.125, 10.5 ],
        "texture" : "#M4A1"
      },
      "south" : {
        "uv" : [ 10.875, 10.375, 11, 10.5 ],
        "texture" : "#M4A1"
      },
      "west" : {
        "uv" : [ 11, 10.375, 11.125, 10.5 ],
        "texture" : "#M4A1"
      },
      "up" : {
        "uv" : [ 10.625, 10.5, 10.75, 10.375 ],
        "texture" : "#M4A1"
      },
      "down" : {
        "uv" : [ 10.5, 10.375, 10.625, 10.5 ],
        "texture" : "#M4A1"
      }
    }
  }, {
    "from" : [ 8, 9.75, 11.125 ],
    "to" : [ 8.125, 9.875, 11.25 ],
    "faces" : {
      "north" : {
        "uv" : [ 11.625, 10.375, 11.5, 10.5 ],
        "texture" : "#M4A1"
      },
      "east" : {
        "uv" : [ 12, 10.375, 11.875, 10.5 ],
        "texture" : "#M4A1"
      },
      "west" : {
        "uv" : [ 11.75, 10.375, 11.875, 10.5 ],
        "texture" : "#M4A1"
      }
    }
  }, {
    "from" : [ 8, 9.875, 3.875 ],
    "to" : [ 8.125, 10, 4 ],
    "faces" : {
      "north" : {
        "uv" : [ 12.375, 10.375, 12.25, 10.5 ],
        "texture" : "#M4A1"
      },
      "east" : {
        "uv" : [ 12.75, 10.375, 12.625, 10.5 ],
        "texture" : "#M4A1"
      },
      "south" : {
        "uv" : [ 12.375, 10.375, 12.5, 10.5 ],
        "texture" : "#M4A1"
      },
      "west" : {
        "uv" : [ 12.5, 10.375, 12.625, 10.5 ],
        "texture" : "#M4A1"
      },
      "up" : {
        "uv" : [ 12.125, 10.5, 12.25, 10.375 ],
        "texture" : "#M4A1"
      },
      "down" : {
        "uv" : [ 12, 10.375, 12.125, 10.5 ],
        "texture" : "#M4A1"
      }
    }
  }, {
    "from" : [ 8, 9.875, 11 ],
    "to" : [ 8.125, 10, 11.125 ],
    "faces" : {
      "north" : {
        "uv" : [ 13.125, 10.375, 13, 10.5 ],
        "texture" : "#M4A1"
      },
      "east" : {
        "uv" : [ 13.5, 10.375, 13.375, 10.5 ],
        "texture" : "#M4A1"
      },
      "west" : {
        "uv" : [ 13.25, 10.375, 13.375, 10.5 ],
        "texture" : "#M4A1"
      },
      "down" : {
        "uv" : [ 12.75, 10.375, 12.875, 10.5 ],
        "texture" : "#M4A1"
      }
    }
  }, {
    "from" : [ 8, 10, 3.75 ],
    "to" : [ 8.125, 10.125, 3.875 ],
    "faces" : {
      "east" : {
        "uv" : [ 14.25, 10.375, 14.125, 10.5 ],
        "texture" : "#M4A1"
      },
      "south" : {
        "uv" : [ 13.875, 10.375, 14, 10.5 ],
        "texture" : "#M4A1"
      },
      "west" : {
        "uv" : [ 14, 10.375, 14.125, 10.5 ],
        "texture" : "#M4A1"
      },
      "up" : {
        "uv" : [ 13.625, 10.5, 13.75, 10.375 ],
        "texture" : "#M4A1"
      },
      "down" : {
        "uv" : [ 13.5, 10.375, 13.625, 10.5 ],
        "texture" : "#M4A1"
      }
    }
  }, {
    "from" : [ 8, 10, 10.875 ],
    "to" : [ 8.125, 10.125, 11 ],
    "faces" : {
      "north" : {
        "uv" : [ 14.625, 10.375, 14.5, 10.5 ],
        "texture" : "#M4A1"
      },
      "east" : {
        "uv" : [ 15, 10.375, 14.875, 10.5 ],
        "texture" : "#M4A1"
      },
      "west" : {
        "uv" : [ 14.75, 10.375, 14.875, 10.5 ],
        "texture" : "#M4A1"
      },
      "down" : {
        "uv" : [ 14.25, 10.375, 14.375, 10.5 ],
        "texture" : "#M4A1"
      }
    }
  }, {
    "from" : [ 8, 10.125, 8.375 ],
    "to" : [ 8.125, 10.25, 10.875 ],
    "faces" : {
      "north" : {
        "uv" : [ 15.375, 10.375, 15.25, 10.5 ],
        "texture" : "#M4A1"
      },
      "east" : {
        "uv" : [ 10, 10.75, 7.5, 10.875 ],
        "texture" : "#M4A1"
      },
      "west" : {
        "uv" : [ 10, 10.75, 12.5, 10.875 ],
        "texture" : "#M4A1"
      },
      "up" : {
        "uv" : [ 4.75, 2.75, 4.875, 0.25 ],
        "texture" : "#M4A1"
      },
      "down" : {
        "uv" : [ 4.75, 2.75, 4.875, 5.25 ],
        "texture" : "#M4A1"
      }
    }
  }, {
    "from" : [ 8.125, 10.25, 8.5 ],
    "to" : [ 8.25, 10.375, 11.75 ],
    "faces" : {
      "north" : {
        "uv" : [ 5.75, 7.875, 5.625, 8 ],
        "texture" : "#M4A1"
      },
      "east" : {
        "uv" : [ 7.875, 11, 4.625, 11.125 ],
        "texture" : "#M4A1"
      },
      "south" : {
        "uv" : [ 5.625, 7.75, 5.75, 7.875 ],
        "texture" : "#M4A1"
      },
      "west" : {
        "uv" : [ 11.125, 11.125, 14.375, 11.25 ],
        "texture" : "#M4A1"
      },
      "up" : {
        "uv" : [ 2.25, 7.5, 2.375, 4.25 ],
        "texture" : "#M4A1"
      },
      "down" : {
        "uv" : [ 4.625, 7.625, 4.75, 10.875 ],
        "texture" : "#M4A1"
      }
    }
  } ],
  "display" : {
    "thirdperson_righthand" : {
      "translation" : [ 0, 0.3, -2.78 ],
      "scale" : [ 1.25, 1.25, 1.25 ]
    },
    "thirdperson_lefthand" : {
      "translation" : [ 0, 0.3, -2.78 ],
      "scale" : [ 1.25, 1.25, 1.25 ]
    },
    "firstperson_righthand" : {
      "translation" : [ -2, 3, -1 ],
      "scale" : [ 1.25, 1.25, 1.25 ],
      "rotation" : [ -4, -5, 0 ]
    },
    "firstperson_lefthand" : {
      "translation" : [ -2, 3, -1 ],
      "scale" : [ 1.25, 1.25, 1.25 ]
    },
    "ground" : {
      "scale" : [ 1.5, 1.5, 1.5 ],
      "rotation" : [ 90, 0, 0 ]
    },
    "gui" : {
      "scale" : [ 0, 1.25, 1.25 ],
      "rotation" : [ 90, 45, -90 ]
    },
    "head" : {
      "translation" : [ 0, 6.7, 0 ],
      "scale" : [ 2, 2, 2 ],
      "rotation" : [ 0, 0, 90 ]
    },
    "fixed" : {
      "scale" : [ 1.25, 1.25, 1.25 ],
      "rotation" : [ 0, 90, 0 ]
    }
  }
}
