{"textures":{"0":"modelengine:entity/specter_texture","particle":"#0"},"elements":[{"from":[11.975,5.3999996,0.19500017],"to":[11.975,7.3999996,6.1949997],"faces":{"east":{"uv":[7.25,1.5,6.5,1.75],"tintindex":0,"rotation":0,"texture":"#0"},"west":{"uv":[6.5,1.5,7.25,1.75],"tintindex":0,"rotation":0,"texture":"#0"}}},{"from":[4.5,7.8999996,0.6950002],"to":[11.5,12.9,7.695],"faces":{"east":{"uv":[5.25,2.375,6.125,3.0],"tintindex":0,"rotation":0,"texture":"#0"},"south":{"uv":[0.0,5.375,0.875,6.0],"tintindex":0,"rotation":0,"texture":"#0"},"north":{"uv":[5.0,3.125,5.875,3.75],"tintindex":0,"rotation":0,"texture":"#0"},"west":{"uv":[4.125,5.5,5.0,6.125],"tintindex":0,"rotation":0,"texture":"#0"},"up":{"uv":[2.25,4.75,1.375,3.875],"tintindex":0,"rotation":0,"texture":"#0"},"down":{"uv":[4.5,4.0,3.625,4.875],"tintindex":0,"rotation":0,"texture":"#0"}}},{"from":[4.0,7.3999996,0.19500017],"to":[12.0,13.4,8.195],"faces":{"east":{"uv":[2.375,4.375,3.375,5.125],"tintindex":0,"rotation":0,"texture":"#0"},"south":{"uv":[0.0,4.5,1.0,5.25],"tintindex":0,"rotation":0,"texture":"#0"},"north":{"uv":[4.125,0.0,5.125,0.75],"tintindex":0,"rotation":0,"texture":"#0"},"west":{"uv":[4.625,4.0,5.625,4.75],"tintindex":0,"rotation":0,"texture":"#0"},"up":{"uv":[3.75,2.0,2.75,1.0],"tintindex":0,"rotation":0,"texture":"#0"},"down":{"uv":[2.375,2.75,1.375,3.75],"tintindex":0,"rotation":0,"texture":"#0"}}},{"from":[4.025,5.3999996,0.19500017],"to":[4.025,7.3999996,6.1949997],"faces":{"east":{"uv":[7.25,1.5,6.5,1.75],"tintindex":0,"rotation":0,"texture":"#0"},"west":{"uv":[6.5,1.5,7.25,1.75],"tintindex":0,"rotation":0,"texture":"#0"}}},{"from":[4.0,5.3999996,0.22000027],"to":[12.0,7.3999996,0.22000027],"faces":{"south":{"uv":[7.5,0.375,6.5,0.625],"tintindex":0,"rotation":0,"texture":"#0"},"north":{"uv":[6.5,0.375,7.5,0.625],"tintindex":0,"rotation":0,"texture":"#0"}}}],"display":{"head":{"rotation":[0.0,0.0,0.0]},"firstperson_righthand":{"rotation":[0.0,0.0,0.0]},"thirdperson_lefthand":{"rotation":[0.0,-0.0,-0.0]},"firstperson_lefthand":{"rotation":[0.0,-0.0,-0.0]},"fixed":{"rotation":[0.0,0.0,0.0]},"ground":{"rotation":[0.0,0.0,0.0]},"thirdperson_righthand":{"rotation":[0.0,0.0,0.0]},"gui":{"rotation":[-150.0,-45.0,180.0]}}}