{"textures":{"0":"modelengine:entity/specter_texture","particle":"#0"},"elements":[{"from":[6.5754576,1.1645632,6.572222],"to":[9.575457,8.164562,9.572222],"faces":{"east":{"uv":[2.0,6.25,2.375,7.125],"tintindex":0,"rotation":0,"texture":"#0"},"south":{"uv":[1.5,6.25,1.875,7.125],"tintindex":0,"rotation":0,"texture":"#0"},"north":{"uv":[1.5,6.25,1.875,7.125],"tintindex":0,"rotation":0,"texture":"#0"},"west":{"uv":[2.0,6.25,2.375,7.125],"tintindex":0,"rotation":0,"texture":"#0"},"up":{"uv":[4.5,5.375,4.125,5.0],"tintindex":0,"rotation":0,"texture":"#0"},"down":{"uv":[3.875,7.75,3.5,8.125],"tintindex":0,"rotation":0,"texture":"#0"}}}],"display":{"head":{"rotation":[0.0,0.0,0.0]},"firstperson_righthand":{"rotation":[0.0,0.0,0.0]},"thirdperson_lefthand":{"rotation":[0.0,-0.0,-0.0]},"firstperson_lefthand":{"rotation":[0.0,-0.0,-0.0]},"fixed":{"rotation":[0.0,0.0,0.0]},"ground":{"rotation":[0.0,0.0,0.0]},"thirdperson_righthand":{"rotation":[0.0,0.0,0.0]},"gui":{"rotation":[-150.0,-45.0,180.0]}}}