{"textures":{"0":"modelengine:entity/specter_texture","particle":"#0"},"elements":[{"from":[5.742911,1.4231052,6.2400002],"to":[8.74291,8.423105,10.24],"faces":{"east":{"uv":[5.125,5.5,5.625,6.375],"tintindex":0,"rotation":0,"texture":"#0"},"south":{"uv":[0.0,6.125,0.375,7.0],"tintindex":0,"rotation":0,"texture":"#0"},"north":{"uv":[6.0,1.0,6.375,1.875],"tintindex":0,"rotation":0,"texture":"#0"},"west":{"uv":[5.75,3.875,6.25,4.75],"tintindex":0,"rotation":0,"texture":"#0"},"up":{"uv":[5.5,7.0,5.125,6.5],"tintindex":0,"rotation":0,"texture":"#0"},"down":{"uv":[6.0,6.5,5.625,7.0],"tintindex":0,"rotation":0,"texture":"#0"}}}],"display":{"head":{"rotation":[0.0,0.0,0.0]},"firstperson_righthand":{"rotation":[0.0,0.0,0.0]},"thirdperson_lefthand":{"rotation":[0.0,-0.0,-0.0]},"firstperson_lefthand":{"rotation":[0.0,-0.0,-0.0]},"fixed":{"rotation":[0.0,0.0,0.0]},"ground":{"rotation":[0.0,0.0,0.0]},"thirdperson_righthand":{"rotation":[0.0,0.0,0.0]},"gui":{"rotation":[-150.0,-45.0,180.0]}}}