{"textures":{"0":"modelengine:entity/specter_texture","particle":"#0"},"elements":[{"from":[3.0,6.8906174,3.3257556],"to":[13.0,13.890617,8.325756],"faces":{"east":{"uv":[5.25,1.375,5.875,2.25],"tintindex":0,"rotation":0,"texture":"#0"},"south":{"uv":[0.0,3.625,1.25,2.75],"tintindex":0,"rotation":0,"texture":"#0"},"north":{"uv":[0.0,2.75,1.25,3.625],"tintindex":0,"rotation":0,"texture":"#0"},"west":{"uv":[2.375,5.25,3.0,6.125],"tintindex":0,"rotation":0,"texture":"#0"},"up":{"uv":[4.875,3.875,3.625,3.25],"tintindex":0,"rotation":0,"texture":"#0"},"down":{"uv":[1.25,3.75,0.0,4.375],"tintindex":0,"rotation":0,"texture":"#0"}},"rotation":{"origin":[7.5,10.640617,4.0757556],"angle":-22.5,"axis":"x"}}],"display":{"head":{"rotation":[0.0,0.0,0.0]},"firstperson_righthand":{"rotation":[0.0,0.0,0.0]},"thirdperson_lefthand":{"rotation":[0.0,-0.0,-0.0]},"firstperson_lefthand":{"rotation":[0.0,-0.0,-0.0]},"fixed":{"rotation":[0.0,0.0,0.0]},"ground":{"rotation":[0.0,0.0,0.0]},"thirdperson_righthand":{"rotation":[0.0,0.0,0.0]},"gui":{"rotation":[-150.0,-45.0,180.0]}}}