{
	"credit": "Made by samus2002",
	"texture_size": [256, 256],
	"textures": {
		"1": "dragon_mount_texture/celestial_thunderlord"
	},
	"elements": [
		{
			"from": [3.2183, 11.18205, 8.69703],
			"to": [12.7817, 18.19521, 13.79751],
			"rotation": {"angle": 0, "axis": "y", "origin": [8, 16.37602, 8]},
			"faces": {
				"north": {"uv": [6.28125, 0, 6.75, 0.34375], "texture": "#1"},
				"east": {"uv": [0.90625, 5.78125, 1.15625, 6.125], "texture": "#1"},
				"south": {"uv": [6.28125, 0, 6.75, 0.34375], "texture": "#1"},
				"west": {"uv": [1.34375, 6.1875, 1.59375, 6.53125], "texture": "#1"},
				"up": {"uv": [7.40625, 5, 6.9375, 4.75], "texture": "#1"},
				"down": {"uv": [7.40625, 5, 6.9375, 4.75], "texture": "#1"}
			}
		},
		{
			"from": [5.06762, 7.99425, 12.77477],
			"to": [5.06762, 15.64497, 23.61329],
			"rotation": {"angle": -22.5, "axis": "y", "origin": [8, 16.37602, 8]},
			"faces": {
				"north": {"uv": [2.125, 8.5625, 2.125, 8.9375], "texture": "#1"},
				"east": {"uv": [3.75, 5.84375, 3.21875, 6.21875], "texture": "#1"},
				"south": {"uv": [2.15625, 8.5625, 2.15625, 8.9375], "texture": "#1"},
				"west": {"uv": [3.21875, 5.84375, 3.75, 6.21875], "texture": "#1"},
				"up": {"uv": [2.1875, 9.09375, 2.1875, 8.5625], "texture": "#1"},
				"down": {"uv": [2.21875, 8.5625, 2.21875, 9.09375], "texture": "#1"}
			}
		},
		{
			"from": [3.2183, 4.87675, 4.58046],
			"to": [3.2183, 11.25235, 12.86874],
			"rotation": {"angle": -22.5, "axis": "x", "origin": [8, 16.37602, 8]},
			"faces": {
				"north": {"uv": [1.5, 8.5625, 1.5, 8.875], "texture": "#1"},
				"east": {"uv": [7.21875, 1.0625, 6.8125, 1.375], "texture": "#1"},
				"south": {"uv": [1.53125, 8.5625, 1.53125, 8.875], "texture": "#1"},
				"west": {"uv": [6.8125, 1.0625, 7.21875, 1.375], "texture": "#1"},
				"up": {"uv": [1.5625, 8.96875, 1.5625, 8.5625], "texture": "#1"},
				"down": {"uv": [1.59375, 8.5625, 1.59375, 8.96875], "texture": "#1"}
			}
		},
		{
			"from": [2.89952, 10.86327, 8.37825],
			"to": [13.10048, 18.51399, 14.11629],
			"rotation": {"angle": 0, "axis": "y", "origin": [8, 16.37602, 8]},
			"faces": {
				"north": {"uv": [6.0625, 2.65625, 6.5625, 3.03125], "texture": "#1"},
				"east": {"uv": [7.15625, 2.875, 7.4375, 3.25], "texture": "#1"},
				"south": {"uv": [6.0625, 3.03125, 6.5625, 2.65625], "texture": "#1"},
				"west": {"uv": [4.46875, 7.1875, 4.75, 7.5625], "texture": "#1"},
				"up": {"uv": [2.3125, 6.9375, 1.8125, 6.65625], "texture": "#1"},
				"down": {"uv": [2.3125, 6.9375, 1.8125, 6.65625], "texture": "#1"}
			}
		},
		{
			"from": [3.3177, 18.39924, 8.38435],
			"to": [5.86794, 22.86216, 10.93459],
			"rotation": {"angle": 22.5, "axis": "x", "origin": [8, 16.37602, 8]},
			"faces": {
				"north": {"uv": [4.875, 8.1875, 5, 8.40625], "texture": "#1"},
				"east": {"uv": [0, 8.21875, 0.125, 8.4375], "texture": "#1"},
				"south": {"uv": [2.5, 8.21875, 2.625, 8.4375], "texture": "#1"},
				"west": {"uv": [2.65625, 8.21875, 2.78125, 8.4375], "texture": "#1"},
				"up": {"uv": [4.46875, 6.21875, 4.34375, 6.09375], "texture": "#1"},
				"down": {"uv": [4.6875, 6.65625, 4.5625, 6.78125], "texture": "#1"}
			}
		},
		{
			"from": [5.10634, 20.4004, 12.99677],
			"to": [7.65658, 22.31308, 18.73481],
			"rotation": {"angle": -22.5, "axis": "y", "origin": [8, 16.37602, 8]},
			"faces": {
				"north": {"uv": [4.8125, 1.65625, 4.9375, 1.75], "texture": "#1"},
				"east": {"uv": [8.21875, 6.84375, 8.5, 6.9375], "texture": "#1"},
				"south": {"uv": [5.40625, 2.78125, 5.53125, 2.875], "texture": "#1"},
				"west": {"uv": [8.21875, 7.625, 8.5, 7.71875], "texture": "#1"},
				"up": {"uv": [4.46875, 6.0625, 4.34375, 5.78125], "texture": "#1"},
				"down": {"uv": [2.46875, 8.09375, 2.34375, 8.375], "texture": "#1"}
			}
		},
		{
			"from": [1.84318, 24.29835, 13.52632],
			"to": [3.1183, 30.03639, 14.80144],
			"rotation": {"angle": 22.5, "axis": "x", "origin": [8, 16.37602, 8]},
			"faces": {
				"north": {"uv": [5.78125, 7.1875, 5.84375, 7.46875], "texture": "#1"},
				"east": {"uv": [3.65625, 8.28125, 3.71875, 8.5625], "texture": "#1"},
				"south": {"uv": [3.3125, 8.3125, 3.375, 8.59375], "texture": "#1"},
				"west": {"uv": [4.71875, 8.3125, 4.78125, 8.59375], "texture": "#1"},
				"up": {"uv": [2, 6.625, 1.9375, 6.5625], "texture": "#1"},
				"down": {"uv": [4.53125, 7.09375, 4.46875, 7.15625], "texture": "#1"}
			}
		},
		{
			"from": [8.34342, 20.4004, 12.99677],
			"to": [10.89366, 22.31308, 18.73481],
			"rotation": {"angle": 22.5, "axis": "y", "origin": [8, 16.37602, 8]},
			"faces": {
				"north": {"uv": [7.625, 0.90625, 7.75, 1], "texture": "#1"},
				"east": {"uv": [0.96875, 8.25, 1.25, 8.34375], "texture": "#1"},
				"south": {"uv": [7.8125, 2.9375, 7.9375, 3.03125], "texture": "#1"},
				"west": {"uv": [2.8125, 8.25, 3.09375, 8.34375], "texture": "#1"},
				"up": {"uv": [3.875, 8.375, 3.75, 8.09375], "texture": "#1"},
				"down": {"uv": [4.03125, 8.09375, 3.90625, 8.375], "texture": "#1"}
			}
		},
		{
			"from": [12.8817, 24.29835, 13.52632],
			"to": [14.15682, 30.03639, 14.80144],
			"rotation": {"angle": 22.5, "axis": "x", "origin": [8, 16.37602, 8]},
			"faces": {
				"north": {"uv": [7, 8.34375, 7.0625, 8.625], "texture": "#1"},
				"east": {"uv": [7.09375, 8.34375, 7.15625, 8.625], "texture": "#1"},
				"south": {"uv": [7.1875, 8.34375, 7.25, 8.625], "texture": "#1"},
				"west": {"uv": [7.28125, 8.34375, 7.34375, 8.625], "texture": "#1"},
				"up": {"uv": [8.5625, 0.84375, 8.5, 0.78125], "texture": "#1"},
				"down": {"uv": [8.5625, 1.0625, 8.5, 1.125], "texture": "#1"}
			}
		},
		{
			"from": [7.77512, 15.93748, 14.06399],
			"to": [10.32536, 17.85016, 18.52691],
			"rotation": {"angle": -45, "axis": "y", "origin": [8, 16.37602, 8]},
			"faces": {
				"north": {"uv": [6.4375, 2.53125, 6.5625, 2.625], "texture": "#1"},
				"east": {"uv": [6.9375, 5.03125, 7.15625, 5.125], "texture": "#1"},
				"south": {"uv": [6.96875, 2.875, 7.09375, 2.96875], "texture": "#1"},
				"west": {"uv": [3.40625, 8.28125, 3.625, 8.375], "texture": "#1"},
				"up": {"uv": [5.15625, 8.4375, 5.03125, 8.21875], "texture": "#1"},
				"down": {"uv": [5.3125, 8.21875, 5.1875, 8.4375], "texture": "#1"}
			}
		},
		{
			"from": [1.20562, 22.30916, 12.50269],
			"to": [2.48074, 28.0472, 13.77781],
			"rotation": {"angle": 45, "axis": "x", "origin": [8, 16.37602, 8]},
			"faces": {
				"north": {"uv": [6.40625, 8.3125, 6.46875, 8.59375], "texture": "#1"},
				"east": {"uv": [6.90625, 8.3125, 6.96875, 8.59375], "texture": "#1"},
				"south": {"uv": [8.3125, 8.25, 8.375, 8.53125], "texture": "#1"},
				"west": {"uv": [8.34375, 3.40625, 8.40625, 3.6875], "texture": "#1"},
				"up": {"uv": [8.5625, 0.40625, 8.5, 0.34375], "texture": "#1"},
				"down": {"uv": [8.5625, 0.6875, 8.5, 0.75], "texture": "#1"}
			}
		},
		{
			"from": [5.67464, 15.93748, 14.06399],
			"to": [8.22488, 17.85016, 18.52691],
			"rotation": {"angle": 45, "axis": "y", "origin": [8, 16.37602, 8]},
			"faces": {
				"north": {"uv": [8.40625, 2.9375, 8.53125, 3.03125], "texture": "#1"},
				"east": {"uv": [8.28125, 3.90625, 8.5, 4], "texture": "#1"},
				"south": {"uv": [8.40625, 3.0625, 8.53125, 3.15625], "texture": "#1"},
				"west": {"uv": [4.0625, 8.28125, 4.28125, 8.375], "texture": "#1"},
				"up": {"uv": [6.6875, 8.4375, 6.5625, 8.21875], "texture": "#1"},
				"down": {"uv": [8.375, 0.1875, 8.25, 0.40625], "texture": "#1"}
			}
		},
		{
			"from": [13.51926, 22.30916, 12.50269],
			"to": [14.79438, 28.0472, 13.77781],
			"rotation": {"angle": 45, "axis": "x", "origin": [8, 16.37602, 8]},
			"faces": {
				"north": {"uv": [7.65625, 8.34375, 7.71875, 8.625], "texture": "#1"},
				"east": {"uv": [7.75, 8.34375, 7.8125, 8.625], "texture": "#1"},
				"south": {"uv": [7.84375, 8.34375, 7.90625, 8.625], "texture": "#1"},
				"west": {"uv": [7.9375, 8.34375, 8, 8.625], "texture": "#1"},
				"up": {"uv": [8.5625, 1.21875, 8.5, 1.15625], "texture": "#1"},
				"down": {"uv": [8.5625, 1.25, 8.5, 1.3125], "texture": "#1"}
			}
		},
		{
			"from": [10.13206, 18.39924, 8.38435],
			"to": [12.6823, 22.86216, 10.93459],
			"rotation": {"angle": 22.5, "axis": "x", "origin": [8, 16.37602, 8]},
			"faces": {
				"north": {"uv": [5.59375, 8.21875, 5.71875, 8.4375], "texture": "#1"},
				"east": {"uv": [5.75, 8.21875, 5.875, 8.4375], "texture": "#1"},
				"south": {"uv": [5.90625, 8.21875, 6.03125, 8.4375], "texture": "#1"},
				"west": {"uv": [6.0625, 8.21875, 6.1875, 8.4375], "texture": "#1"},
				"up": {"uv": [0.90625, 7.0625, 0.78125, 6.9375], "texture": "#1"},
				"down": {"uv": [8.46875, 7.40625, 8.34375, 7.53125], "texture": "#1"}
			}
		},
		{
			"from": [4.49342, 10.35883, -2.81511],
			"to": [11.50658, 12.90907, 6.11073],
			"rotation": {"angle": 0, "axis": "y", "origin": [8, 16.37602, 8]},
			"faces": {
				"north": {"uv": [8.0625, 5.9375, 8.40625, 6.0625], "texture": "#1"},
				"east": {"uv": [7.8125, 1.21875, 8.25, 1.34375], "texture": "#1"},
				"south": {"uv": [8.0625, 6.09375, 8.40625, 6.21875], "texture": "#1"},
				"west": {"uv": [7.8125, 2.78125, 8.25, 2.90625], "texture": "#1"},
				"up": {"uv": [6.8125, 6.53125, 6.46875, 6.09375], "texture": "#1"},
				"down": {"uv": [6.84375, 3.0625, 6.5, 3.5], "texture": "#1"}
			}
		},
		{
			"from": [4.8122, 10.69182, -2.50993],
			"to": [11.1878, 12.6045, 5.77835],
			"rotation": {"angle": 0, "axis": "y", "origin": [8, 16.37602, 8]},
			"faces": {
				"north": {"uv": [8.21875, 1.5625, 8.53125, 1.65625], "texture": "#1"},
				"east": {"uv": [5.9375, 4.90625, 6.34375, 5], "texture": "#1"},
				"south": {"uv": [8.21875, 1.6875, 8.53125, 1.78125], "texture": "#1"},
				"west": {"uv": [5.96875, 0.96875, 6.375, 1.0625], "texture": "#1"},
				"up": {"uv": [5.84375, 7.15625, 5.53125, 6.75], "texture": "#1"},
				"down": {"uv": [5.84375, 7.15625, 5.53125, 6.75], "texture": "#1"}
			}
		},
		{
			"from": [4.49342, 7.17103, -2.81511],
			"to": [4.49342, 10.35883, 6.11073],
			"rotation": {"angle": 0, "axis": "y", "origin": [8, 16.37602, 8]},
			"faces": {
				"north": {"uv": [6.71875, 8.53125, 6.71875, 8.6875], "texture": "#1"},
				"east": {"uv": [8.0625, 1.375, 7.625, 1.53125], "texture": "#1"},
				"south": {"uv": [6.75, 8.53125, 6.75, 8.6875], "texture": "#1"},
				"west": {"uv": [7.625, 1.375, 8.0625, 1.53125], "texture": "#1"},
				"up": {"uv": [6.78125, 8.96875, 6.78125, 8.53125], "texture": "#1"},
				"down": {"uv": [6.8125, 8.53125, 6.8125, 8.96875], "texture": "#1"}
			}
		},
		{
			"from": [11.50658, 7.17103, -2.81511],
			"to": [11.50658, 10.35883, 6.11073],
			"rotation": {"angle": 0, "axis": "y", "origin": [8, 16.37602, 8]},
			"faces": {
				"north": {"uv": [6.71875, 8.53125, 6.71875, 8.6875], "texture": "#1"},
				"east": {"uv": [8.0625, 1.375, 7.625, 1.53125], "texture": "#1"},
				"south": {"uv": [6.75, 8.53125, 6.75, 8.6875], "texture": "#1"},
				"west": {"uv": [7.625, 1.375, 8.0625, 1.53125], "texture": "#1"},
				"up": {"uv": [6.78125, 8.96875, 6.78125, 8.53125], "texture": "#1"},
				"down": {"uv": [6.8125, 8.53125, 6.8125, 8.96875], "texture": "#1"}
			}
		},
		{
			"from": [4.50936, 12.90907, -2.81511],
			"to": [4.50936, 15.45931, 5.47317],
			"rotation": {"angle": 0, "axis": "y", "origin": [8, 16.37602, 8]},
			"faces": {
				"north": {"uv": [5.375, 4.53125, 5.375, 4.65625], "texture": "#1"},
				"east": {"uv": [8.28125, 5.78125, 7.875, 5.90625], "texture": "#1"},
				"south": {"uv": [5.375, 4.6875, 5.375, 4.8125], "texture": "#1"},
				"west": {"uv": [7.875, 5.78125, 8.28125, 5.90625], "texture": "#1"},
				"up": {"uv": [5.15625, 6.09375, 5.15625, 5.6875], "texture": "#1"},
				"down": {"uv": [3.59375, 8.40625, 3.59375, 8.8125], "texture": "#1"}
			}
		},
		{
			"from": [11.49064, 12.90907, -2.81511],
			"to": [11.49064, 15.45931, 5.47317],
			"rotation": {"angle": 0, "axis": "y", "origin": [8, 16.37602, 8]},
			"faces": {
				"north": {"uv": [5.375, 4.53125, 5.375, 4.65625], "texture": "#1"},
				"east": {"uv": [8.28125, 5.78125, 7.875, 5.90625], "texture": "#1"},
				"south": {"uv": [5.375, 4.6875, 5.375, 4.8125], "texture": "#1"},
				"west": {"uv": [7.875, 5.78125, 8.28125, 5.90625], "texture": "#1"},
				"up": {"uv": [5.15625, 6.09375, 5.15625, 5.6875], "texture": "#1"},
				"down": {"uv": [3.59375, 8.40625, 3.59375, 8.8125], "texture": "#1"}
			}
		},
		{
			"from": [4.8122, 12.90907, -2.81511],
			"to": [11.1878, 16.09687, 5.47317],
			"rotation": {"angle": 0, "axis": "y", "origin": [8, 16.37602, 8]},
			"faces": {
				"north": {"uv": [7.9375, 3.90625, 8.25, 4.0625], "texture": "#1"},
				"east": {"uv": [7.65625, 2.0625, 8.0625, 2.21875], "texture": "#1"},
				"south": {"uv": [4.0625, 7.9375, 4.375, 8.09375], "texture": "#1"},
				"west": {"uv": [7.65625, 3.25, 8.0625, 3.40625], "texture": "#1"},
				"up": {"uv": [4.53125, 7.0625, 4.21875, 6.65625], "texture": "#1"},
				"down": {"uv": [6.1875, 6.65625, 5.875, 7.0625], "texture": "#1"}
			}
		},
		{
			"from": [4.8122, 10.99639, -2.81511],
			"to": [4.8122, 12.90907, 5.47317],
			"rotation": {"angle": 0, "axis": "y", "origin": [8, 16.37602, 8]},
			"faces": {
				"north": {"uv": [4.3125, 8.28125, 4.3125, 8.375], "texture": "#1"},
				"east": {"uv": [5.375, 2.78125, 4.96875, 2.875], "texture": "#1"},
				"south": {"uv": [8.53125, 1.8125, 8.53125, 1.90625], "texture": "#1"},
				"west": {"uv": [4.96875, 2.78125, 5.375, 2.875], "texture": "#1"},
				"up": {"uv": [5.5, 8.9375, 5.5, 8.53125], "texture": "#1"},
				"down": {"uv": [5.53125, 8.53125, 5.53125, 8.9375], "texture": "#1"}
			}
		},
		{
			"from": [11.1878, 10.99639, -2.81511],
			"to": [11.1878, 12.90907, 5.47317],
			"rotation": {"angle": 0, "axis": "y", "origin": [8, 16.37602, 8]},
			"faces": {
				"north": {"uv": [4.3125, 8.28125, 4.3125, 8.375], "texture": "#1"},
				"east": {"uv": [5.375, 2.78125, 4.96875, 2.875], "texture": "#1"},
				"south": {"uv": [8.53125, 1.8125, 8.53125, 1.90625], "texture": "#1"},
				"west": {"uv": [4.96875, 2.78125, 5.375, 2.875], "texture": "#1"},
				"up": {"uv": [5.5, 8.9375, 5.5, 8.53125], "texture": "#1"},
				"down": {"uv": [5.53125, 8.53125, 5.53125, 8.9375], "texture": "#1"}
			}
		},
		{
			"from": [4.8122, 16.09687, -2.81511],
			"to": [6.08732, 17.37199, -0.90243],
			"rotation": {"angle": 0, "axis": "y", "origin": [8, 16.37602, 8]},
			"faces": {
				"north": {"uv": [8.46875, 8.0625, 8.53125, 8.125], "texture": "#1"},
				"east": {"uv": [3.9375, 5.125, 4.03125, 5.1875], "texture": "#1"},
				"south": {"uv": [8.46875, 8.15625, 8.53125, 8.21875], "texture": "#1"},
				"west": {"uv": [5.53125, 1.09375, 5.625, 1.15625], "texture": "#1"},
				"up": {"uv": [1.03125, 8.21875, 0.96875, 8.125], "texture": "#1"},
				"down": {"uv": [8.5, 3.5625, 8.4375, 3.65625], "texture": "#1"}
			}
		},
		{
			"from": [9.91268, 16.09687, -2.81511],
			"to": [11.1878, 17.37199, -0.90243],
			"rotation": {"angle": 0, "axis": "y", "origin": [8, 16.37602, 8]},
			"faces": {
				"north": {"uv": [8.5, 0, 8.5625, 0.0625], "texture": "#1"},
				"east": {"uv": [6.28125, 0.375, 6.375, 0.4375], "texture": "#1"},
				"south": {"uv": [8.5, 0.09375, 8.5625, 0.15625], "texture": "#1"},
				"west": {"uv": [1.8125, 6.5625, 1.90625, 6.625], "texture": "#1"},
				"up": {"uv": [8.5, 6.21875, 8.4375, 6.125], "texture": "#1"},
				"down": {"uv": [8.5, 6.59375, 8.4375, 6.6875], "texture": "#1"}
			}
		},
		{
			"from": [4.17464, 11.42452, 3.5696],
			"to": [11.82536, 14.61232, 9.30764],
			"rotation": {"angle": -22.5, "axis": "x", "origin": [8, 16.37602, 8]},
			"faces": {
				"north": {"uv": [7.71875, 0.5, 8.09375, 0.65625], "texture": "#1"},
				"east": {"uv": [5.0625, 8.03125, 5.34375, 8.1875], "texture": "#1"},
				"south": {"uv": [7.71875, 0.5, 8.09375, 0.65625], "texture": "#1"},
				"west": {"uv": [8.0625, 0, 8.34375, 0.15625], "texture": "#1"},
				"up": {"uv": [4.4375, 7.375, 4.0625, 7.09375], "texture": "#1"},
				"down": {"uv": [4.4375, 7.375, 4.0625, 7.09375], "texture": "#1"}
			}
		},
		{
			"from": [4.49342, 11.90789, 3.8154],
			"to": [11.50658, 14.45813, 8.91588],
			"rotation": {"angle": -22.5, "axis": "x", "origin": [8, 16.37602, 8]},
			"faces": {
				"north": {"uv": [8.0625, 6.4375, 8.40625, 6.5625], "texture": "#1"},
				"east": {"uv": [3.40625, 8.125, 3.65625, 8.25], "texture": "#1"},
				"south": {"uv": [8.0625, 6.59375, 8.40625, 6.71875], "texture": "#1"},
				"west": {"uv": [4.0625, 8.125, 4.3125, 8.25], "texture": "#1"},
				"up": {"uv": [5.90625, 3.40625, 5.5625, 3.15625], "texture": "#1"},
				"down": {"uv": [7.59375, 1.40625, 7.25, 1.65625], "texture": "#1"}
			}
		},
		{
			"from": [4.17464, 8.23672, 3.60148],
			"to": [4.17464, 11.42452, 9.33952],
			"rotation": {"angle": -22.5, "axis": "x", "origin": [8, 16.37602, 8]},
			"faces": {
				"north": {"uv": [0.5625, 8.5625, 0.5625, 8.71875], "texture": "#1"},
				"east": {"uv": [3.15625, 8.0625, 2.875, 8.21875], "texture": "#1"},
				"south": {"uv": [0.59375, 8.5625, 0.59375, 8.71875], "texture": "#1"},
				"west": {"uv": [2.875, 8.0625, 3.15625, 8.21875], "texture": "#1"},
				"up": {"uv": [0.625, 8.84375, 0.625, 8.5625], "texture": "#1"},
				"down": {"uv": [0.65625, 8.5625, 0.65625, 8.84375], "texture": "#1"}
			}
		},
		{
			"from": [12.7817, 4.87675, 4.58046],
			"to": [12.7817, 11.25235, 12.86874],
			"rotation": {"angle": -22.5, "axis": "x", "origin": [8, 16.37602, 8]},
			"faces": {
				"north": {"uv": [1.5, 8.5625, 1.5, 8.875], "texture": "#1"},
				"east": {"uv": [7.21875, 1.0625, 6.8125, 1.375], "texture": "#1"},
				"south": {"uv": [1.53125, 8.5625, 1.53125, 8.875], "texture": "#1"},
				"west": {"uv": [6.8125, 1.0625, 7.21875, 1.375], "texture": "#1"},
				"up": {"uv": [1.5625, 8.96875, 1.5625, 8.5625], "texture": "#1"},
				"down": {"uv": [1.59375, 8.5625, 1.59375, 8.96875], "texture": "#1"}
			}
		},
		{
			"from": [11.82536, 8.23672, 3.60148],
			"to": [11.82536, 11.42452, 9.33952],
			"rotation": {"angle": -22.5, "axis": "x", "origin": [8, 16.37602, 8]},
			"faces": {
				"north": {"uv": [0.5625, 8.5625, 0.5625, 8.71875], "texture": "#1"},
				"east": {"uv": [3.15625, 8.0625, 2.875, 8.21875], "texture": "#1"},
				"south": {"uv": [0.59375, 8.5625, 0.59375, 8.71875], "texture": "#1"},
				"west": {"uv": [2.875, 8.0625, 3.15625, 8.21875], "texture": "#1"},
				"up": {"uv": [0.625, 8.84375, 0.625, 8.5625], "texture": "#1"},
				"down": {"uv": [0.65625, 8.5625, 0.65625, 8.84375], "texture": "#1"}
			}
		},
		{
			"from": [10.93238, 7.99425, 12.77477],
			"to": [10.93238, 15.64497, 23.61329],
			"rotation": {"angle": 22.5, "axis": "y", "origin": [8, 16.37602, 8]},
			"faces": {
				"north": {"uv": [2.125, 8.5625, 2.125, 8.9375], "texture": "#1"},
				"east": {"uv": [3.75, 5.84375, 3.21875, 6.21875], "texture": "#1"},
				"south": {"uv": [2.15625, 8.5625, 2.15625, 8.9375], "texture": "#1"},
				"west": {"uv": [3.21875, 5.84375, 3.75, 6.21875], "texture": "#1"},
				"up": {"uv": [2.1875, 9.09375, 2.1875, 8.5625], "texture": "#1"},
				"down": {"uv": [2.21875, 8.5625, 2.21875, 9.09375], "texture": "#1"}
			}
		},
		{
			"from": [4.49342, 13.97476, 3.60148],
			"to": [11.50658, 17.80012, 9.33952],
			"rotation": {"angle": -22.5, "axis": "x", "origin": [8, 16.37602, 8]},
			"faces": {
				"north": {"uv": [5.6875, 1.4375, 6.03125, 1.625], "texture": "#1"},
				"east": {"uv": [2.875, 7.84375, 3.15625, 8.03125], "texture": "#1"},
				"south": {"uv": [5.6875, 1.4375, 6.03125, 1.625], "texture": "#1"},
				"west": {"uv": [3.75, 7.875, 4.03125, 8.0625], "texture": "#1"},
				"up": {"uv": [7.53125, 6.34375, 7.1875, 6.0625], "texture": "#1"},
				"down": {"uv": [7.53125, 6.34375, 7.1875, 6.0625], "texture": "#1"}
			}
		},
		{
			"from": [4.8122, 14.39127, 4.06651],
			"to": [11.1878, 17.57907, 9.16699],
			"rotation": {"angle": -22.5, "axis": "x", "origin": [8, 16.37602, 8]},
			"faces": {
				"north": {"uv": [7.9375, 4.90625, 8.25, 5.0625], "texture": "#1"},
				"east": {"uv": [8.09375, 0.6875, 8.34375, 0.84375], "texture": "#1"},
				"south": {"uv": [7.9375, 5.09375, 8.25, 5.25], "texture": "#1"},
				"west": {"uv": [8.09375, 1.375, 8.34375, 1.53125], "texture": "#1"},
				"up": {"uv": [7.8125, 2.59375, 7.5, 2.34375], "texture": "#1"},
				"down": {"uv": [3.71875, 7.5, 3.40625, 7.75], "texture": "#1"}
			}
		},
		{
			"from": [5.13098, 13.22785, -2.49633],
			"to": [10.86902, 15.77809, 5.15439],
			"rotation": {"angle": 0, "axis": "y", "origin": [8, 16.37602, 8]},
			"faces": {
				"north": {"uv": [8.09375, 3.25, 8.375, 3.375], "texture": "#1"},
				"east": {"uv": [4.65625, 8.03125, 5.03125, 8.15625], "texture": "#1"},
				"south": {"uv": [8.09375, 3.25, 8.375, 3.375], "texture": "#1"},
				"west": {"uv": [8.03125, 5.5625, 8.40625, 5.6875], "texture": "#1"},
				"up": {"uv": [7.46875, 5.40625, 7.1875, 5.03125], "texture": "#1"},
				"down": {"uv": [7.46875, 5.40625, 7.1875, 5.03125], "texture": "#1"}
			}
		},
		{
			"from": [5.13098, 17.80012, 3.60148],
			"to": [5.13098, 22.26304, 9.33952],
			"rotation": {"angle": -22.5, "axis": "x", "origin": [8, 16.37602, 8]},
			"faces": {
				"north": {"uv": [0.8125, 8.5625, 0.8125, 8.78125], "texture": "#1"},
				"east": {"uv": [0.5625, 7.75, 0.28125, 7.96875], "texture": "#1"},
				"south": {"uv": [0.84375, 8.5625, 0.84375, 8.78125], "texture": "#1"},
				"west": {"uv": [0.28125, 7.75, 0.5625, 7.96875], "texture": "#1"},
				"up": {"uv": [0.875, 8.84375, 0.875, 8.5625], "texture": "#1"},
				"down": {"uv": [0.90625, 8.5625, 0.90625, 8.84375], "texture": "#1"}
			}
		},
		{
			"from": [10.86902, 17.80012, 3.60148],
			"to": [10.86902, 22.26304, 9.33952],
			"rotation": {"angle": -22.5, "axis": "x", "origin": [8, 16.37602, 8]},
			"faces": {
				"north": {"uv": [0.8125, 8.5625, 0.8125, 8.78125], "texture": "#1"},
				"east": {"uv": [0.5625, 7.75, 0.28125, 7.96875], "texture": "#1"},
				"south": {"uv": [0.84375, 8.5625, 0.84375, 8.78125], "texture": "#1"},
				"west": {"uv": [0.28125, 7.75, 0.5625, 7.96875], "texture": "#1"},
				"up": {"uv": [0.875, 8.84375, 0.875, 8.5625], "texture": "#1"},
				"down": {"uv": [0.90625, 8.5625, 0.90625, 8.84375], "texture": "#1"}
			}
		},
		{
			"from": [3.53708, 16.525, 2.96392],
			"to": [4.8122, 18.43768, 9.33952],
			"rotation": {"angle": -22.5, "axis": "x", "origin": [8, 16.37602, 8]},
			"faces": {
				"north": {"uv": [1.1875, 7.09375, 1.25, 7.1875], "texture": "#1"},
				"east": {"uv": [6.09375, 2.53125, 6.40625, 2.625], "texture": "#1"},
				"south": {"uv": [4.6875, 7.59375, 4.75, 7.6875], "texture": "#1"},
				"west": {"uv": [7.625, 1.5625, 7.9375, 1.65625], "texture": "#1"},
				"up": {"uv": [3.46875, 4.3125, 3.40625, 4], "texture": "#1"},
				"down": {"uv": [3.875, 5.25, 3.8125, 5.5625], "texture": "#1"}
			}
		},
		{
			"from": [11.1878, 16.525, 2.96392],
			"to": [12.46292, 18.43768, 9.33952],
			"rotation": {"angle": -22.5, "axis": "x", "origin": [8, 16.37602, 8]},
			"faces": {
				"north": {"uv": [8.46875, 4.90625, 8.53125, 5], "texture": "#1"},
				"east": {"uv": [4.53125, 8.1875, 4.84375, 8.28125], "texture": "#1"},
				"south": {"uv": [6.0625, 8.46875, 6.125, 8.5625], "texture": "#1"},
				"west": {"uv": [8.1875, 5.34375, 8.5, 5.4375], "texture": "#1"},
				"up": {"uv": [6.4375, 6.96875, 6.375, 6.65625], "texture": "#1"},
				"down": {"uv": [7.625, 8.25, 7.5625, 8.5625], "texture": "#1"}
			}
		},
		{
			"from": [11.49064, 12.90907, -2.81511],
			"to": [11.49064, 15.45931, 5.47317],
			"rotation": {"angle": 0, "axis": "y", "origin": [8, 16.37602, 8]},
			"faces": {
				"north": {"uv": [5.375, 4.53125, 5.375, 4.65625], "texture": "#1"},
				"east": {"uv": [8.28125, 5.78125, 7.875, 5.90625], "texture": "#1"},
				"south": {"uv": [5.375, 4.6875, 5.375, 4.8125], "texture": "#1"},
				"west": {"uv": [7.875, 5.78125, 8.28125, 5.90625], "texture": "#1"},
				"up": {"uv": [5.15625, 6.09375, 5.15625, 5.6875], "texture": "#1"},
				"down": {"uv": [3.59375, 8.40625, 3.59375, 8.8125], "texture": "#1"}
			}
		}
	],
	"gui_light": "front",
	"display": {
		"gui": {
			"rotation": [0, 90, 0],
			"translation": [-0.5, -5.25, 0],
			"scale": [0.65, 0.65, 0.65]
		}
	},
	"groups": [
		{
			"name": "h_head_right",
			"origin": [16.53126, 50.23429, -110.82321],
			"rotation": [-7.5, 0, 0],
			"color": 0,
			"children": [
				0,
				1,
				2,
				3,
				4,
				5,
				6,
				7,
				8,
				9,
				10,
				11,
				12,
				13,
				{
					"name": "h_jaw_right",
					"origin": [16.53776, 43.12528, -136.53269],
					"color": 0,
					"children": [14, 15, 16, 17, 18, 19]
				},
				20,
				21,
				22,
				23,
				24,
				25,
				26,
				27,
				28,
				29,
				30,
				31,
				32,
				33,
				34,
				35,
				36,
				37,
				38,
				{
					"name": "tag_name",
					"origin": [16.53126, 63.43193, -127.40778],
					"color": 0,
					"children": []
				},
				{
					"name": "ob_head",
					"origin": [17.20763, 51.41401, -133.71575],
					"rotation": [-7.15855, 2.62112, 1.938],
					"color": 0,
					"children": [39]
				},
				{
					"name": "righthitpart",
					"origin": [-6.46172, 45.78201, -615.6617],
					"color": 0,
					"children": []
				}
			]
		}
	]
}