{
	"credit": "Made by samus2002",
	"textures": {
		"0": "rms_the_end_texture/ender_witch",
		"particle": "rms_the_end_texture/ender_witch"
	},
	"elements": [
		{
			"from": [2.5, 4, 6.25],
			"to": [13.5, 16, 16.25],
			"rotation": {"angle": 0, "axis": "y", "origin": [8, 8, 8]},
			"faces": {
				"north": {"uv": [7.25, 5.125, 8.625, 6.625], "texture": "#0"},
				"east": {"uv": [8, 0, 9.25, 1.5], "texture": "#0"},
				"south": {"uv": [7.25, 6.75, 8.625, 8.25], "texture": "#0"},
				"west": {"uv": [0, 8.125, 1.25, 9.625], "texture": "#0"},
				"up": {"uv": [9.375, 2.875, 8, 1.625], "texture": "#0"},
				"down": {"uv": [2.75, 8.125, 1.375, 9.375], "texture": "#0"}
			}
		},
		{
			"from": [5.5, 2, 3.25],
			"to": [10.5, 10, 6.25],
			"rotation": {"angle": 0, "axis": "y", "origin": [8, 8, 8]},
			"faces": {
				"north": {"uv": [9.375, 11, 10, 12], "texture": "#0"},
				"east": {"uv": [8.125, 10.625, 8.5, 11.625], "texture": "#0"},
				"south": {"uv": [2.75, 11.125, 3.375, 12.125], "texture": "#0"},
				"west": {"uv": [1.75, 11.25, 2.125, 12.25], "texture": "#0"},
				"up": {"uv": [12.375, 10, 11.75, 9.625], "texture": "#0"},
				"down": {"uv": [12.375, 10.125, 11.75, 10.5], "texture": "#0"}
			}
		}
	],
	"gui_light": "front",
	"display": {
		"gui": {
			"rotation": [22, 144, 0],
			"translation": [-1, -1.25, 0],
			"scale": [0.6, 0.6, 0.6]
		}
	},
	"groups": [
		{
			"name": "head",
			"origin": [8, 6, 15.25],
			"color": 0,
			"children": [
				0,
				{
					"name": "nose",
					"origin": [8, 8.25, 6.25],
					"color": 0,
					"children": [1]
				},
				{
					"name": "tag_name",
					"origin": [8, 17, 10.25],
					"color": 0,
					"children": []
				}
			]
		}
	]
}