{
  "textures": {
    "0": "modelengine:entity/nightharrow_wendigo_ghost_texture"
  },
  "elements": [
    {
      "from": [
        5.5,
        5.289364,
        -4.180519
      ],
      "to": [
        5.5,
        8.289364,
        6.819481
      ],
      "faces": {
        "east": {
          "uv": [
            7.1875,
            2.375,
            7.875,
            2.5625
          ],
          "tintindex": 0,
          "rotation": 0,
          "texture": "#0"
        },
        "west": {
          "uv": [
            7.1875,
            5.0625,
            7.875,
            5.25
          ],
          "tintindex": 0,
          "rotation": 0,
          "texture": "#0"
        }
      },
      "rotation": {
        "origin": [
          8.5,
          7.289364,
          0.069480896
        ],
        "angle": -22.5,
        "axis": "x"
      }
    },
    {
      "from": [
        5.5,
        5.289364,
        -4.180519
      ],
      "to": [
        10.5,
        8.289364,
        -4.180519
      ],
      "faces": {
        "south": {
          "uv": [
            2.8125,
            8.375,
            3.125,
            8.5625
          ],
          "tintindex": 0,
          "rotation": 0,
          "texture": "#0"
        },
        "north": {
          "uv": [
            8.375,
            0,
            8.6875,
            0.1875
          ],
          "tintindex": 0,
          "rotation": 0,
          "texture": "#0"
        }
      },
      "rotation": {
        "origin": [
          8.5,
          7.289364,
          0.069480896
        ],
        "angle": -22.5,
        "axis": "x"
      }
    },
    {
      "from": [
        5.5,
        3.2893639,
        -4.180519
      ],
      "to": [
        10.5,
        5.289364,
        7.819481
      ],
      "faces": {
        "east": {
          "uv": [
            7.75,
            0.25,
            8.5,
            0.375
          ],
          "tintindex": 0,
          "rotation": 0,
          "texture": "#0"
        },
        "south": {
          "uv": [
            8.8125,
            3.3125,
            9.125,
            3.4375
          ],
          "tintindex": 0,
          "rotation": 0,
          "texture": "#0"
        },
        "north": {
          "uv": [
            8.8125,
            0.375,
            9.125,
            0.5
          ],
          "tintindex": 0,
          "rotation": 0,
          "texture": "#0"
        },
        "west": {
          "uv": [
            7.75,
            0.4375,
            8.5,
            0.5625
          ],
          "tintindex": 0,
          "rotation": 0,
          "texture": "#0"
        },
        "up": {
          "uv": [
            6.375,
            6.5,
            6.0625,
            5.75
          ],
          "tintindex": 0,
          "rotation": 0,
          "texture": "#0"
        },
        "down": {
          "uv": [
            6.5625,
            3.5,
            6.25,
            4.25
          ],
          "tintindex": 0,
          "rotation": 0,
          "texture": "#0"
        }
      },
      "rotation": {
        "origin": [
          8.5,
          7.289364,
          0.069480896
        ],
        "angle": -22.5,
        "axis": "x"
      }
    },
    {
      "from": [
        10.5,
        5.289364,
        -4.180519
      ],
      "to": [
        10.5,
        8.289364,
        6.819481
      ],
      "faces": {
        "east": {
          "uv": [
            7.875,
            5.0625,
            7.1875,
            5.25
          ],
          "tintindex": 0,
          "rotation": 0,
          "texture": "#0"
        },
        "west": {
          "uv": [
            7.875,
            2.375,
            7.1875,
            2.5625
          ],
          "tintindex": 0,
          "rotation": 0,
          "texture": "#0"
        }
      },
      "rotation": {
        "origin": [
          7.5,
          7.289364,
          0.069480896
        ],
        "angle": -22.5,
        "axis": "x"
      }
    }
  ],
  "display": {
    "gui": {
      "rotation": [
        30,
        225,
        0
      ]
    }
  }
}