{
  "textures": {
    "0": "modelengine:entity/nightharrow_wendigo_ghost_texture"
  },
  "elements": [
    {
      "from": [
        8.262025,
        -7.723343,
        5.6448584
      ],
      "to": [
        15.262024,
        5.276657,
        5.6448584
      ],
      "faces": {
        "south": {
          "uv": [
            3.9375,
            5.125,
            4.375,
            5.9375
          ],
          "tintindex": 0,
          "rotation": 0,
          "texture": "#0"
        },
        "north": {
          "uv": [
            4.375,
            5.125,
            3.9375,
            5.9375
          ],
          "tintindex": 0,
          "rotation": 0,
          "texture": "#0"
        }
      },
      "rotation": {
        "origin": [
          10.365578,
          -0.9733429,
          7.766179
        ],
        "angle": -45,
        "axis": "y"
      }
    },
    {
      "from": [
        5.3781414,
        -7.723343,
        4.778742
      ],
      "to": [
        10.378141,
        5.276657,
        11.778742
      ],
      "faces": {
        "east": {
          "uv": [
            5.5625,
            2.625,
            5.125,
            3.4375
          ],
          "tintindex": 0,
          "rotation": 0,
          "texture": "#0"
        },
        "south": {
          "uv": [
            2.8125,
            5.9375,
            2.5,
            6.75
          ],
          "tintindex": 0,
          "rotation": 0,
          "texture": "#0"
        },
        "north": {
          "uv": [
            6.1875,
            3.5,
            5.875,
            4.3125
          ],
          "tintindex": 0,
          "rotation": 0,
          "texture": "#0"
        },
        "west": {
          "uv": [
            1.9375,
            5,
            1.5,
            5.8125
          ],
          "tintindex": 0,
          "rotation": 0,
          "texture": "#0"
        },
        "up": {
          "uv": [
            0.5625,
            5.1875,
            0.875,
            4.75
          ],
          "tintindex": 0,
          "rotation": 0,
          "texture": "#0"
        },
        "down": {
          "uv": [
            2.125,
            7.3125,
            2.4375,
            7.75
          ],
          "tintindex": 0,
          "rotation": 0,
          "texture": "#0"
        }
      }
    },
    {
      "from": [
        5.8781414,
        -9.723343,
        5.278742
      ],
      "to": [
        9.878141,
        8.276657,
        11.278742
      ],
      "faces": {
        "east": {
          "uv": [
            4.375,
            0,
            4,
            1.125
          ],
          "tintindex": 0,
          "rotation": 0,
          "texture": "#0"
        },
        "south": {
          "uv": [
            1.375,
            5.3125,
            1.125,
            6.4375
          ],
          "tintindex": 0,
          "rotation": 0,
          "texture": "#0"
        },
        "north": {
          "uv": [
            1.375,
            5.3125,
            1.125,
            6.4375
          ],
          "tintindex": 0,
          "rotation": 0,
          "texture": "#0"
        },
        "west": {
          "uv": [
            4.375,
            0,
            4,
            1.125
          ],
          "tintindex": 0,
          "rotation": 0,
          "texture": "#0"
        },
        "up": {
          "uv": [
            4.9375,
            8.0625,
            5.1875,
            7.6875
          ],
          "tintindex": 0,
          "rotation": 0,
          "texture": "#0"
        },
        "down": {
          "uv": [
            4.9375,
            8.0625,
            5.1875,
            7.6875
          ],
          "tintindex": 0,
          "rotation": 0,
          "texture": "#0"
        }
      }
    }
  ],
  "display": {
    "gui": {
      "rotation": [
        30,
        225,
        0
      ]
    }
  }
}