{
  "textures": {
    "0": "modelengine:entity/nightharrow_wendigo_ghost_texture"
  },
  "elements": [
    {
      "from": [
        10.974999,
        1.5428929,
        7.8786793
      ],
      "to": [
        10.974999,
        8.542893,
        14.878679
      ],
      "faces": {
        "east": {
          "uv": [
            7.0625,
            3.4375,
            6.625,
            3.875
          ],
          "tintindex": 0,
          "rotation": 0,
          "texture": "#0"
        },
        "west": {
          "uv": [
            6.625,
            3.4375,
            7.0625,
            3.875
          ],
          "tintindex": 0,
          "rotation": 0,
          "texture": "#0"
        }
      },
      "rotation": {
        "origin": [
          8,
          6.0428934,
          9.378679
        ],
        "angle": -45,
        "axis": "x"
      }
    },
    {
      "from": [
        5.0249996,
        1.5428929,
        7.8786793
      ],
      "to": [
        5.0249996,
        8.542893,
        14.878679
      ],
      "faces": {
        "east": {
          "uv": [
            7.0625,
            3.4375,
            6.625,
            3.875
          ],
          "tintindex": 0,
          "rotation": 0,
          "texture": "#0"
        },
        "west": {
          "uv": [
            6.625,
            3.4375,
            7.0625,
            3.875
          ],
          "tintindex": 0,
          "rotation": 0,
          "texture": "#0"
        }
      },
      "rotation": {
        "origin": [
          8,
          6.0428934,
          9.378679
        ],
        "angle": -45,
        "axis": "x"
      }
    },
    {
      "from": [
        7,
        1.5428929,
        7.8786793
      ],
      "to": [
        7,
        8.542893,
        14.878679
      ],
      "faces": {
        "east": {
          "uv": [
            7.0625,
            3.4375,
            6.625,
            3.875
          ],
          "tintindex": 0,
          "rotation": 0,
          "texture": "#0"
        },
        "west": {
          "uv": [
            6.625,
            3.4375,
            7.0625,
            3.875
          ],
          "tintindex": 0,
          "rotation": 0,
          "texture": "#0"
        }
      },
      "rotation": {
        "origin": [
          8,
          6.0428934,
          9.378679
        ],
        "angle": -45,
        "axis": "x"
      }
    },
    {
      "from": [
        9,
        1.5428929,
        7.8786793
      ],
      "to": [
        9,
        8.542893,
        14.878679
      ],
      "faces": {
        "east": {
          "uv": [
            7.0625,
            3.4375,
            6.625,
            3.875
          ],
          "tintindex": 0,
          "rotation": 0,
          "texture": "#0"
        },
        "west": {
          "uv": [
            6.625,
            3.4375,
            7.0625,
            3.875
          ],
          "tintindex": 0,
          "rotation": 0,
          "texture": "#0"
        }
      },
      "rotation": {
        "origin": [
          8,
          6.0428934,
          9.378679
        ],
        "angle": -45,
        "axis": "x"
      }
    }
  ],
  "display": {
    "gui": {
      "rotation": [
        30,
        225,
        0
      ]
    }
  }
}