{
  "textures": {
    "0": "modelengine:entity/nightharrow_wendigo_ghost_texture"
  },
  "elements": [
    {
      "from": [
        7.3416667,
        8.919767,
        7.2759953
      ],
      "to": [
        8.658334,
        10.919767,
        8.609328
      ],
      "faces": {
        "east": {
          "uv": [
            7.25,
            7.875,
            7.5,
            8.25
          ],
          "tintindex": 0,
          "rotation": 0,
          "texture": "#0"
        },
        "south": {
          "uv": [
            6,
            7.8125,
            6.25,
            8.1875
          ],
          "tintindex": 0,
          "rotation": 0,
          "texture": "#0"
        },
        "north": {
          "uv": [
            6,
            7.8125,
            6.25,
            8.1875
          ],
          "tintindex": 0,
          "rotation": 0,
          "texture": "#0"
        },
        "west": {
          "uv": [
            3.4375,
            7.9375,
            3.6875,
            8.3125
          ],
          "tintindex": 0,
          "rotation": 0,
          "texture": "#0"
        },
        "up": {
          "uv": [
            8.5625,
            1.125,
            8.3125,
            1.375
          ],
          "tintindex": 0,
          "rotation": 0,
          "texture": "#0"
        },
        "down": {
          "uv": [
            8.5625,
            1.125,
            8.3125,
            1.375
          ],
          "tintindex": 0,
          "rotation": 0,
          "texture": "#0"
        }
      }
    },
    {
      "from": [
        7.5,
        5.253101,
        7.4426622
      ],
      "to": [
        8.5,
        11.253101,
        8.442662
      ],
      "faces": {
        "east": {
          "uv": [
            6.4375,
            6.375,
            6.625,
            7.5
          ],
          "tintindex": 0,
          "rotation": 0,
          "texture": "#0"
        },
        "south": {
          "uv": [
            0.9375,
            6.5,
            1.125,
            7.625
          ],
          "tintindex": 0,
          "rotation": 0,
          "texture": "#0"
        },
        "north": {
          "uv": [
            4.125,
            6,
            4.3125,
            7.125
          ],
          "tintindex": 0,
          "rotation": 0,
          "texture": "#0"
        },
        "west": {
          "uv": [
            1.1875,
            6.5,
            1.375,
            7.625
          ],
          "tintindex": 0,
          "rotation": 0,
          "texture": "#0"
        },
        "up": {
          "uv": [
            2.125,
            9.125,
            1.9375,
            8.9375
          ],
          "tintindex": 0,
          "rotation": 0,
          "texture": "#0"
        },
        "down": {
          "uv": [
            9.125,
            4.1875,
            8.9375,
            4.375
          ],
          "tintindex": 0,
          "rotation": 0,
          "texture": "#0"
        }
      }
    },
    {
      "from": [
        7.3333335,
        11.235901,
        5.191245
      ],
      "to": [
        8.666667,
        13.569234,
        7.5245786
      ],
      "faces": {
        "east": {
          "uv": [
            2.625,
            6.8125,
            3.0625,
            7.25
          ],
          "tintindex": 0,
          "rotation": 0,
          "texture": "#0"
        },
        "south": {
          "uv": [
            6.375,
            7.5625,
            6.625,
            8
          ],
          "tintindex": 0,
          "rotation": 0,
          "texture": "#0"
        },
        "north": {
          "uv": [
            6.375,
            7.5625,
            6.625,
            8
          ],
          "tintindex": 0,
          "rotation": 0,
          "texture": "#0"
        },
        "west": {
          "uv": [
            3.125,
            6.8125,
            3.5625,
            7.25
          ],
          "tintindex": 0,
          "rotation": 0,
          "texture": "#0"
        },
        "up": {
          "uv": [
            2.0625,
            7.6875,
            1.8125,
            8.125
          ],
          "tintindex": 0,
          "rotation": 0,
          "texture": "#0"
        },
        "down": {
          "uv": [
            2.0625,
            7.6875,
            1.8125,
            8.125
          ],
          "tintindex": 0,
          "rotation": 0,
          "texture": "#0"
        }
      },
      "rotation": {
        "origin": [
          8,
          10.235901,
          6.5245786
        ],
        "angle": 45,
        "axis": "x"
      }
    },
    {
      "from": [
        7.5,
        10.490416,
        8.3458605
      ],
      "to": [
        8.5,
        11.490416,
        11.012527
      ],
      "faces": {
        "east": {
          "uv": [
            7.9375,
            2.3125,
            8.4375,
            2.5
          ],
          "tintindex": 0,
          "rotation": 0,
          "texture": "#0"
        },
        "south": {
          "uv": [
            8.9375,
            6.625,
            9.125,
            6.8125
          ],
          "tintindex": 0,
          "rotation": 0,
          "texture": "#0"
        },
        "north": {
          "uv": [
            6.3125,
            8.9375,
            6.5,
            9.125
          ],
          "tintindex": 0,
          "rotation": 0,
          "texture": "#0"
        },
        "west": {
          "uv": [
            2.875,
            7.9375,
            3.375,
            8.125
          ],
          "tintindex": 0,
          "rotation": 0,
          "texture": "#0"
        },
        "up": {
          "uv": [
            2.1875,
            3.6875,
            2,
            3.1875
          ],
          "tintindex": 0,
          "rotation": 0,
          "texture": "#0"
        },
        "down": {
          "uv": [
            4,
            7.5625,
            3.8125,
            8.0625
          ],
          "tintindex": 0,
          "rotation": 0,
          "texture": "#0"
        }
      },
      "rotation": {
        "origin": [
          8,
          10.990416,
          9.3458605
        ],
        "angle": 45,
        "axis": "x"
      }
    },
    {
      "from": [
        7.5,
        12.919767,
        6.3593287
      ],
      "to": [
        8.5,
        13.919767,
        7.6926622
      ],
      "faces": {
        "east": {
          "uv": [
            8.8125,
            6.0625,
            9.0625,
            6.25
          ],
          "tintindex": 0,
          "rotation": 0,
          "texture": "#0"
        },
        "south": {
          "uv": [
            7.5625,
            8.9375,
            7.75,
            9.125
          ],
          "tintindex": 0,
          "rotation": 0,
          "texture": "#0"
        },
        "north": {
          "uv": [
            7.3125,
            8.9375,
            7.5,
            9.125
          ],
          "tintindex": 0,
          "rotation": 0,
          "texture": "#0"
        },
        "west": {
          "uv": [
            0,
            8.875,
            0.25,
            9.0625
          ],
          "tintindex": 0,
          "rotation": 0,
          "texture": "#0"
        },
        "up": {
          "uv": [
            6.25,
            9.0625,
            6.0625,
            8.8125
          ],
          "tintindex": 0,
          "rotation": 0,
          "texture": "#0"
        },
        "down": {
          "uv": [
            1.5,
            8.875,
            1.3125,
            9.125
          ],
          "tintindex": 0,
          "rotation": 0,
          "texture": "#0"
        }
      }
    },
    {
      "from": [
        7.491667,
        4.1491694,
        7.2893806
      ],
      "to": [
        8.508333,
        5.482503,
        8.289381
      ],
      "faces": {
        "east": {
          "uv": [
            8.8125,
            3.875,
            9,
            4.125
          ],
          "tintindex": 0,
          "rotation": 0,
          "texture": "#0"
        },
        "south": {
          "uv": [
            5.375,
            8.8125,
            5.5625,
            9.0625
          ],
          "tintindex": 0,
          "rotation": 0,
          "texture": "#0"
        },
        "north": {
          "uv": [
            8.8125,
            0.75,
            9,
            1
          ],
          "tintindex": 0,
          "rotation": 0,
          "texture": "#0"
        },
        "west": {
          "uv": [
            5.8125,
            8.8125,
            6,
            9.0625
          ],
          "tintindex": 0,
          "rotation": 0,
          "texture": "#0"
        },
        "up": {
          "uv": [
            9.125,
            7.0625,
            8.9375,
            6.875
          ],
          "tintindex": 0,
          "rotation": 0,
          "texture": "#0"
        },
        "down": {
          "uv": [
            7.25,
            8.9375,
            7.0625,
            9.125
          ],
          "tintindex": 0,
          "rotation": 0,
          "texture": "#0"
        }
      },
      "rotation": {
        "origin": [
          8,
          4.982503,
          7.7893806
        ],
        "angle": 22.5,
        "axis": "x"
      }
    },
    {
      "from": [
        7.6666665,
        11.408335,
        4.0562406
      ],
      "to": [
        8.333333,
        12.075002,
        6.7229075
      ],
      "faces": {
        "east": {
          "uv": [
            8.25,
            3.125,
            8.75,
            3.25
          ],
          "tintindex": 0,
          "rotation": 0,
          "texture": "#0"
        },
        "south": {
          "uv": [
            9.125,
            8.6875,
            9.25,
            8.8125
          ],
          "tintindex": 0,
          "rotation": 0,
          "texture": "#0"
        },
        "north": {
          "uv": [
            9.125,
            8.5,
            9.25,
            8.625
          ],
          "tintindex": 0,
          "rotation": 0,
          "texture": "#0"
        },
        "west": {
          "uv": [
            8.25,
            3.3125,
            8.75,
            3.4375
          ],
          "tintindex": 0,
          "rotation": 0,
          "texture": "#0"
        },
        "up": {
          "uv": [
            8.25,
            8.75,
            8.125,
            8.25
          ],
          "tintindex": 0,
          "rotation": 0,
          "texture": "#0"
        },
        "down": {
          "uv": [
            2.5625,
            8.3125,
            2.4375,
            8.8125
          ],
          "tintindex": 0,
          "rotation": 0,
          "texture": "#0"
        }
      },
      "rotation": {
        "origin": [
          7.8333335,
          12.741669,
          5.7229075
        ],
        "angle": 22.5,
        "axis": "x"
      }
    },
    {
      "from": [
        7.8333335,
        9.941508,
        10.3727665
      ],
      "to": [
        8.166667,
        11.941509,
        11.039433
      ],
      "faces": {
        "east": {
          "uv": [
            4.5625,
            8.8125,
            4.6875,
            9.1875
          ],
          "tintindex": 0,
          "rotation": 0,
          "texture": "#0"
        },
        "south": {
          "uv": [
            8.875,
            9.0625,
            8.9375,
            9.4375
          ],
          "tintindex": 0,
          "rotation": 0,
          "texture": "#0"
        },
        "north": {
          "uv": [
            8.1875,
            9.0625,
            8.25,
            9.4375
          ],
          "tintindex": 0,
          "rotation": 0,
          "texture": "#0"
        },
        "west": {
          "uv": [
            5.1875,
            8.8125,
            5.3125,
            9.1875
          ],
          "tintindex": 0,
          "rotation": 0,
          "texture": "#0"
        },
        "up": {
          "uv": [
            5.75,
            1.6875,
            5.6875,
            1.5625
          ],
          "tintindex": 0,
          "rotation": 0,
          "texture": "#0"
        },
        "down": {
          "uv": [
            3.875,
            5.75,
            3.8125,
            5.875
          ],
          "tintindex": 0,
          "rotation": 0,
          "texture": "#0"
        }
      },
      "rotation": {
        "origin": [
          8.081728,
          11.632671,
          12.0865135
        ],
        "angle": 22.5,
        "axis": "x"
      }
    },
    {
      "from": [
        7.5,
        14.586434,
        6.3593287
      ],
      "to": [
        8.5,
        15.586434,
        7.6926622
      ],
      "faces": {
        "east": {
          "uv": [
            8.8125,
            6.0625,
            9.0625,
            6.25
          ],
          "tintindex": 0,
          "rotation": 0,
          "texture": "#0"
        },
        "south": {
          "uv": [
            7.5625,
            8.9375,
            7.75,
            9.125
          ],
          "tintindex": 0,
          "rotation": 0,
          "texture": "#0"
        },
        "north": {
          "uv": [
            7.3125,
            8.9375,
            7.5,
            9.125
          ],
          "tintindex": 0,
          "rotation": 0,
          "texture": "#0"
        },
        "west": {
          "uv": [
            0,
            8.875,
            0.25,
            9.0625
          ],
          "tintindex": 0,
          "rotation": 0,
          "texture": "#0"
        },
        "up": {
          "uv": [
            6.25,
            9.0625,
            6.0625,
            8.8125
          ],
          "tintindex": 0,
          "rotation": 0,
          "texture": "#0"
        },
        "down": {
          "uv": [
            1.5,
            8.875,
            1.3125,
            9.125
          ],
          "tintindex": 0,
          "rotation": 0,
          "texture": "#0"
        }
      }
    },
    {
      "from": [
        7.670833,
        9.569234,
        4.857912
      ],
      "to": [
        8.329166,
        12.235901,
        6.191245
      ],
      "faces": {
        "east": {
          "uv": [
            7.3125,
            5.3125,
            7.5625,
            5.8125
          ],
          "tintindex": 0,
          "rotation": 0,
          "texture": "#0"
        },
        "south": {
          "uv": [
            5.25,
            8.25,
            5.375,
            8.75
          ],
          "tintindex": 0,
          "rotation": 0,
          "texture": "#0"
        },
        "north": {
          "uv": [
            2.25,
            8.25,
            2.375,
            8.75
          ],
          "tintindex": 0,
          "rotation": 0,
          "texture": "#0"
        },
        "west": {
          "uv": [
            7.25,
            7.3125,
            7.5,
            7.8125
          ],
          "tintindex": 0,
          "rotation": 0,
          "texture": "#0"
        },
        "up": {
          "uv": [
            9.125,
            2.25,
            9,
            2
          ],
          "tintindex": 0,
          "rotation": 0,
          "texture": "#0"
        },
        "down": {
          "uv": [
            9.125,
            2.3125,
            9,
            2.5625
          ],
          "tintindex": 0,
          "rotation": 0,
          "texture": "#0"
        }
      },
      "rotation": {
        "origin": [
          7.9958334,
          10.235901,
          6.5245786
        ],
        "angle": 45,
        "axis": "x"
      }
    },
    {
      "from": [
        8,
        23.278019,
        9.051587
      ],
      "to": [
        8,
        26.611351,
        13.384921
      ],
      "faces": {
        "east": {
          "uv": [
            3.3125,
            1.75,
            4.125,
            2.375
          ],
          "tintindex": 0,
          "rotation": 0,
          "texture": "#0"
        },
        "west": {
          "uv": [
            3.3125,
            2.4375,
            4.125,
            3.0625
          ],
          "tintindex": 0,
          "rotation": 0,
          "texture": "#0"
        }
      },
      "rotation": {
        "origin": [
          8,
          26.528019,
          10.884921
        ],
        "angle": -22.5,
        "axis": "x"
      }
    },
    {
      "from": [
        8,
        12.159913,
        9.1945
      ],
      "to": [
        8,
        19.493246,
        11.527834
      ],
      "faces": {
        "east": {
          "uv": [
            2.8125,
            1.375,
            3.25,
            2.75
          ],
          "tintindex": 0,
          "rotation": 0,
          "texture": "#0"
        },
        "west": {
          "uv": [
            2.8125,
            2.8125,
            3.25,
            4.1875
          ],
          "tintindex": 0,
          "rotation": 0,
          "texture": "#0"
        }
      }
    },
    {
      "from": [
        8,
        10.075002,
        4.0562406
      ],
      "to": [
        8,
        11.408335,
        6.7229075
      ],
      "faces": {
        "east": {
          "uv": [
            7.375,
            3.5625,
            7.875,
            3.8125
          ],
          "tintindex": 0,
          "rotation": 0,
          "texture": "#0"
        },
        "west": {
          "uv": [
            7.375,
            3.875,
            7.875,
            4.125
          ],
          "tintindex": 0,
          "rotation": 0,
          "texture": "#0"
        }
      },
      "rotation": {
        "origin": [
          7.8333335,
          12.741669,
          5.7229075
        ],
        "angle": 22.5,
        "axis": "x"
      }
    },
    {
      "from": [
        7.6749997,
        8.997745,
        4.9555426
      ],
      "to": [
        8.325,
        11.331079,
        5.6222095
      ],
      "faces": {
        "east": {
          "uv": [
            3.5625,
            8.375,
            3.6875,
            8.8125
          ],
          "tintindex": 0,
          "rotation": 0,
          "texture": "#0"
        },
        "south": {
          "uv": [
            2.0625,
            8.4375,
            2.1875,
            8.875
          ],
          "tintindex": 0,
          "rotation": 0,
          "texture": "#0"
        },
        "north": {
          "uv": [
            0.9375,
            6,
            1.0625,
            6.4375
          ],
          "tintindex": 0,
          "rotation": 0,
          "texture": "#0"
        },
        "west": {
          "uv": [
            7.75,
            8.4375,
            7.875,
            8.875
          ],
          "tintindex": 0,
          "rotation": 0,
          "texture": "#0"
        },
        "up": {
          "uv": [
            9.25,
            8.25,
            9.125,
            8.125
          ],
          "tintindex": 0,
          "rotation": 0,
          "texture": "#0"
        },
        "down": {
          "uv": [
            9.25,
            8.3125,
            9.125,
            8.4375
          ],
          "tintindex": 0,
          "rotation": 0,
          "texture": "#0"
        }
      },
      "rotation": {
        "origin": [
          7.991667,
          11.414412,
          6.288876
        ],
        "angle": -22.5,
        "axis": "x"
      }
    },
    {
      "from": [
        7.8333335,
        11.274842,
        12.039433
      ],
      "to": [
        8.166667,
        13.941509,
        12.7060995
      ],
      "faces": {
        "east": {
          "uv": [
            5.4375,
            8.25,
            5.5625,
            8.75
          ],
          "tintindex": 0,
          "rotation": 0,
          "texture": "#0"
        },
        "south": {
          "uv": [
            0.8125,
            7.125,
            0.875,
            7.625
          ],
          "tintindex": 0,
          "rotation": 0,
          "texture": "#0"
        },
        "north": {
          "uv": [
            5.4375,
            4.3125,
            5.5,
            4.8125
          ],
          "tintindex": 0,
          "rotation": 0,
          "texture": "#0"
        },
        "west": {
          "uv": [
            5.9375,
            8.25,
            6.0625,
            8.75
          ],
          "tintindex": 0,
          "rotation": 0,
          "texture": "#0"
        },
        "up": {
          "uv": [
            2.75,
            5.0625,
            2.6875,
            4.9375
          ],
          "tintindex": 0,
          "rotation": 0,
          "texture": "#0"
        },
        "down": {
          "uv": [
            4,
            4.9375,
            3.9375,
            5.0625
          ],
          "tintindex": 0,
          "rotation": 0,
          "texture": "#0"
        }
      },
      "rotation": {
        "origin": [
          8.081728,
          11.632671,
          12.0865135
        ],
        "angle": 22.5,
        "axis": "x"
      }
    },
    {
      "from": [
        7.6666665,
        10.645298,
        9.860984
      ],
      "to": [
        8.333333,
        11.645298,
        12.527651
      ],
      "faces": {
        "east": {
          "uv": [
            7.875,
            2.875,
            8.375,
            3.0625
          ],
          "tintindex": 0,
          "rotation": 0,
          "texture": "#0"
        },
        "south": {
          "uv": [
            8.6875,
            9.0625,
            8.8125,
            9.25
          ],
          "tintindex": 0,
          "rotation": 0,
          "texture": "#0"
        },
        "north": {
          "uv": [
            9.0625,
            3.875,
            9.1875,
            4.0625
          ],
          "tintindex": 0,
          "rotation": 0,
          "texture": "#0"
        },
        "west": {
          "uv": [
            7.875,
            7.75,
            8.375,
            7.9375
          ],
          "tintindex": 0,
          "rotation": 0,
          "texture": "#0"
        },
        "up": {
          "uv": [
            6.25,
            8.75,
            6.125,
            8.25
          ],
          "tintindex": 0,
          "rotation": 0,
          "texture": "#0"
        },
        "down": {
          "uv": [
            7.1875,
            8.25,
            7.0625,
            8.75
          ],
          "tintindex": 0,
          "rotation": 0,
          "texture": "#0"
        }
      },
      "rotation": {
        "origin": [
          7.9182715,
          11.632671,
          12.0865135
        ],
        "angle": -22.5,
        "axis": "x"
      }
    },
    {
      "from": [
        7.8333335,
        12.612017,
        4.0322638
      ],
      "to": [
        8.166667,
        15.278684,
        4.6989307
      ],
      "faces": {
        "east": {
          "uv": [
            2.625,
            8.3125,
            2.75,
            8.8125
          ],
          "tintindex": 0,
          "rotation": 0,
          "texture": "#0"
        },
        "south": {
          "uv": [
            7.8125,
            8.9375,
            7.875,
            9.4375
          ],
          "tintindex": 0,
          "rotation": 0,
          "texture": "#0"
        },
        "north": {
          "uv": [
            6.5625,
            8.9375,
            6.625,
            9.4375
          ],
          "tintindex": 0,
          "rotation": 0,
          "texture": "#0"
        },
        "west": {
          "uv": [
            8.3125,
            6.75,
            8.4375,
            7.25
          ],
          "tintindex": 0,
          "rotation": 0,
          "texture": "#0"
        },
        "up": {
          "uv": [
            1.75,
            8.125,
            1.6875,
            8
          ],
          "tintindex": 0,
          "rotation": 0,
          "texture": "#0"
        },
        "down": {
          "uv": [
            4,
            8.125,
            3.9375,
            8.25
          ],
          "tintindex": 0,
          "rotation": 0,
          "texture": "#0"
        }
      },
      "rotation": {
        "origin": [
          7.8333335,
          11.94535,
          5.0322638
        ],
        "angle": -22.5,
        "axis": "x"
      }
    },
    {
      "from": [
        7.8333335,
        12.159913,
        6.527833
      ],
      "to": [
        8.166667,
        19.493246,
        9.1945
      ],
      "faces": {
        "east": {
          "uv": [
            0,
            1.625,
            0.5,
            3
          ],
          "tintindex": 0,
          "rotation": 0,
          "texture": "#0"
        },
        "south": {
          "uv": [
            0.1875,
            7.0625,
            0.3125,
            8.4375
          ],
          "tintindex": 0,
          "rotation": 0,
          "texture": "#0"
        },
        "north": {
          "uv": [
            0,
            7.0625,
            0.125,
            8.4375
          ],
          "tintindex": 0,
          "rotation": 0,
          "texture": "#0"
        },
        "west": {
          "uv": [
            0.5625,
            1.625,
            1.0625,
            3
          ],
          "tintindex": 0,
          "rotation": 0,
          "texture": "#0"
        },
        "up": {
          "uv": [
            4.125,
            1.6875,
            4,
            1.1875
          ],
          "tintindex": 0,
          "rotation": 0,
          "texture": "#0"
        },
        "down": {
          "uv": [
            3.875,
            8.125,
            3.75,
            8.625
          ],
          "tintindex": 0,
          "rotation": 0,
          "texture": "#0"
        }
      }
    },
    {
      "from": [
        8,
        12.159913,
        3.8611665
      ],
      "to": [
        8,
        19.493246,
        6.527833
      ],
      "faces": {
        "east": {
          "uv": [
            1.125,
            1.75,
            1.625,
            3.125
          ],
          "tintindex": 0,
          "rotation": 0,
          "texture": "#0"
        },
        "west": {
          "uv": [
            1.6875,
            1.75,
            2.1875,
            3.125
          ],
          "tintindex": 0,
          "rotation": 0,
          "texture": "#0"
        }
      }
    },
    {
      "from": [
        8,
        9.311964,
        9.860984
      ],
      "to": [
        8,
        10.645298,
        12.527651
      ],
      "faces": {
        "east": {
          "uv": [
            7.3125,
            2.9375,
            7.8125,
            3.1875
          ],
          "tintindex": 0,
          "rotation": 0,
          "texture": "#0"
        },
        "west": {
          "uv": [
            7.375,
            3.25,
            7.875,
            3.5
          ],
          "tintindex": 0,
          "rotation": 0,
          "texture": "#0"
        }
      },
      "rotation": {
        "origin": [
          7.9182715,
          11.632671,
          12.0865135
        ],
        "angle": -22.5,
        "axis": "x"
      }
    },
    {
      "from": [
        7.5,
        11.919767,
        7.6926622
      ],
      "to": [
        8.5,
        16.253101,
        9.359329
      ],
      "faces": {
        "east": {
          "uv": [
            2.875,
            5.9375,
            3.1875,
            6.75
          ],
          "tintindex": 0,
          "rotation": 0,
          "texture": "#0"
        },
        "south": {
          "uv": [
            7.125,
            3.3125,
            7.3125,
            4.125
          ],
          "tintindex": 0,
          "rotation": 0,
          "texture": "#0"
        },
        "north": {
          "uv": [
            0.5625,
            7.125,
            0.75,
            7.9375
          ],
          "tintindex": 0,
          "rotation": 0,
          "texture": "#0"
        },
        "west": {
          "uv": [
            3.25,
            5.9375,
            3.5625,
            6.75
          ],
          "tintindex": 0,
          "rotation": 0,
          "texture": "#0"
        },
        "up": {
          "uv": [
            7.4375,
            8.625,
            7.25,
            8.3125
          ],
          "tintindex": 0,
          "rotation": 0,
          "texture": "#0"
        },
        "down": {
          "uv": [
            5.8125,
            8.375,
            5.625,
            8.6875
          ],
          "tintindex": 0,
          "rotation": 0,
          "texture": "#0"
        }
      }
    },
    {
      "from": [
        8,
        18.117008,
        9.896606
      ],
      "to": [
        8,
        25.11701,
        12.563273
      ],
      "faces": {
        "east": {
          "uv": [
            2.6875,
            0,
            3.1875,
            1.3125
          ],
          "tintindex": 0,
          "rotation": 0,
          "texture": "#0"
        },
        "west": {
          "uv": [
            2.25,
            2.75,
            2.75,
            4.0625
          ],
          "tintindex": 0,
          "rotation": 0,
          "texture": "#0"
        }
      },
      "rotation": {
        "origin": [
          8,
          20.569992,
          10.338295
        ],
        "angle": 22.5,
        "axis": "x"
      }
    },
    {
      "from": [
        7.8416667,
        18.117008,
        7.22994
      ],
      "to": [
        8.158334,
        25.11701,
        9.896606
      ],
      "faces": {
        "east": {
          "uv": [
            2.125,
            0,
            2.625,
            1.3125
          ],
          "tintindex": 0,
          "rotation": 0,
          "texture": "#0"
        },
        "south": {
          "uv": [
            0.375,
            7.125,
            0.5,
            8.4375
          ],
          "tintindex": 0,
          "rotation": 0,
          "texture": "#0"
        },
        "north": {
          "uv": [
            7.0625,
            6.875,
            7.1875,
            8.1875
          ],
          "tintindex": 0,
          "rotation": 0,
          "texture": "#0"
        },
        "west": {
          "uv": [
            2.25,
            1.375,
            2.75,
            2.6875
          ],
          "tintindex": 0,
          "rotation": 0,
          "texture": "#0"
        },
        "up": {
          "uv": [
            5,
            8.625,
            4.875,
            8.125
          ],
          "tintindex": 0,
          "rotation": 0,
          "texture": "#0"
        },
        "down": {
          "uv": [
            5.1875,
            8.125,
            5.0625,
            8.625
          ],
          "tintindex": 0,
          "rotation": 0,
          "texture": "#0"
        }
      },
      "rotation": {
        "origin": [
          8.175,
          20.569992,
          10.338295
        ],
        "angle": 22.5,
        "axis": "x"
      }
    }
  ],
  "display": {
    "gui": {
      "rotation": [
        30,
        225,
        0
      ]
    }
  }
}