{"textures":{"0":"modelengine:entity/vine_guardian"},"elements":[{"from":[2.1149998,14.450481,4.2558846],"to":[13.885,19.80048,4.2558846],"faces":{"south":{"uv":[11.5,9.125,10.125,9.75],"tintindex":0,"rotation":0,"texture":"#0"},"north":{"uv":[10.125,9.125,11.5,9.75],"tintindex":0,"rotation":0,"texture":"#0"}},"rotation":{"origin":[8.0,1.0754814,10.675884],"angle":-22.5,"axis":"x"}},{"from":[2.1149998,19.80048,4.2558846],"to":[13.885,19.80048,14.955885],"faces":{"up":{"uv":[6.625,7.5,5.25,6.25],"tintindex":0,"rotation":0,"texture":"#0"},"down":{"uv":[6.625,6.25,5.25,7.5],"tintindex":0,"rotation":0,"texture":"#0"}},"rotation":{"origin":[8.0,1.0754814,10.675884],"angle":-22.5,"axis":"x"}},{"from":[2.1149998,14.450481,14.955885],"to":[13.885,19.80048,14.955885],"faces":{"south":{"uv":[10.125,8.375,11.5,9.0],"tintindex":0,"rotation":0,"texture":"#0"},"north":{"uv":[11.5,8.375,10.125,9.0],"tintindex":0,"rotation":0,"texture":"#0"}},"rotation":{"origin":[8.0,1.0754814,10.675884],"angle":-22.5,"axis":"x"}},{"from":[2.1149998,19.80048,14.955885],"to":[13.885,23.010479,14.955885],"faces":{"south":{"uv":[13.375,5.0,12.0,5.375],"tintindex":0,"rotation":0,"texture":"#0"},"north":{"uv":[12.0,5.0,13.375,5.375],"tintindex":0,"rotation":0,"texture":"#0"}},"rotation":{"origin":[8.0,1.0754814,10.675884],"angle":-22.5,"axis":"x"}},{"from":[2.1149998,19.80048,4.2558846],"to":[13.885,23.010479,4.2558846],"faces":{"south":{"uv":[13.375,5.0,12.0,5.375],"tintindex":0,"rotation":0,"texture":"#0"},"north":{"uv":[12.0,5.0,13.375,5.375],"tintindex":0,"rotation":0,"texture":"#0"}},"rotation":{"origin":[8.0,1.0754814,10.675884],"angle":-22.5,"axis":"x"}},{"from":[2.1149998,14.450481,4.2558846],"to":[2.1149998,19.80048,14.955885],"faces":{"east":{"uv":[11.875,5.0,10.625,5.625],"tintindex":0,"rotation":0,"texture":"#0"},"west":{"uv":[10.625,5.0,11.875,5.625],"tintindex":0,"rotation":0,"texture":"#0"}},"rotation":{"origin":[8.0,1.0754814,10.675884],"angle":-22.5,"axis":"x"}},{"from":[13.885,19.80048,4.2558846],"to":[13.885,23.010479,14.955885],"faces":{"east":{"uv":[13.5,4.25,12.25,4.625],"tintindex":0,"rotation":0,"texture":"#0"},"west":{"uv":[12.25,4.25,13.5,4.625],"tintindex":0,"rotation":0,"texture":"#0"}},"rotation":{"origin":[8.0,1.0754814,10.675884],"angle":-22.5,"axis":"x"}},{"from":[2.1149998,19.80048,4.2558846],"to":[2.1149998,23.010479,14.955885],"faces":{"east":{"uv":[13.5,4.25,12.25,4.625],"tintindex":0,"rotation":0,"texture":"#0"},"west":{"uv":[12.25,4.25,13.5,4.625],"tintindex":0,"rotation":0,"texture":"#0"}},"rotation":{"origin":[8.0,1.0754814,10.675884],"angle":-22.5,"axis":"x"}},{"from":[13.885,14.450481,4.2558846],"to":[13.885,19.80048,14.955885],"faces":{"east":{"uv":[11.875,5.0,10.625,5.625],"tintindex":0,"rotation":0,"texture":"#0"},"west":{"uv":[10.625,5.0,11.875,5.625],"tintindex":0,"rotation":0,"texture":"#0"}},"rotation":{"origin":[8.0,1.0754814,10.675884],"angle":-22.5,"axis":"x"}}],"display":{"gui":{"rotation":[30,225,0]}}}