{"textures":{"0":"modelengine:entity/vine_guardian"},"elements":[{"from":[13.885,3.2178154,2.3723168],"to":[13.885,7.497818,13.072317],"faces":{"east":{"uv":[10.25,11.875,9.0,12.375],"tintindex":0,"rotation":0,"texture":"#0"},"west":{"uv":[9.0,11.875,10.25,12.375],"tintindex":0,"rotation":0,"texture":"#0"}},"rotation":{"origin":[8.0,-5.877182,8.792316],"angle":-22.5,"axis":"x"}},{"from":[2.1149998,3.2178154,2.3723168],"to":[2.1149998,7.497818,13.072317],"faces":{"east":{"uv":[10.25,11.875,9.0,12.375],"tintindex":0,"rotation":0,"texture":"#0"},"west":{"uv":[9.0,11.875,10.25,12.375],"tintindex":0,"rotation":0,"texture":"#0"}},"rotation":{"origin":[8.0,-5.877182,8.792316],"angle":-22.5,"axis":"x"}},{"from":[2.1149998,1.077816,2.3723168],"to":[13.885,3.2178154,13.072317],"faces":{"east":{"uv":[13.75,12.375,12.5,12.625],"tintindex":0,"rotation":0,"texture":"#0"},"south":{"uv":[12.375,10.625,13.75,10.875],"tintindex":0,"rotation":0,"texture":"#0"},"north":{"uv":[12.375,10.625,13.75,10.875],"tintindex":0,"rotation":0,"texture":"#0"},"west":{"uv":[12.5,12.375,13.75,12.625],"tintindex":0,"rotation":0,"texture":"#0"},"up":{"uv":[6.625,4.75,5.25,3.5],"tintindex":0,"rotation":0,"texture":"#0"},"down":{"uv":[6.625,4.875,5.25,6.125],"tintindex":0,"rotation":0,"texture":"#0"}},"rotation":{"origin":[8.0,-5.877182,8.792316],"angle":-22.5,"axis":"x"}},{"from":[2.1149998,3.2178154,13.072317],"to":[13.885,7.497818,13.072317],"faces":{"south":{"uv":[11.625,9.375,13.0,9.875],"tintindex":0,"rotation":0,"texture":"#0"},"north":{"uv":[13.0,9.375,11.625,9.875],"tintindex":0,"rotation":0,"texture":"#0"}},"rotation":{"origin":[8.0,-5.877182,8.792316],"angle":-22.5,"axis":"x"}},{"from":[2.1149998,3.2178154,2.3723168],"to":[13.885,7.497818,2.3723168],"faces":{"south":{"uv":[12.625,0.0,11.25,0.5],"tintindex":0,"rotation":0,"texture":"#0"},"north":{"uv":[11.25,0.0,12.625,0.5],"tintindex":0,"rotation":0,"texture":"#0"}},"rotation":{"origin":[8.0,-5.877182,8.792316],"angle":-22.5,"axis":"x"}}],"display":{"gui":{"rotation":[30,225,0]}}}