{"textures":{"0":"modelengine:entity/vine_guardian"},"elements":[{"from":[5.325,0.5126419,3.0905504],"to":[10.675,10.142642,9.5105505],"faces":{"east":{"uv":[8.625,10.0,9.375,11.125],"tintindex":0,"rotation":0,"texture":"#0"},"south":{"uv":[11.0,11.375,11.625,12.5],"tintindex":0,"rotation":0,"texture":"#0"},"north":{"uv":[11.375,5.75,12.0,6.875],"tintindex":0,"rotation":0,"texture":"#0"},"west":{"uv":[0.625,10.5,1.375,11.625],"tintindex":0,"rotation":0,"texture":"#0"},"up":{"uv":[12.75,6.25,12.125,5.5],"tintindex":0,"rotation":0,"texture":"#0"},"down":{"uv":[6.625,12.125,6.0,12.875],"tintindex":0,"rotation":0,"texture":"#0"}},"rotation":{"origin":[8.535,12.817642,10.04555],"angle":-22.5,"axis":"x"}}],"display":{"gui":{"rotation":[30,225,0]}}}