{"textures":{"0":"modelengine:entity/vine_guardian"},"elements":[{"from":[5.8600006,-6.811013,2.9729276],"to":[10.14,8.168987,9.392927],"faces":{"east":{"uv":[7.625,1.375,8.375,3.125],"tintindex":0,"rotation":0,"texture":"#0"},"south":{"uv":[0.0,9.5,0.5,11.25],"tintindex":0,"rotation":0,"texture":"#0"},"north":{"uv":[9.375,3.25,9.875,5.0],"tintindex":0,"rotation":0,"texture":"#0"},"west":{"uv":[7.625,3.25,8.375,5.0],"tintindex":0,"rotation":0,"texture":"#0"},"up":{"uv":[1.375,12.5,0.875,11.75],"tintindex":0,"rotation":0,"texture":"#0"},"down":{"uv":[10.875,12.375,10.375,13.125],"tintindex":0,"rotation":0,"texture":"#0"}},"rotation":{"origin":[10.14,2.551487,8.322927],"angle":22.5,"axis":"x"}},{"from":[4.79,-15.371014,1.9029274],"to":[11.21,2.818987,1.9029274],"faces":{"south":{"uv":[6.75,3.625,7.5,5.75],"tintindex":0,"rotation":0,"texture":"#0"},"north":{"uv":[3.125,6.75,3.875,8.875],"tintindex":0,"rotation":0,"texture":"#0"}},"rotation":{"origin":[10.14,2.551487,8.322927],"angle":22.5,"axis":"x"}},{"from":[4.79,-15.371014,10.462928],"to":[11.21,2.818987,10.462928],"faces":{"south":{"uv":[2.25,6.75,3.0,8.875],"tintindex":0,"rotation":0,"texture":"#0"},"north":{"uv":[6.75,1.375,7.5,3.5],"tintindex":0,"rotation":0,"texture":"#0"}},"rotation":{"origin":[10.14,2.551487,8.322927],"angle":22.5,"axis":"x"}},{"from":[4.79,-15.371014,1.9029274],"to":[4.79,2.818987,10.462928],"faces":{"east":{"uv":[4.125,0.0,5.125,2.125],"tintindex":0,"rotation":0,"texture":"#0"},"west":{"uv":[4.125,2.25,5.125,4.375],"tintindex":0,"rotation":0,"texture":"#0"}},"rotation":{"origin":[10.14,2.551487,8.322927],"angle":22.5,"axis":"x"}},{"from":[11.21,-15.371014,1.9029274],"to":[11.21,2.818987,10.462928],"faces":{"east":{"uv":[3.0,0.0,4.0,2.125],"tintindex":0,"rotation":0,"texture":"#0"},"west":{"uv":[3.0,2.25,4.0,4.375],"tintindex":0,"rotation":0,"texture":"#0"}},"rotation":{"origin":[10.14,2.551487,8.322927],"angle":22.5,"axis":"x"}}],"display":{"gui":{"rotation":[30,225,0]}}}