{"textures":{"0":"modelengine:entity/vine_guardian"},"elements":[{"from":[7.644437,-4.930067,4.0820913],"to":[14.064437,7.909933,11.572091],"faces":{"east":{"uv":[6.75,8.125,5.875,9.625],"tintindex":0,"rotation":0,"texture":"#0"},"south":{"uv":[9.375,8.375,8.625,9.875],"tintindex":0,"rotation":0,"texture":"#0"},"north":{"uv":[9.375,6.75,8.625,8.25],"tintindex":0,"rotation":0,"texture":"#0"},"west":{"uv":[8.5,6.75,7.625,8.25],"tintindex":0,"rotation":0,"texture":"#0"},"up":{"uv":[11.75,12.25,12.5,11.375],"tintindex":0,"rotation":0,"texture":"#0"},"down":{"uv":[11.875,7.0,12.625,7.875],"tintindex":0,"rotation":0,"texture":"#0"}},"rotation":{"origin":[10.854437,3.6299343,7.292091],"angle":22.5,"axis":"z"}},{"from":[8.7144375,-2.7900658,5.152091],"to":[12.994437,10.049934,10.502091],"faces":{"east":{"uv":[5.375,9.25,4.75,10.75],"tintindex":0,"rotation":0,"texture":"#0"},"south":{"uv":[7.625,11.125,7.125,12.625],"tintindex":0,"rotation":0,"texture":"#0"},"north":{"uv":[5.125,10.875,4.625,12.375],"tintindex":0,"rotation":0,"texture":"#0"},"west":{"uv":[4.625,9.0,4.0,10.5],"tintindex":0,"rotation":0,"texture":"#0"},"up":{"uv":[0.875,13.25,1.375,12.625],"tintindex":0,"rotation":0,"texture":"#0"},"down":{"uv":[11.0,12.625,11.5,13.25],"tintindex":0,"rotation":0,"texture":"#0"}},"rotation":{"origin":[10.854437,3.6299343,7.292091],"angle":22.5,"axis":"z"}}],"display":{"gui":{"rotation":[30,225,0]}}}