{"textures":{"0":"modelengine:entity/vine_guardian"},"elements":[{"from":[3.185,7.0487823,2.254159],"to":[12.815001,20.95878,8.674158],"faces":{"east":{"uv":[8.5,0.0,9.25,1.625],"tintindex":0,"rotation":0,"texture":"#0"},"south":{"uv":[5.25,1.75,6.375,3.375],"tintindex":0,"rotation":0,"texture":"#0"},"north":{"uv":[5.25,0.0,6.375,1.625],"tintindex":0,"rotation":0,"texture":"#0"},"west":{"uv":[8.5,1.75,9.25,3.375],"tintindex":0,"rotation":0,"texture":"#0"},"up":{"uv":[7.25,11.0,6.125,10.25],"tintindex":0,"rotation":0,"texture":"#0"},"down":{"uv":[8.5,10.25,7.375,11.0],"tintindex":0,"rotation":0,"texture":"#0"}},"rotation":{"origin":[8.0,14.003782,5.464159],"angle":-22.5,"axis":"x"}}],"display":{"gui":{"rotation":[30,225,0]}}}