{
  "textures" : {
    "M1911" : "guns/m1911"
  },
  "credit" : "Designed by Nightshade73 with Cubik Studio - https://cubik.studio",
  "elements" : [ {
    "from" : [ 7.5, 3.5, 12.5 ],
    "to" : [ 8.75, 10.5, 13 ],
    "faces" : {
      "north" : {
        "uv" : [ 0.625, 12.5, 0, 16 ],
        "texture" : "#M1911"
      },
      "east" : {
        "uv" : [ 3.375, 5.875, 3.125, 9.375 ],
        "texture" : "#M1911"
      },
      "south" : {
        "uv" : [ 0, 9, 0.625, 12.5 ],
        "texture" : "#M1911"
      },
      "west" : {
        "uv" : [ 3.125, 9.375, 3.375, 12.875 ],
        "texture" : "#M1911"
      },
      "up" : {
        "uv" : [ 1.25, 0.25, 1.875, 0 ],
        "texture" : "#M1911"
      },
      "down" : {
        "uv" : [ 8.625, 14.75, 9.25, 15 ],
        "texture" : "#M1911"
      }
    }
  }, {
    "from" : [ 7.5, 3.5, 13 ],
    "to" : [ 8.75, 10, 13.25 ],
    "faces" : {
      "east" : {
        "uv" : [ 1.875, 0.5, 1.75, 3.75 ],
        "texture" : "#M1911"
      },
      "south" : {
        "uv" : [ 0.625, 9.5, 1.25, 12.75 ],
        "texture" : "#M1911"
      },
      "west" : {
        "uv" : [ 1.75, 4, 1.875, 7.25 ],
        "texture" : "#M1911"
      },
      "up" : {
        "uv" : [ 12.375, 11.125, 13, 11 ],
        "texture" : "#M1911"
      },
      "down" : {
        "uv" : [ 13, 11, 13.625, 11.125 ],
        "texture" : "#M1911"
      }
    }
  }, {
    "from" : [ 7.5, 3.5, 13.25 ],
    "to" : [ 8.75, 9.5, 13.5 ],
    "faces" : {
      "east" : {
        "uv" : [ 3.125, 4.125, 3, 7.125 ],
        "texture" : "#M1911"
      },
      "south" : {
        "uv" : [ 1.25, 13, 1.875, 16 ],
        "texture" : "#M1911"
      },
      "west" : {
        "uv" : [ 2.875, 4.125, 3, 7.125 ],
        "texture" : "#M1911"
      },
      "up" : {
        "uv" : [ 11.125, 11.125, 11.75, 11 ],
        "texture" : "#M1911"
      },
      "down" : {
        "uv" : [ 11.75, 11, 12.375, 11.125 ],
        "texture" : "#M1911"
      }
    }
  }, {
    "from" : [ 7.5, 3.5, 13.5 ],
    "to" : [ 8.75, 8.75, 13.75 ],
    "faces" : {
      "east" : {
        "uv" : [ 3.625, 3.875, 3.5, 6.5 ],
        "texture" : "#M1911"
      },
      "south" : {
        "uv" : [ 1.875, 10.25, 2.5, 12.875 ],
        "texture" : "#M1911"
      },
      "west" : {
        "uv" : [ 3.375, 3.875, 3.5, 6.5 ],
        "texture" : "#M1911"
      },
      "up" : {
        "uv" : [ 12.375, 11.25, 13, 11.125 ],
        "texture" : "#M1911"
      },
      "down" : {
        "uv" : [ 10.5, 11, 11.125, 11.125 ],
        "texture" : "#M1911"
      }
    }
  }, {
    "from" : [ 7.5, 3.5, 13.75 ],
    "to" : [ 8.75, 8.25, 14 ],
    "faces" : {
      "east" : {
        "uv" : [ 4.125, 6.875, 4, 9.25 ],
        "texture" : "#M1911"
      },
      "south" : {
        "uv" : [ 1.875, 0.5, 2.5, 2.875 ],
        "texture" : "#M1911"
      },
      "west" : {
        "uv" : [ 3.125, 0, 3.25, 2.375 ],
        "texture" : "#M1911"
      },
      "up" : {
        "uv" : [ 9.25, 11.125, 9.875, 11 ],
        "texture" : "#M1911"
      },
      "down" : {
        "uv" : [ 9.875, 11, 10.5, 11.125 ],
        "texture" : "#M1911"
      }
    }
  }, {
    "from" : [ 7.5, 3.5, 14 ],
    "to" : [ 8.75, 7.5, 14.25 ],
    "faces" : {
      "east" : {
        "uv" : [ 4.25, 7.5, 4.125, 9.5 ],
        "texture" : "#M1911"
      },
      "south" : {
        "uv" : [ 2.5, 1.75, 3.125, 3.75 ],
        "texture" : "#M1911"
      },
      "west" : {
        "uv" : [ 4.125, 5.5, 4.25, 7.5 ],
        "texture" : "#M1911"
      },
      "up" : {
        "uv" : [ 8, 11.125, 8.625, 11 ],
        "texture" : "#M1911"
      },
      "down" : {
        "uv" : [ 8.625, 11, 9.25, 11.125 ],
        "texture" : "#M1911"
      }
    }
  }, {
    "from" : [ 7.5, 3.5, 14.25 ],
    "to" : [ 8.75, 7, 14.5 ],
    "faces" : {
      "east" : {
        "uv" : [ 4.375, 7.75, 4.25, 9.5 ],
        "texture" : "#M1911"
      },
      "south" : {
        "uv" : [ 4.375, 13, 5, 14.75 ],
        "texture" : "#M1911"
      },
      "west" : {
        "uv" : [ 4.125, 2, 4.25, 3.75 ],
        "texture" : "#M1911"
      },
      "up" : {
        "uv" : [ 6.75, 11.125, 7.375, 11 ],
        "texture" : "#M1911"
      },
      "down" : {
        "uv" : [ 7.375, 11, 8, 11.125 ],
        "texture" : "#M1911"
      }
    }
  }, {
    "from" : [ 7.5, 3.5, 14.5 ],
    "to" : [ 8.75, 6.25, 14.75 ],
    "faces" : {
      "east" : {
        "uv" : [ 4.375, 4.625, 4.25, 6 ],
        "texture" : "#M1911"
      },
      "south" : {
        "uv" : [ 6.875, 13.375, 7.5, 14.75 ],
        "texture" : "#M1911"
      },
      "west" : {
        "uv" : [ 3.375, 0, 3.5, 1.375 ],
        "texture" : "#M1911"
      },
      "up" : {
        "uv" : [ 5.5, 11.125, 6.125, 11 ],
        "texture" : "#M1911"
      },
      "down" : {
        "uv" : [ 6.125, 11, 6.75, 11.125 ],
        "texture" : "#M1911"
      }
    }
  }, {
    "from" : [ 7.5, 3.5, 14.75 ],
    "to" : [ 8.75, 5.75, 15 ],
    "faces" : {
      "east" : {
        "uv" : [ 4.75, 6, 4.625, 7.125 ],
        "texture" : "#M1911"
      },
      "south" : {
        "uv" : [ 9.375, 13.625, 10, 14.75 ],
        "texture" : "#M1911"
      },
      "west" : {
        "uv" : [ 4.5, 6, 4.625, 7.125 ],
        "texture" : "#M1911"
      },
      "up" : {
        "uv" : [ 14.875, 11.25, 15.5, 11.125 ],
        "texture" : "#M1911"
      },
      "down" : {
        "uv" : [ 4.875, 11, 5.5, 11.125 ],
        "texture" : "#M1911"
      }
    }
  }, {
    "from" : [ 7.5, 4.25, 12.25 ],
    "to" : [ 8.75, 10.75, 12.5 ],
    "faces" : {
      "north" : {
        "uv" : [ 1.25, 3, 0.625, 6.25 ],
        "texture" : "#M1911"
      },
      "east" : {
        "uv" : [ 3.125, 7.25, 3, 10.5 ],
        "texture" : "#M1911"
      },
      "south" : {
        "uv" : [ 0.625, 6.25, 1.25, 9.5 ],
        "texture" : "#M1911"
      },
      "west" : {
        "uv" : [ 2.875, 7.25, 3, 10.5 ],
        "texture" : "#M1911"
      },
      "up" : {
        "uv" : [ 5.5, 11.25, 6.125, 11.125 ],
        "texture" : "#M1911"
      },
      "down" : {
        "uv" : [ 14.25, 11.125, 14.875, 11.25 ],
        "texture" : "#M1911"
      }
    }
  }, {
    "from" : [ 7.5, 4.25, 15 ],
    "to" : [ 8.75, 5.25, 15.25 ],
    "faces" : {
      "east" : {
        "uv" : [ 16, 15, 15.875, 15.5 ],
        "texture" : "#M1911"
      },
      "south" : {
        "uv" : [ 1.875, 0, 2.5, 0.5 ],
        "texture" : "#M1911"
      },
      "west" : {
        "uv" : [ 4.875, 5, 5, 5.5 ],
        "texture" : "#M1911"
      },
      "up" : {
        "uv" : [ 13, 11.25, 13.625, 11.125 ],
        "texture" : "#M1911"
      },
      "down" : {
        "uv" : [ 13.625, 11.125, 14.25, 11.25 ],
        "texture" : "#M1911"
      }
    }
  }, {
    "from" : [ 7.5, 5, 12 ],
    "to" : [ 8.75, 10.75, 12.25 ],
    "faces" : {
      "north" : {
        "uv" : [ 1.875, 10.125, 1.25, 13 ],
        "texture" : "#M1911"
      },
      "east" : {
        "uv" : [ 3.5, 6.5, 3.375, 9.375 ],
        "texture" : "#M1911"
      },
      "west" : {
        "uv" : [ 3.5, 6.5, 3.625, 9.375 ],
        "texture" : "#M1911"
      },
      "up" : {
        "uv" : [ 11.75, 11.25, 12.375, 11.125 ],
        "texture" : "#M1911"
      },
      "down" : {
        "uv" : [ 5.625, 12.875, 6.25, 13 ],
        "texture" : "#M1911"
      }
    }
  }, {
    "from" : [ 7.5, 5.75, 11.75 ],
    "to" : [ 8.75, 10.75, 12 ],
    "faces" : {
      "north" : {
        "uv" : [ 2.5, 5.25, 1.875, 7.75 ],
        "texture" : "#M1911"
      },
      "east" : {
        "uv" : [ 3.5, 1.375, 3.375, 3.875 ],
        "texture" : "#M1911"
      },
      "west" : {
        "uv" : [ 3.5, 1.375, 3.625, 3.875 ],
        "texture" : "#M1911"
      },
      "up" : {
        "uv" : [ 10.5, 11.25, 11.125, 11.125 ],
        "texture" : "#M1911"
      },
      "down" : {
        "uv" : [ 11.125, 11.125, 11.75, 11.25 ],
        "texture" : "#M1911"
      }
    }
  }, {
    "from" : [ 7.5, 6.5, 11.5 ],
    "to" : [ 8.75, 10.75, 11.75 ],
    "faces" : {
      "north" : {
        "uv" : [ 3.125, 12.625, 2.5, 14.75 ],
        "texture" : "#M1911"
      },
      "east" : {
        "uv" : [ 4.25, 9.5, 4.125, 11.625 ],
        "texture" : "#M1911"
      },
      "west" : {
        "uv" : [ 4, 0, 4.125, 2.125 ],
        "texture" : "#M1911"
      },
      "up" : {
        "uv" : [ 9.25, 11.25, 9.875, 11.125 ],
        "texture" : "#M1911"
      },
      "down" : {
        "uv" : [ 9.875, 11.125, 10.5, 11.25 ],
        "texture" : "#M1911"
      }
    }
  }, {
    "from" : [ 7.5, 7.25, 11.25 ],
    "to" : [ 8.75, 10.75, 11.5 ],
    "faces" : {
      "north" : {
        "uv" : [ 5.625, 13, 5, 14.75 ],
        "texture" : "#M1911"
      },
      "east" : {
        "uv" : [ 4.25, 3.75, 4.125, 5.5 ],
        "texture" : "#M1911"
      },
      "west" : {
        "uv" : [ 4.25, 6, 4.375, 7.75 ],
        "texture" : "#M1911"
      },
      "up" : {
        "uv" : [ 8.625, 11.25, 9.25, 11.125 ],
        "texture" : "#M1911"
      },
      "down" : {
        "uv" : [ 13.625, 11, 14.25, 11.125 ],
        "texture" : "#M1911"
      }
    }
  }, {
    "from" : [ 7.5, 8, 11 ],
    "to" : [ 8.75, 10.75, 11.25 ],
    "faces" : {
      "north" : {
        "uv" : [ 8.75, 13.375, 8.125, 14.75 ],
        "texture" : "#M1911"
      },
      "east" : {
        "uv" : [ 4.375, 3.25, 4.25, 4.625 ],
        "texture" : "#M1911"
      },
      "west" : {
        "uv" : [ 4.25, 1.875, 4.375, 3.25 ],
        "texture" : "#M1911"
      },
      "up" : {
        "uv" : [ 7.375, 11.25, 8, 11.125 ],
        "texture" : "#M1911"
      },
      "down" : {
        "uv" : [ 8, 11.125, 8.625, 11.25 ],
        "texture" : "#M1911"
      }
    }
  }, {
    "from" : [ 7.5, 9, 10.75 ],
    "to" : [ 8.75, 10.75, 11 ],
    "faces" : {
      "north" : {
        "uv" : [ 12.125, 12.875, 11.5, 13.75 ],
        "texture" : "#M1911"
      },
      "east" : {
        "uv" : [ 4.625, 1.875, 4.5, 2.75 ],
        "texture" : "#M1911"
      },
      "west" : {
        "uv" : [ 4.375, 1, 4.5, 1.875 ],
        "texture" : "#M1911"
      },
      "up" : {
        "uv" : [ 6.125, 11.25, 6.75, 11.125 ],
        "texture" : "#M1911"
      },
      "down" : {
        "uv" : [ 6.75, 11.125, 7.375, 11.25 ],
        "texture" : "#M1911"
      }
    }
  }, {
    "from" : [ 7.5, 9.5, 10.5 ],
    "to" : [ 8.75, 10.5, 10.75 ],
    "faces" : {
      "north" : {
        "uv" : [ 11, 12.375, 10.375, 12.875 ],
        "texture" : "#M1911"
      },
      "east" : {
        "uv" : [ 5, 6, 4.875, 6.5 ],
        "texture" : "#M1911"
      },
      "west" : {
        "uv" : [ 15.875, 11.625, 16, 12.125 ],
        "texture" : "#M1911"
      },
      "up" : {
        "uv" : [ 15.125, 11.75, 15.75, 11.625 ],
        "texture" : "#M1911"
      },
      "down" : {
        "uv" : [ 4.875, 11.125, 5.5, 11.25 ],
        "texture" : "#M1911"
      }
    }
  }, {
    "from" : [ 7.5, 11, 3.25 ],
    "to" : [ 8.75, 12.5, 7 ],
    "faces" : {
      "north" : {
        "uv" : [ 10, 12.875, 9.375, 13.625 ],
        "texture" : "#M1911"
      },
      "east" : {
        "uv" : [ 6.25, 14.75, 4.375, 15.5 ],
        "texture" : "#M1911"
      },
      "south" : {
        "uv" : [ 8.75, 12.875, 9.375, 13.625 ],
        "texture" : "#M1911"
      },
      "west" : {
        "uv" : [ 2.5, 14.75, 4.375, 15.5 ],
        "texture" : "#M1911"
      },
      "up" : {
        "uv" : [ 3.125, 14.75, 3.75, 12.875 ],
        "texture" : "#M1911"
      },
      "down" : {
        "uv" : [ 3.75, 12.875, 4.375, 14.75 ],
        "texture" : "#M1911"
      }
    }
  }, {
    "from" : [ 7.5, 11, 7 ],
    "to" : [ 8.75, 12, 14 ],
    "faces" : {
      "east" : {
        "uv" : [ 8.875, 15.5, 5.375, 16 ],
        "texture" : "#M1911"
      },
      "south" : {
        "uv" : [ 6.25, 12.875, 6.875, 13.375 ],
        "texture" : "#M1911"
      },
      "west" : {
        "uv" : [ 1.875, 15.5, 5.375, 16 ],
        "texture" : "#M1911"
      },
      "up" : {
        "uv" : [ 0, 5.5, 0.625, 2 ],
        "texture" : "#M1911"
      },
      "down" : {
        "uv" : [ 0, 5.5, 0.625, 9 ],
        "texture" : "#M1911"
      }
    }
  }, {
    "from" : [ 7.5, 11, 14 ],
    "to" : [ 8.75, 11.75, 14.25 ],
    "faces" : {
      "east" : {
        "uv" : [ 5, 4.625, 4.875, 5 ],
        "texture" : "#M1911"
      },
      "south" : {
        "uv" : [ 15.125, 11.75, 15.75, 12.125 ],
        "texture" : "#M1911"
      },
      "west" : {
        "uv" : [ 15.875, 13, 16, 13.375 ],
        "texture" : "#M1911"
      },
      "up" : {
        "uv" : [ 4.375, 13, 5, 12.875 ],
        "texture" : "#M1911"
      },
      "down" : {
        "uv" : [ 5, 12.875, 5.625, 13 ],
        "texture" : "#M1911"
      }
    }
  }, {
    "from" : [ 7.5, 11.25, 2.25 ],
    "to" : [ 8.75, 12.5, 3.25 ],
    "faces" : {
      "north" : {
        "uv" : [ 15.5, 13.375, 14.875, 14 ],
        "texture" : "#M1911"
      },
      "east" : {
        "uv" : [ 16, 13.375, 15.5, 14 ],
        "texture" : "#M1911"
      },
      "west" : {
        "uv" : [ 9.875, 12.25, 10.375, 12.875 ],
        "texture" : "#M1911"
      },
      "up" : {
        "uv" : [ 8.125, 13.375, 8.75, 12.875 ],
        "texture" : "#M1911"
      },
      "down" : {
        "uv" : [ 14.25, 12.875, 14.875, 13.375 ],
        "texture" : "#M1911"
      }
    }
  }, {
    "from" : [ 7.5, 11.75, 0.25 ],
    "to" : [ 8.75, 12.5, 2.25 ],
    "faces" : {
      "north" : {
        "uv" : [ 4.875, 11.25, 4.25, 11.625 ],
        "texture" : "#M1911"
      },
      "east" : {
        "uv" : [ 6.5, 12.5, 5.5, 12.875 ],
        "texture" : "#M1911"
      },
      "west" : {
        "uv" : [ 14.875, 13, 15.875, 13.375 ],
        "texture" : "#M1911"
      },
      "up" : {
        "uv" : [ 11.5, 14.75, 12.125, 13.75 ],
        "texture" : "#M1911"
      },
      "down" : {
        "uv" : [ 12.125, 13.75, 12.75, 14.75 ],
        "texture" : "#M1911"
      }
    }
  }, {
    "from" : [ 7.5, 12, 7 ],
    "to" : [ 8.5, 12.5, 14 ],
    "faces" : {
      "east" : {
        "uv" : [ 12.375, 15.75, 8.875, 16 ],
        "texture" : "#M1911"
      },
      "south" : {
        "uv" : [ 15.125, 14.25, 15.625, 14.5 ],
        "texture" : "#M1911"
      },
      "west" : {
        "uv" : [ 8.875, 15.5, 12.375, 15.75 ],
        "texture" : "#M1911"
      },
      "up" : {
        "uv" : [ 1.25, 7.25, 1.75, 3.75 ],
        "texture" : "#M1911"
      }
    }
  }, {
    "from" : [ 7.75, 3, 12 ],
    "to" : [ 8.5, 5, 12.25 ],
    "faces" : {
      "north" : {
        "uv" : [ 7.625, 11.875, 7.25, 12.875 ],
        "texture" : "#M1911"
      },
      "east" : {
        "uv" : [ 4.75, 2.75, 4.625, 3.75 ],
        "texture" : "#M1911"
      },
      "south" : {
        "uv" : [ 6.875, 11.875, 7.25, 12.875 ],
        "texture" : "#M1911"
      },
      "west" : {
        "uv" : [ 4.375, 2.75, 4.5, 3.75 ],
        "texture" : "#M1911"
      },
      "down" : {
        "uv" : [ 5, 10.875, 5.375, 11 ],
        "texture" : "#M1911"
      }
    }
  }, {
    "from" : [ 7.75, 3, 12.25 ],
    "to" : [ 8.5, 4.25, 12.5 ],
    "faces" : {
      "east" : {
        "uv" : [ 10.375, 11.625, 10.25, 12.25 ],
        "texture" : "#M1911"
      },
      "south" : {
        "uv" : [ 14, 11.625, 14.375, 12.25 ],
        "texture" : "#M1911"
      },
      "west" : {
        "uv" : [ 4.625, 7.125, 4.75, 7.75 ],
        "texture" : "#M1911"
      },
      "down" : {
        "uv" : [ 6.5, 10.875, 6.875, 11 ],
        "texture" : "#M1911"
      }
    }
  }, {
    "from" : [ 7.75, 3, 12.5 ],
    "to" : [ 8.5, 3.5, 15 ],
    "faces" : {
      "east" : {
        "uv" : [ 12.625, 14.75, 11.375, 15 ],
        "texture" : "#M1911"
      },
      "south" : {
        "uv" : [ 15.625, 14.5, 16, 14.75 ],
        "texture" : "#M1911"
      },
      "west" : {
        "uv" : [ 12.625, 14.75, 13.875, 15 ],
        "texture" : "#M1911"
      },
      "up" : {
        "uv" : [ 4.75, 12.875, 5.125, 11.625 ],
        "texture" : "#M1911"
      },
      "down" : {
        "uv" : [ 4, 11.625, 4.375, 12.875 ],
        "texture" : "#M1911"
      }
    }
  }, {
    "from" : [ 7.75, 3.5, 15 ],
    "to" : [ 8.5, 4.25, 15.25 ],
    "faces" : {
      "east" : {
        "uv" : [ 5, 2.375, 4.875, 2.75 ],
        "texture" : "#M1911"
      },
      "south" : {
        "uv" : [ 6.75, 11.25, 7.125, 11.625 ],
        "texture" : "#M1911"
      },
      "west" : {
        "uv" : [ 4.875, 3.125, 5, 3.5 ],
        "texture" : "#M1911"
      },
      "down" : {
        "uv" : [ 8, 10.875, 8.375, 11 ],
        "texture" : "#M1911"
      }
    }
  }, {
    "from" : [ 7.75, 3.75, 15.25 ],
    "to" : [ 8.5, 5.5, 15.5 ],
    "faces" : {
      "north" : {
        "uv" : [ 9.5, 12, 9.125, 12.875 ],
        "texture" : "#M1911"
      },
      "east" : {
        "uv" : [ 4.5, 0.125, 4.375, 1 ],
        "texture" : "#M1911"
      },
      "south" : {
        "uv" : [ 9.5, 12, 9.875, 12.875 ],
        "texture" : "#M1911"
      },
      "west" : {
        "uv" : [ 4.625, 1, 4.75, 1.875 ],
        "texture" : "#M1911"
      },
      "up" : {
        "uv" : [ 10.25, 11, 10.625, 10.875 ],
        "texture" : "#M1911"
      },
      "down" : {
        "uv" : [ 9.875, 10.875, 10.25, 11 ],
        "texture" : "#M1911"
      }
    }
  }, {
    "from" : [ 7.75, 3.75, 15.5 ],
    "to" : [ 8.5, 4.75, 15.75 ],
    "faces" : {
      "east" : {
        "uv" : [ 5, 7, 4.875, 7.5 ],
        "texture" : "#M1911"
      },
      "south" : {
        "uv" : [ 12.875, 11.625, 13.25, 12.125 ],
        "texture" : "#M1911"
      },
      "west" : {
        "uv" : [ 4.875, 6.5, 5, 7 ],
        "texture" : "#M1911"
      },
      "up" : {
        "uv" : [ 11.375, 11, 11.75, 10.875 ],
        "texture" : "#M1911"
      },
      "down" : {
        "uv" : [ 10.625, 10.875, 11, 11 ],
        "texture" : "#M1911"
      }
    }
  }, {
    "from" : [ 7.75, 4, 11.75 ],
    "to" : [ 8.5, 5.75, 12 ],
    "faces" : {
      "north" : {
        "uv" : [ 8.375, 12, 8, 12.875 ],
        "texture" : "#M1911"
      },
      "east" : {
        "uv" : [ 4.5, 1.875, 4.375, 2.75 ],
        "texture" : "#M1911"
      },
      "south" : {
        "uv" : [ 8.375, 12, 8.75, 12.875 ],
        "texture" : "#M1911"
      },
      "west" : {
        "uv" : [ 4.5, 0.125, 4.625, 1 ],
        "texture" : "#M1911"
      },
      "down" : {
        "uv" : [ 12.875, 10.875, 13.25, 11 ],
        "texture" : "#M1911"
      }
    }
  }, {
    "from" : [ 7.75, 5, 11.5 ],
    "to" : [ 8.5, 6.5, 11.75 ],
    "faces" : {
      "north" : {
        "uv" : [ 12.5, 12.125, 12.125, 12.875 ],
        "texture" : "#M1911"
      },
      "east" : {
        "uv" : [ 4.875, 8.25, 4.75, 9 ],
        "texture" : "#M1911"
      },
      "south" : {
        "uv" : [ 12.5, 12.125, 12.875, 12.875 ],
        "texture" : "#M1911"
      },
      "west" : {
        "uv" : [ 4.75, 7.5, 4.875, 8.25 ],
        "texture" : "#M1911"
      },
      "down" : {
        "uv" : [ 13.625, 10.875, 14, 11 ],
        "texture" : "#M1911"
      }
    }
  }, {
    "from" : [ 7.75, 5.25, 15 ],
    "to" : [ 8.5, 5.75, 15.25 ],
    "faces" : {
      "east" : {
        "uv" : [ 16, 15.75, 15.875, 16 ],
        "texture" : "#M1911"
      },
      "south" : {
        "uv" : [ 9.25, 14.75, 9.625, 15 ],
        "texture" : "#M1911"
      },
      "west" : {
        "uv" : [ 5, 10.25, 5.125, 10.5 ],
        "texture" : "#M1911"
      },
      "up" : {
        "uv" : [ 14.75, 11, 15.125, 10.875 ],
        "texture" : "#M1911"
      }
    }
  }, {
    "from" : [ 7.75, 5.75, 11.25 ],
    "to" : [ 8.5, 7.25, 11.5 ],
    "faces" : {
      "north" : {
        "uv" : [ 11.375, 12.125, 11, 12.875 ],
        "texture" : "#M1911"
      },
      "east" : {
        "uv" : [ 4.875, 6, 4.75, 6.75 ],
        "texture" : "#M1911"
      },
      "south" : {
        "uv" : [ 11.375, 12.125, 11.75, 12.875 ],
        "texture" : "#M1911"
      },
      "west" : {
        "uv" : [ 4.75, 6.75, 4.875, 7.5 ],
        "texture" : "#M1911"
      },
      "down" : {
        "uv" : [ 12.125, 10.75, 12.5, 10.875 ],
        "texture" : "#M1911"
      }
    }
  }, {
    "from" : [ 7.75, 5.75, 14.75 ],
    "to" : [ 8.5, 6.5, 15 ],
    "faces" : {
      "north" : {
        "uv" : [ 4, 0, 3.625, 0.375 ],
        "texture" : "#M1911"
      },
      "east" : {
        "uv" : [ 5, 2.75, 4.875, 3.125 ],
        "texture" : "#M1911"
      },
      "south" : {
        "uv" : [ 7.625, 11.625, 8, 12 ],
        "texture" : "#M1911"
      },
      "west" : {
        "uv" : [ 4.875, 2, 5, 2.375 ],
        "texture" : "#M1911"
      },
      "up" : {
        "uv" : [ 11, 11, 11.375, 10.875 ],
        "texture" : "#M1911"
      }
    }
  }, {
    "from" : [ 7.75, 6.25, 14.5 ],
    "to" : [ 8.5, 7.25, 14.75 ],
    "faces" : {
      "north" : {
        "uv" : [ 4.75, 8.25, 4.375, 8.75 ],
        "texture" : "#M1911"
      },
      "east" : {
        "uv" : [ 5, 9, 4.875, 9.5 ],
        "texture" : "#M1911"
      },
      "south" : {
        "uv" : [ 4.375, 10.25, 4.75, 10.75 ],
        "texture" : "#M1911"
      },
      "west" : {
        "uv" : [ 4.75, 1.75, 4.875, 2.25 ],
        "texture" : "#M1911"
      },
      "up" : {
        "uv" : [ 15, 11.375, 15.375, 11.25 ],
        "texture" : "#M1911"
      }
    }
  }, {
    "from" : [ 7.75, 6.5, 11 ],
    "to" : [ 8.5, 8, 11.25 ],
    "faces" : {
      "north" : {
        "uv" : [ 12.125, 12.125, 11.75, 12.875 ],
        "texture" : "#M1911"
      },
      "east" : {
        "uv" : [ 4.75, 0.25, 4.625, 1 ],
        "texture" : "#M1911"
      },
      "south" : {
        "uv" : [ 13.25, 12.125, 13.625, 12.875 ],
        "texture" : "#M1911"
      },
      "west" : {
        "uv" : [ 4.75, 10.5, 4.875, 11.25 ],
        "texture" : "#M1911"
      },
      "down" : {
        "uv" : [ 8.375, 10.75, 8.75, 10.875 ],
        "texture" : "#M1911"
      }
    }
  }, {
    "from" : [ 7.75, 7, 14.25 ],
    "to" : [ 8.5, 8, 14.5 ],
    "faces" : {
      "north" : {
        "uv" : [ 11.375, 11.625, 11, 12.125 ],
        "texture" : "#M1911"
      },
      "east" : {
        "uv" : [ 15.875, 11.625, 15.75, 12.125 ],
        "texture" : "#M1911"
      },
      "south" : {
        "uv" : [ 4.375, 7.75, 4.75, 8.25 ],
        "texture" : "#M1911"
      },
      "west" : {
        "uv" : [ 4.875, 5.5, 5, 6 ],
        "texture" : "#M1911"
      },
      "up" : {
        "uv" : [ 11.625, 11.375, 12, 11.25 ],
        "texture" : "#M1911"
      }
    }
  }, {
    "from" : [ 7.75, 7.25, 10.75 ],
    "to" : [ 8.5, 9, 11 ],
    "faces" : {
      "north" : {
        "uv" : [ 6.25, 11.625, 5.875, 12.5 ],
        "texture" : "#M1911"
      },
      "east" : {
        "uv" : [ 4.75, 1.875, 4.625, 2.75 ],
        "texture" : "#M1911"
      },
      "south" : {
        "uv" : [ 7.625, 12, 8, 12.875 ],
        "texture" : "#M1911"
      },
      "west" : {
        "uv" : [ 4.5, 1, 4.625, 1.875 ],
        "texture" : "#M1911"
      },
      "down" : {
        "uv" : [ 8.75, 10.75, 9.125, 10.875 ],
        "texture" : "#M1911"
      }
    }
  }, {
    "from" : [ 7.75, 7.5, 14 ],
    "to" : [ 8.5, 11, 14.25 ],
    "faces" : {
      "north" : {
        "uv" : [ 11.125, 13, 10.75, 14.75 ],
        "texture" : "#M1911"
      },
      "east" : {
        "uv" : [ 4.25, 0.25, 4.125, 2 ],
        "texture" : "#M1911"
      },
      "south" : {
        "uv" : [ 11.125, 13, 11.5, 14.75 ],
        "texture" : "#M1911"
      },
      "west" : {
        "uv" : [ 4.25, 9.5, 4.375, 11.25 ],
        "texture" : "#M1911"
      }
    }
  }, {
    "from" : [ 7.75, 8, 7.75 ],
    "to" : [ 8.5, 8.25, 10.75 ],
    "faces" : {
      "north" : {
        "uv" : [ 5.375, 10.75, 5, 10.875 ],
        "texture" : "#M1911"
      },
      "east" : {
        "uv" : [ 6.375, 11.5, 4.875, 11.625 ],
        "texture" : "#M1911"
      },
      "west" : {
        "uv" : [ 4.875, 11.375, 6.375, 11.5 ],
        "texture" : "#M1911"
      },
      "up" : {
        "uv" : [ 3.625, 11.375, 4, 9.875 ],
        "texture" : "#M1911"
      },
      "down" : {
        "uv" : [ 3.625, 11.375, 4, 12.875 ],
        "texture" : "#M1911"
      }
    }
  }, {
    "from" : [ 7.75, 8.25, 7.5 ],
    "to" : [ 8.5, 8.5, 7.75 ],
    "faces" : {
      "north" : {
        "uv" : [ 7.625, 10.75, 7.25, 10.875 ],
        "texture" : "#M1911"
      },
      "east" : {
        "uv" : [ 15.875, 11, 15.75, 11.125 ],
        "texture" : "#M1911"
      },
      "south" : {
        "uv" : [ 13.875, 11.25, 14.25, 11.375 ],
        "texture" : "#M1911"
      },
      "west" : {
        "uv" : [ 15.875, 11, 16, 11.125 ],
        "texture" : "#M1911"
      },
      "up" : {
        "uv" : [ 6.875, 10.875, 7.25, 10.75 ],
        "texture" : "#M1911"
      },
      "down" : {
        "uv" : [ 6.5, 10.75, 6.875, 10.875 ],
        "texture" : "#M1911"
      }
    }
  }, {
    "from" : [ 7.75, 8.25, 9.75 ],
    "to" : [ 8.5, 11, 10.5 ],
    "faces" : {
      "north" : {
        "uv" : [ 4, 1.625, 3.625, 3 ],
        "texture" : "#M1911"
      },
      "east" : {
        "uv" : [ 4, 5.75, 3.625, 7.125 ],
        "texture" : "#M1911"
      },
      "south" : {
        "uv" : [ 3.625, 3, 4, 4.375 ],
        "texture" : "#M1911"
      },
      "west" : {
        "uv" : [ 3.625, 7.125, 4, 8.5 ],
        "texture" : "#M1911"
      }
    }
  }, {
    "from" : [ 7.75, 8.25, 10.5 ],
    "to" : [ 8.5, 9.5, 10.75 ],
    "faces" : {
      "east" : {
        "uv" : [ 4.875, 4.125, 4.75, 4.75 ],
        "texture" : "#M1911"
      },
      "south" : {
        "uv" : [ 14.375, 11.625, 14.75, 12.25 ],
        "texture" : "#M1911"
      },
      "west" : {
        "uv" : [ 4.75, 2.25, 4.875, 2.875 ],
        "texture" : "#M1911"
      }
    }
  }, {
    "from" : [ 7.75, 8.25, 13.75 ],
    "to" : [ 8.5, 11, 14 ],
    "faces" : {
      "north" : {
        "uv" : [ 4, 8.5, 3.625, 9.875 ],
        "texture" : "#M1911"
      },
      "east" : {
        "uv" : [ 3.625, 0, 3.5, 1.375 ],
        "texture" : "#M1911"
      },
      "west" : {
        "uv" : [ 4.25, 0.5, 4.375, 1.875 ],
        "texture" : "#M1911"
      }
    }
  }, {
    "from" : [ 7.75, 8.5, 7.25 ],
    "to" : [ 8.5, 8.75, 7.5 ],
    "faces" : {
      "north" : {
        "uv" : [ 11.125, 12.875, 10.75, 13 ],
        "texture" : "#M1911"
      },
      "east" : {
        "uv" : [ 13.625, 10.75, 13.5, 10.875 ],
        "texture" : "#M1911"
      },
      "south" : {
        "uv" : [ 11.125, 12.875, 11.5, 13 ],
        "texture" : "#M1911"
      },
      "west" : {
        "uv" : [ 12.875, 10.75, 13, 10.875 ],
        "texture" : "#M1911"
      },
      "up" : {
        "uv" : [ 10.375, 13, 10.75, 12.875 ],
        "texture" : "#M1911"
      },
      "down" : {
        "uv" : [ 10, 12.875, 10.375, 13 ],
        "texture" : "#M1911"
      }
    }
  }, {
    "from" : [ 7.75, 8.75, 7 ],
    "to" : [ 8.5, 11, 7.25 ],
    "faces" : {
      "north" : {
        "uv" : [ 13.125, 12.875, 12.75, 14 ],
        "texture" : "#M1911"
      },
      "east" : {
        "uv" : [ 4.5, 6, 4.375, 7.125 ],
        "texture" : "#M1911"
      },
      "south" : {
        "uv" : [ 13.875, 12.875, 14.25, 14 ],
        "texture" : "#M1911"
      },
      "west" : {
        "uv" : [ 4.625, 4.875, 4.75, 6 ],
        "texture" : "#M1911"
      },
      "down" : {
        "uv" : [ 14.75, 11.625, 15.125, 11.75 ],
        "texture" : "#M1911"
      }
    }
  }, {
    "from" : [ 7.75, 8.75, 13.5 ],
    "to" : [ 8.5, 11, 13.75 ],
    "faces" : {
      "north" : {
        "uv" : [ 13.875, 12.875, 13.5, 14 ],
        "texture" : "#M1911"
      },
      "east" : {
        "uv" : [ 4.625, 4.875, 4.5, 6 ],
        "texture" : "#M1911"
      },
      "west" : {
        "uv" : [ 4.375, 4.875, 4.5, 6 ],
        "texture" : "#M1911"
      }
    }
  }, {
    "from" : [ 7.75, 9.5, 13.25 ],
    "to" : [ 8.5, 11, 13.5 ],
    "faces" : {
      "north" : {
        "uv" : [ 13.25, 12.125, 12.875, 12.875 ],
        "texture" : "#M1911"
      },
      "east" : {
        "uv" : [ 4.875, 9, 4.75, 9.75 ],
        "texture" : "#M1911"
      },
      "west" : {
        "uv" : [ 4.75, 9.75, 4.875, 10.5 ],
        "texture" : "#M1911"
      }
    }
  }, {
    "from" : [ 7.75, 9.5, 14.25 ],
    "to" : [ 8.5, 10.75, 14.5 ],
    "faces" : {
      "east" : {
        "uv" : [ 4.875, 4.75, 4.75, 5.375 ],
        "texture" : "#M1911"
      },
      "south" : {
        "uv" : [ 14, 12.25, 14.375, 12.875 ],
        "texture" : "#M1911"
      },
      "west" : {
        "uv" : [ 4.75, 5.375, 4.875, 6 ],
        "texture" : "#M1911"
      },
      "up" : {
        "uv" : [ 14.25, 11.375, 14.625, 11.25 ],
        "texture" : "#M1911"
      },
      "down" : {
        "uv" : [ 9.125, 10.75, 9.5, 10.875 ],
        "texture" : "#M1911"
      }
    }
  }, {
    "from" : [ 7.75, 9.75, 14.5 ],
    "to" : [ 8.5, 10.75, 14.75 ],
    "faces" : {
      "east" : {
        "uv" : [ 4.875, 0.25, 4.75, 0.75 ],
        "texture" : "#M1911"
      },
      "south" : {
        "uv" : [ 4.375, 8.75, 4.75, 9.25 ],
        "texture" : "#M1911"
      },
      "west" : {
        "uv" : [ 4.875, 10.5, 5, 11 ],
        "texture" : "#M1911"
      },
      "up" : {
        "uv" : [ 14.625, 11.125, 15, 11 ],
        "texture" : "#M1911"
      },
      "down" : {
        "uv" : [ 14.625, 11.25, 15, 11.375 ],
        "texture" : "#M1911"
      }
    }
  }, {
    "from" : [ 7.75, 9.75, 14.75 ],
    "to" : [ 8.5, 10.5, 15.5 ],
    "faces" : {
      "east" : {
        "uv" : [ 7.5, 11.25, 7.125, 11.625 ],
        "texture" : "#M1911"
      },
      "south" : {
        "uv" : [ 7.5, 11.25, 7.875, 11.625 ],
        "texture" : "#M1911"
      },
      "west" : {
        "uv" : [ 9.125, 11.625, 9.5, 12 ],
        "texture" : "#M1911"
      },
      "up" : {
        "uv" : [ 8.25, 11.625, 8.625, 11.25 ],
        "texture" : "#M1911"
      },
      "down" : {
        "uv" : [ 9, 11.25, 9.375, 11.625 ],
        "texture" : "#M1911"
      }
    }
  }, {
    "from" : [ 7.75, 9.75, 15.5 ],
    "to" : [ 8.5, 10.25, 16 ],
    "faces" : {
      "east" : {
        "uv" : [ 16, 12.25, 15.75, 12.5 ],
        "texture" : "#M1911"
      },
      "south" : {
        "uv" : [ 13.125, 11.375, 13.5, 11.625 ],
        "texture" : "#M1911",
        "cullface" : "south"
      },
      "west" : {
        "uv" : [ 6.25, 11.625, 6.5, 11.875 ],
        "texture" : "#M1911"
      },
      "up" : {
        "uv" : [ 12.375, 11.625, 12.75, 11.375 ],
        "texture" : "#M1911"
      },
      "down" : {
        "uv" : [ 12, 11.375, 12.375, 11.625 ],
        "texture" : "#M1911"
      }
    }
  }, {
    "from" : [ 7.75, 10, 6.75 ],
    "to" : [ 8.5, 11, 7 ],
    "faces" : {
      "north" : {
        "uv" : [ 12.125, 11.625, 11.75, 12.125 ],
        "texture" : "#M1911"
      },
      "east" : {
        "uv" : [ 5, 8, 4.875, 8.5 ],
        "texture" : "#M1911"
      },
      "west" : {
        "uv" : [ 4.875, 7.5, 5, 8 ],
        "texture" : "#M1911"
      },
      "down" : {
        "uv" : [ 11.75, 10.875, 12.125, 11 ],
        "texture" : "#M1911"
      }
    }
  }, {
    "from" : [ 7.75, 10, 7.25 ],
    "to" : [ 8.5, 11, 9.75 ],
    "faces" : {
      "east" : {
        "uv" : [ 13.875, 15, 12.625, 15.5 ],
        "texture" : "#M1911"
      },
      "west" : {
        "uv" : [ 11.375, 15, 12.625, 15.5 ],
        "texture" : "#M1911"
      },
      "down" : {
        "uv" : [ 3.625, 0.375, 4, 1.625 ],
        "texture" : "#M1911"
      }
    }
  }, {
    "from" : [ 7.75, 10, 13 ],
    "to" : [ 8.5, 11, 13.25 ],
    "faces" : {
      "north" : {
        "uv" : [ 14, 11.625, 13.625, 12.125 ],
        "texture" : "#M1911"
      },
      "east" : {
        "uv" : [ 5, 8.5, 4.875, 9 ],
        "texture" : "#M1911"
      },
      "west" : {
        "uv" : [ 4.25, 0, 4.375, 0.5 ],
        "texture" : "#M1911"
      }
    }
  }, {
    "from" : [ 7.75, 10.25, 3.25 ],
    "to" : [ 8.5, 11, 6.75 ],
    "faces" : {
      "north" : {
        "uv" : [ 9.875, 11.625, 9.5, 12 ],
        "texture" : "#M1911"
      },
      "east" : {
        "uv" : [ 11.375, 15.125, 9.625, 15.5 ],
        "texture" : "#M1911"
      },
      "west" : {
        "uv" : [ 9.625, 14.75, 11.375, 15.125 ],
        "texture" : "#M1911"
      },
      "down" : {
        "uv" : [ 10.375, 13, 10.75, 14.75 ],
        "texture" : "#M1911"
      }
    }
  }, {
    "from" : [ 7.75, 10.5, 10.5 ],
    "to" : [ 8.5, 11, 10.75 ],
    "faces" : {
      "east" : {
        "uv" : [ 5, 0.875, 4.875, 1.125 ],
        "texture" : "#M1911"
      },
      "south" : {
        "uv" : [ 15.625, 14.25, 16, 14.5 ],
        "texture" : "#M1911"
      },
      "west" : {
        "uv" : [ 5, 8.5, 5.125, 8.75 ],
        "texture" : "#M1911"
      }
    }
  }, {
    "from" : [ 7.75, 10.5, 12.5 ],
    "to" : [ 8.5, 11, 13 ],
    "faces" : {
      "north" : {
        "uv" : [ 7.625, 11.625, 7.25, 11.875 ],
        "texture" : "#M1911"
      },
      "east" : {
        "uv" : [ 11, 11.625, 10.75, 11.875 ],
        "texture" : "#M1911"
      },
      "west" : {
        "uv" : [ 15.75, 12.625, 16, 12.875 ],
        "texture" : "#M1911"
      }
    }
  }, {
    "from" : [ 7.75, 10.75, 10.75 ],
    "to" : [ 8.5, 11, 12.5 ],
    "faces" : {
      "east" : {
        "uv" : [ 16, 14, 15.125, 14.125 ],
        "texture" : "#M1911"
      },
      "west" : {
        "uv" : [ 15.125, 14.125, 16, 14.25 ],
        "texture" : "#M1911"
      },
      "down" : {
        "uv" : [ 5.5, 11.625, 5.875, 12.5 ],
        "texture" : "#M1911"
      }
    }
  }, {
    "from" : [ 7.75, 11, 2.25 ],
    "to" : [ 8.5, 11.25, 3.25 ],
    "faces" : {
      "north" : {
        "uv" : [ 13.5, 11.25, 13.125, 11.375 ],
        "texture" : "#M1911"
      },
      "east" : {
        "uv" : [ 16, 11.125, 15.5, 11.25 ],
        "texture" : "#M1911"
      },
      "west" : {
        "uv" : [ 5.875, 11.25, 6.375, 11.375 ],
        "texture" : "#M1911"
      },
      "down" : {
        "uv" : [ 4.375, 9.75, 4.75, 10.25 ],
        "texture" : "#M1911"
      }
    }
  }, {
    "from" : [ 7.75, 11.5, 0.25 ],
    "to" : [ 8.5, 11.75, 2.25 ],
    "faces" : {
      "north" : {
        "uv" : [ 15.75, 11.25, 15.375, 11.375 ],
        "texture" : "#M1911"
      },
      "east" : {
        "uv" : [ 15.875, 12.875, 14.875, 13 ],
        "texture" : "#M1911"
      },
      "west" : {
        "uv" : [ 4.875, 11.25, 5.875, 11.375 ],
        "texture" : "#M1911"
      },
      "down" : {
        "uv" : [ 6.5, 11.875, 6.875, 12.875 ],
        "texture" : "#M1911"
      }
    }
  }, {
    "from" : [ 7.75, 11.75, 0 ],
    "to" : [ 8.5, 12.5, 0.25 ],
    "faces" : {
      "north" : {
        "uv" : [ 8.75, 11.625, 8.375, 12 ],
        "texture" : "#M1911",
        "cullface" : "north"
      },
      "east" : {
        "uv" : [ 5, 3.875, 4.875, 4.25 ],
        "texture" : "#M1911"
      },
      "west" : {
        "uv" : [ 4.875, 4.25, 5, 4.625 ],
        "texture" : "#M1911"
      },
      "up" : {
        "uv" : [ 15.375, 11.125, 15.75, 11 ],
        "texture" : "#M1911"
      },
      "down" : {
        "uv" : [ 15, 11, 15.375, 11.125 ],
        "texture" : "#M1911"
      }
    }
  }, {
    "from" : [ 7.75, 11.75, 14 ],
    "to" : [ 8.5, 12.25, 14.25 ],
    "faces" : {
      "north" : {
        "uv" : [ 10.5, 11.375, 10.125, 11.625 ],
        "texture" : "#M1911"
      },
      "east" : {
        "uv" : [ 4.25, 0, 4.125, 0.25 ],
        "texture" : "#M1911"
      },
      "south" : {
        "uv" : [ 6.875, 11.625, 7.25, 11.875 ],
        "texture" : "#M1911"
      },
      "west" : {
        "uv" : [ 4.875, 0.625, 5, 0.875 ],
        "texture" : "#M1911"
      },
      "up" : {
        "uv" : [ 5.75, 11, 6.125, 10.875 ],
        "texture" : "#M1911"
      }
    }
  }, {
    "from" : [ 7.75, 12, 14.25 ],
    "to" : [ 8.5, 12.5, 14.5 ],
    "faces" : {
      "north" : {
        "uv" : [ 11.25, 11.375, 10.875, 11.625 ],
        "texture" : "#M1911"
      },
      "east" : {
        "uv" : [ 1.875, 0.25, 1.75, 0.5 ],
        "texture" : "#M1911"
      },
      "south" : {
        "uv" : [ 13.875, 11.375, 14.25, 11.625 ],
        "texture" : "#M1911"
      },
      "west" : {
        "uv" : [ 1.75, 3.75, 1.875, 4 ],
        "texture" : "#M1911"
      },
      "up" : {
        "uv" : [ 7.25, 11, 7.625, 10.875 ],
        "texture" : "#M1911"
      },
      "down" : {
        "uv" : [ 6.875, 10.875, 7.25, 11 ],
        "texture" : "#M1911"
      }
    }
  }, {
    "from" : [ 7.75, 12.25, 14.5 ],
    "to" : [ 8.5, 12.75, 14.75 ],
    "faces" : {
      "north" : {
        "uv" : [ 12, 11.375, 11.625, 11.625 ],
        "texture" : "#M1911"
      },
      "east" : {
        "uv" : [ 5.125, 8.25, 5, 8.5 ],
        "texture" : "#M1911"
      },
      "south" : {
        "uv" : [ 10.5, 11.375, 10.875, 11.625 ],
        "texture" : "#M1911"
      },
      "west" : {
        "uv" : [ 4.875, 1.375, 5, 1.625 ],
        "texture" : "#M1911"
      },
      "up" : {
        "uv" : [ 8.75, 11, 9.125, 10.875 ],
        "texture" : "#M1911"
      },
      "down" : {
        "uv" : [ 8.375, 10.875, 8.75, 11 ],
        "texture" : "#M1911"
      }
    }
  }, {
    "from" : [ 7.75, 12.5, 0.25 ],
    "to" : [ 8.5, 13, 7 ],
    "faces" : {
      "north" : {
        "uv" : [ 15.375, 11.375, 15, 11.625 ],
        "texture" : "#M1911"
      },
      "east" : {
        "uv" : [ 9.625, 15, 6.25, 15.25 ],
        "texture" : "#M1911"
      },
      "south" : {
        "uv" : [ 14.625, 11.375, 15, 11.625 ],
        "texture" : "#M1911"
      },
      "west" : {
        "uv" : [ 6.25, 15.25, 9.625, 15.5 ],
        "texture" : "#M1911"
      },
      "up" : {
        "uv" : [ 2.5, 10.5, 2.875, 7.125 ],
        "texture" : "#M1911"
      },
      "down" : {
        "uv" : [ 2.5, 3.75, 2.875, 7.125 ],
        "texture" : "#M1911"
      }
    }
  }, {
    "from" : [ 7.75, 12.5, 7 ],
    "to" : [ 8.25, 13, 14 ],
    "faces" : {
      "east" : {
        "uv" : [ 15.875, 15.75, 12.375, 16 ],
        "texture" : "#M1911"
      },
      "south" : {
        "uv" : [ 2.875, 3.875, 3.125, 4.125 ],
        "texture" : "#M1911"
      },
      "west" : {
        "uv" : [ 12.375, 15.5, 15.875, 15.75 ],
        "texture" : "#M1911"
      },
      "up" : {
        "uv" : [ 3.375, 12.875, 3.625, 9.375 ],
        "texture" : "#M1911"
      }
    }
  }, {
    "from" : [ 7.75, 13, 12.5 ],
    "to" : [ 8, 13.25, 13 ],
    "faces" : {
      "north" : {
        "uv" : [ 16, 10.875, 15.875, 11 ],
        "texture" : "#M1911"
      },
      "east" : {
        "uv" : [ 4.75, 0, 4.5, 0.125 ],
        "texture" : "#M1911"
      },
      "south" : {
        "uv" : [ 12.5, 10.75, 12.625, 10.875 ],
        "texture" : "#M1911"
      },
      "west" : {
        "uv" : [ 15.75, 12.5, 16, 12.625 ],
        "texture" : "#M1911"
      },
      "up" : {
        "uv" : [ 5, 10.75, 5.125, 10.5 ],
        "texture" : "#M1911"
      }
    }
  }, {
    "from" : [ 8, 8.25, 9 ],
    "to" : [ 8.25, 8.75, 9.75 ],
    "faces" : {
      "north" : {
        "uv" : [ 5.125, 7.5, 5, 7.75 ],
        "texture" : "#M1911"
      },
      "east" : {
        "uv" : [ 10.125, 11.375, 9.75, 11.625 ],
        "texture" : "#M1911"
      },
      "west" : {
        "uv" : [ 11.25, 11.375, 11.625, 11.625 ],
        "texture" : "#M1911"
      },
      "up" : {
        "uv" : [ 4.875, 2, 5, 1.625 ],
        "texture" : "#M1911"
      }
    }
  }, {
    "from" : [ 8, 8.75, 9.25 ],
    "to" : [ 8.25, 10, 9.75 ],
    "faces" : {
      "north" : {
        "uv" : [ 4.875, 3.5, 4.75, 4.125 ],
        "texture" : "#M1911"
      },
      "east" : {
        "uv" : [ 6.5, 11.875, 6.25, 12.5 ],
        "texture" : "#M1911"
      },
      "west" : {
        "uv" : [ 4.375, 7.125, 4.625, 7.75 ],
        "texture" : "#M1911"
      }
    }
  }, {
    "from" : [ 8, 9.75, 9 ],
    "to" : [ 8.25, 10, 9.25 ],
    "faces" : {
      "north" : {
        "uv" : [ 13.75, 10.75, 13.625, 10.875 ],
        "texture" : "#M1911"
      },
      "east" : {
        "uv" : [ 4.75, 0.125, 4.625, 0.25 ],
        "texture" : "#M1911"
      },
      "west" : {
        "uv" : [ 4.875, 0, 5, 0.125 ],
        "texture" : "#M1911"
      },
      "down" : {
        "uv" : [ 15.875, 12.875, 16, 13 ],
        "texture" : "#M1911"
      }
    }
  }, {
    "from" : [ 8, 10.5, 0.25 ],
    "to" : [ 8.25, 11.5, 2.25 ],
    "faces" : {
      "north" : {
        "uv" : [ 4.875, 1.25, 4.75, 1.75 ],
        "texture" : "#M1911"
      },
      "east" : {
        "uv" : [ 15.875, 15, 14.875, 15.5 ],
        "texture" : "#M1911"
      },
      "south" : {
        "uv" : [ 4.75, 0.75, 4.875, 1.25 ],
        "texture" : "#M1911"
      },
      "west" : {
        "uv" : [ 13.875, 15, 14.875, 15.5 ],
        "texture" : "#M1911"
      },
      "down" : {
        "uv" : [ 4.5, 2.75, 4.625, 3.75 ],
        "texture" : "#M1911"
      }
    }
  }, {
    "from" : [ 8, 10.5, 2.25 ],
    "to" : [ 8.25, 11, 3.25 ],
    "faces" : {
      "east" : {
        "uv" : [ 14.875, 14.75, 14.375, 15 ],
        "texture" : "#M1911"
      },
      "west" : {
        "uv" : [ 13.875, 14.75, 14.375, 15 ],
        "texture" : "#M1911"
      },
      "down" : {
        "uv" : [ 4.875, 10, 5, 10.5 ],
        "texture" : "#M1911"
      }
    }
  }, {
    "from" : [ 8, 13, 0.75 ],
    "to" : [ 8.25, 13.25, 1.25 ],
    "faces" : {
      "north" : {
        "uv" : [ 12.75, 10.75, 12.625, 10.875 ],
        "texture" : "#M1911"
      },
      "east" : {
        "uv" : [ 16, 11.25, 15.75, 11.375 ],
        "texture" : "#M1911"
      },
      "south" : {
        "uv" : [ 12.75, 10.75, 12.875, 10.875 ],
        "texture" : "#M1911"
      },
      "west" : {
        "uv" : [ 15.75, 12.125, 16, 12.25 ],
        "texture" : "#M1911"
      },
      "up" : {
        "uv" : [ 5, 9.25, 5.125, 9 ],
        "texture" : "#M1911"
      }
    }
  }, {
    "from" : [ 8.25, 12.5, 9.25 ],
    "to" : [ 8.5, 13, 14 ],
    "faces" : {
      "north" : {
        "uv" : [ 5.125, 8, 5, 8.25 ],
        "texture" : "#M1911"
      },
      "east" : {
        "uv" : [ 15.125, 14.25, 12.75, 14.5 ],
        "texture" : "#M1911"
      },
      "south" : {
        "uv" : [ 5, 7.75, 5.125, 8 ],
        "texture" : "#M1911"
      },
      "up" : {
        "uv" : [ 3.25, 2.375, 3.375, 0 ],
        "texture" : "#M1911"
      }
    }
  }, {
    "from" : [ 8.25, 12.75, 7 ],
    "to" : [ 8.5, 13, 9.25 ],
    "faces" : {
      "east" : {
        "uv" : [ 16, 14.75, 14.875, 14.875 ],
        "texture" : "#M1911"
      },
      "up" : {
        "uv" : [ 4.5, 4.875, 4.625, 3.75 ],
        "texture" : "#M1911"
      },
      "down" : {
        "uv" : [ 4.375, 3.75, 4.5, 4.875 ],
        "texture" : "#M1911"
      }
    }
  }, {
    "from" : [ 8.25, 13, 12.5 ],
    "to" : [ 8.5, 13.25, 13 ],
    "faces" : {
      "north" : {
        "uv" : [ 13.375, 10.75, 13.25, 10.875 ],
        "texture" : "#M1911"
      },
      "east" : {
        "uv" : [ 3.125, 3.75, 2.875, 3.875 ],
        "texture" : "#M1911"
      },
      "south" : {
        "uv" : [ 13.375, 10.75, 13.5, 10.875 ],
        "texture" : "#M1911"
      },
      "west" : {
        "uv" : [ 2.875, 7.125, 3.125, 7.25 ],
        "texture" : "#M1911"
      },
      "up" : {
        "uv" : [ 4.875, 1.375, 5, 1.125 ],
        "texture" : "#M1911"
      }
    }
  }, {
    "from" : [ 8.5, 12, 9.25 ],
    "to" : [ 8.75, 12.5, 14 ],
    "faces" : {
      "north" : {
        "uv" : [ 5.125, 9.5, 5, 9.75 ],
        "texture" : "#M1911"
      },
      "east" : {
        "uv" : [ 8.625, 14.75, 6.25, 15 ],
        "texture" : "#M1911"
      },
      "south" : {
        "uv" : [ 5, 8.75, 5.125, 9 ],
        "texture" : "#M1911"
      },
      "up" : {
        "uv" : [ 4, 6.875, 4.125, 4.5 ],
        "texture" : "#M1911"
      }
    }
  } ],
  "display" : {
    "thirdperson_righthand" : {
      "translation" : [ 0, -0.7, 0 ],
      "scale" : [ 0.5, 0.5, 0.5 ]
    },
    "thirdperson_lefthand" : {
      "translation" : [ 0, -0.7, 0 ],
      "scale" : [ 0.5, 0.5, 0.5 ]
    },
    "firstperson_righthand" : {
      "translation" : [ -1.71, 1.517, -1.08 ],
      "scale" : [ 0.75, 0.75, 0.75 ],
      "rotation" : [ -5, -7, -1 ]
    },
    "firstperson_lefthand" : {
      "translation" : [ -1.71, 1.517, -1.08 ],
      "scale" : [ 0.75, 0.75, 0.75 ],
      "rotation" : [ -5, -7, -1 ]
    },
    "ground" : {
      "scale" : [ 0.7, 0.7, 0.7 ]
    },
    "gui" : {
      "translation" : [ -1.39, -0.69, 0 ],
      "scale" : [ 0, 0.9, 0.9 ],
      "rotation" : [ 90, 45, -90 ]
    },
    "head" : {
      "translation" : [ 0, 6.7, 0 ],
      "scale" : [ 0.75, 0.75, 0.75 ],
      "rotation" : [ 0, 0, 90 ]
    },
    "fixed" : {
      "rotation" : [ 0, 90, 0 ]
    }
  }
}
