{
  "textures" : {
    "MAC10" : "guns/mac10"
  },
  "credit" : "Designed by Nightshade73 with Cubik Studio - https://cubik.studio",
  "elements" : [ {
    "from" : [ 6.5, 10.5, 14.75 ],
    "to" : [ 9.25, 12.5, 15.25 ],
    "faces" : {
      "north" : {
        "uv" : [ 5.125, 12.5, 3.75, 13.5 ],
        "texture" : "#MAC10"
      },
      "east" : {
        "uv" : [ 2.25, 1.75, 2, 2.75 ],
        "texture" : "#MAC10"
      },
      "south" : {
        "uv" : [ 5.125, 12.5, 6.5, 13.5 ],
        "texture" : "#MAC10"
      },
      "west" : {
        "uv" : [ 2.875, 2.25, 3.125, 3.25 ],
        "texture" : "#MAC10"
      },
      "up" : {
        "uv" : [ 4.875, 11.875, 6.25, 11.625 ],
        "texture" : "#MAC10"
      },
      "down" : {
        "uv" : [ 4.875, 11.375, 6.25, 11.625 ],
        "texture" : "#MAC10"
      }
    }
  }, {
    "from" : [ 6.5, 10.5, 15.25 ],
    "to" : [ 9.25, 11.75, 15.5 ],
    "faces" : {
      "east" : {
        "uv" : [ 16, 10.75, 15.875, 11.375 ],
        "texture" : "#MAC10"
      },
      "south" : {
        "uv" : [ 4.875, 11.875, 6.25, 12.5 ],
        "texture" : "#MAC10"
      },
      "west" : {
        "uv" : [ 15.75, 10.75, 15.875, 11.375 ],
        "texture" : "#MAC10"
      },
      "up" : {
        "uv" : [ 6.625, 10.375, 8, 10.25 ],
        "texture" : "#MAC10"
      },
      "down" : {
        "uv" : [ 9.5, 10.375, 10.875, 10.5 ],
        "texture" : "#MAC10"
      }
    }
  }, {
    "from" : [ 6.5, 10.5, 15.5 ],
    "to" : [ 9.25, 11, 15.75 ],
    "faces" : {
      "east" : {
        "uv" : [ 6.125, 6.875, 6, 7.125 ],
        "texture" : "#MAC10"
      },
      "south" : {
        "uv" : [ 6.625, 10.5, 8, 10.75 ],
        "texture" : "#MAC10"
      },
      "west" : {
        "uv" : [ 6.125, 6.875, 6.25, 7.125 ],
        "texture" : "#MAC10"
      },
      "up" : {
        "uv" : [ 8.125, 10.375, 9.5, 10.25 ],
        "texture" : "#MAC10"
      },
      "down" : {
        "uv" : [ 8.125, 10.375, 9.5, 10.5 ],
        "texture" : "#MAC10"
      }
    }
  }, {
    "from" : [ 6.5, 12.5, 4.75 ],
    "to" : [ 6.75, 13, 6 ],
    "faces" : {
      "north" : {
        "uv" : [ 6, 6.875, 5.875, 7.125 ],
        "texture" : "#MAC10"
      },
      "east" : {
        "uv" : [ 12.875, 10.25, 12.25, 10.5 ],
        "texture" : "#MAC10"
      },
      "south" : {
        "uv" : [ 5.75, 6.875, 5.875, 7.125 ],
        "texture" : "#MAC10"
      },
      "west" : {
        "uv" : [ 15.375, 10.25, 16, 10.5 ],
        "texture" : "#MAC10"
      },
      "up" : {
        "uv" : [ 5.125, 5.25, 5.25, 4.625 ],
        "texture" : "#MAC10"
      },
      "down" : {
        "uv" : [ 5, 4.625, 5.125, 5.25 ],
        "texture" : "#MAC10"
      }
    }
  }, {
    "from" : [ 6.75, 11.75, 15.25 ],
    "to" : [ 7, 15.75, 15.5 ],
    "faces" : {
      "north" : {
        "uv" : [ 4.875, 1, 4.75, 3 ],
        "texture" : "#MAC10"
      },
      "east" : {
        "uv" : [ 5.25, 1, 5.125, 3 ],
        "texture" : "#MAC10"
      },
      "south" : {
        "uv" : [ 4.875, 1, 5, 3 ],
        "texture" : "#MAC10"
      },
      "west" : {
        "uv" : [ 5, 1, 5.125, 3 ],
        "texture" : "#MAC10"
      },
      "up" : {
        "uv" : [ 6, 5.125, 6.125, 5 ],
        "texture" : "#MAC10"
      }
    }
  }, {
    "from" : [ 6.75, 12, 3 ],
    "to" : [ 9, 13.25, 4.75 ],
    "faces" : {
      "north" : {
        "uv" : [ 13, 11.875, 11.875, 12.5 ],
        "texture" : "#MAC10"
      },
      "east" : {
        "uv" : [ 7.25, 10.75, 6.375, 11.375 ],
        "texture" : "#MAC10"
      },
      "south" : {
        "uv" : [ 10.75, 11.875, 11.875, 12.5 ],
        "texture" : "#MAC10"
      },
      "west" : {
        "uv" : [ 7.25, 10.75, 8.125, 11.375 ],
        "texture" : "#MAC10"
      },
      "up" : {
        "uv" : [ 13.5, 13.5, 14.625, 12.625 ],
        "texture" : "#MAC10"
      },
      "down" : {
        "uv" : [ 12.375, 12.625, 13.5, 13.5 ],
        "texture" : "#MAC10"
      }
    }
  }, {
    "from" : [ 6.75, 12, 4.75 ],
    "to" : [ 9, 12.5, 14.25 ],
    "faces" : {
      "east" : {
        "uv" : [ 11.25, 13, 6.5, 13.25 ],
        "texture" : "#MAC10"
      },
      "south" : {
        "uv" : [ 10.75, 11.375, 11.875, 11.625 ],
        "texture" : "#MAC10"
      },
      "west" : {
        "uv" : [ 6.5, 13.25, 11.25, 13.5 ],
        "texture" : "#MAC10"
      },
      "up" : {
        "uv" : [ 0, 16, 1.125, 11.25 ],
        "texture" : "#MAC10"
      },
      "down" : {
        "uv" : [ 0, 6.5, 1.125, 11.25 ],
        "texture" : "#MAC10"
      }
    }
  }, {
    "from" : [ 6.75, 12.5, 6 ],
    "to" : [ 9, 13.25, 14.25 ],
    "faces" : {
      "north" : {
        "uv" : [ 12.875, 13.5, 11.75, 13.875 ],
        "texture" : "#MAC10"
      },
      "east" : {
        "uv" : [ 15.875, 15.625, 11.75, 16 ],
        "texture" : "#MAC10"
      },
      "south" : {
        "uv" : [ 14.625, 12.5, 15.75, 12.875 ],
        "texture" : "#MAC10"
      },
      "west" : {
        "uv" : [ 11.75, 15.25, 15.875, 15.625 ],
        "texture" : "#MAC10"
      },
      "up" : {
        "uv" : [ 0, 6.5, 1.125, 2.375 ],
        "texture" : "#MAC10"
      }
    }
  }, {
    "from" : [ 6.75, 13, 4.75 ],
    "to" : [ 9, 13.25, 6 ],
    "faces" : {
      "east" : {
        "uv" : [ 7.5, 9.5, 6.875, 9.625 ],
        "texture" : "#MAC10"
      },
      "west" : {
        "uv" : [ 6.25, 9.5, 6.875, 9.625 ],
        "texture" : "#MAC10"
      },
      "up" : {
        "uv" : [ 9.625, 12.5, 10.75, 11.875 ],
        "texture" : "#MAC10"
      },
      "down" : {
        "uv" : [ 8.5, 11.875, 9.625, 12.5 ],
        "texture" : "#MAC10"
      }
    }
  }, {
    "from" : [ 6.75, 13.25, 11.25 ],
    "to" : [ 9, 13.5, 14.25 ],
    "faces" : {
      "north" : {
        "uv" : [ 14.625, 12.5, 13.5, 12.625 ],
        "texture" : "#MAC10"
      },
      "east" : {
        "uv" : [ 14.75, 10.5, 13.25, 10.625 ],
        "texture" : "#MAC10"
      },
      "south" : {
        "uv" : [ 12.75, 10.125, 13.875, 10.25 ],
        "texture" : "#MAC10"
      },
      "west" : {
        "uv" : [ 6.625, 10.375, 8.125, 10.5 ],
        "texture" : "#MAC10"
      },
      "up" : {
        "uv" : [ 1.125, 1.5, 2.25, 0 ],
        "texture" : "#MAC10"
      }
    }
  }, {
    "from" : [ 6.75, 13.5, 4.5 ],
    "to" : [ 8.75, 13.75, 9.5 ],
    "faces" : {
      "north" : {
        "uv" : [ 14.875, 10, 13.875, 10.125 ],
        "texture" : "#MAC10"
      },
      "east" : {
        "uv" : [ 10.5, 10.5, 8, 10.625 ],
        "texture" : "#MAC10"
      },
      "south" : {
        "uv" : [ 8.75, 9.875, 9.75, 10 ],
        "texture" : "#MAC10"
      },
      "west" : {
        "uv" : [ 10.75, 10.625, 13.25, 10.75 ],
        "texture" : "#MAC10"
      },
      "up" : {
        "uv" : [ 3.125, 16, 4.125, 13.5 ],
        "texture" : "#MAC10"
      },
      "down" : {
        "uv" : [ 4.125, 13.5, 5.125, 16 ],
        "texture" : "#MAC10"
      }
    }
  }, {
    "from" : [ 6.75, 13.5, 9.5 ],
    "to" : [ 8.25, 13.75, 9.75 ],
    "faces" : {
      "east" : {
        "uv" : [ 5.875, 5, 5.75, 5.125 ],
        "texture" : "#MAC10"
      },
      "south" : {
        "uv" : [ 15, 9.75, 15.75, 9.875 ],
        "texture" : "#MAC10"
      },
      "west" : {
        "uv" : [ 5.875, 5, 6, 5.125 ],
        "texture" : "#MAC10"
      },
      "up" : {
        "uv" : [ 7, 9.75, 7.75, 9.625 ],
        "texture" : "#MAC10"
      },
      "down" : {
        "uv" : [ 7.75, 9.625, 8.5, 9.75 ],
        "texture" : "#MAC10"
      }
    }
  }, {
    "from" : [ 6.75, 13.5, 9.75 ],
    "to" : [ 8, 13.75, 11.25 ],
    "faces" : {
      "east" : {
        "uv" : [ 13, 9.625, 12.25, 9.75 ],
        "texture" : "#MAC10"
      },
      "south" : {
        "uv" : [ 8.125, 9.5, 8.75, 9.625 ],
        "texture" : "#MAC10"
      },
      "west" : {
        "uv" : [ 13, 9.625, 13.75, 9.75 ],
        "texture" : "#MAC10"
      },
      "up" : {
        "uv" : [ 4.5, 6.75, 5.125, 6 ],
        "texture" : "#MAC10"
      },
      "down" : {
        "uv" : [ 4.5, 6.75, 5.125, 7.5 ],
        "texture" : "#MAC10"
      }
    }
  }, {
    "from" : [ 6.75, 13.5, 11.5 ],
    "to" : [ 9, 13.75, 14.25 ],
    "faces" : {
      "north" : {
        "uv" : [ 9.875, 12.5, 8.75, 12.625 ],
        "texture" : "#MAC10"
      },
      "east" : {
        "uv" : [ 10.875, 10.25, 9.5, 10.375 ],
        "texture" : "#MAC10"
      },
      "south" : {
        "uv" : [ 10.5, 10, 11.625, 10.125 ],
        "texture" : "#MAC10"
      },
      "west" : {
        "uv" : [ 10.875, 10.375, 12.25, 10.5 ],
        "texture" : "#MAC10"
      },
      "up" : {
        "uv" : [ 10.625, 16, 11.75, 14.625 ],
        "texture" : "#MAC10"
      }
    }
  }, {
    "from" : [ 6.75, 13.75, 11.75 ],
    "to" : [ 9, 14, 14.25 ],
    "faces" : {
      "north" : {
        "uv" : [ 12.75, 10, 11.625, 10.125 ],
        "texture" : "#MAC10"
      },
      "east" : {
        "uv" : [ 12.125, 10.25, 10.875, 10.375 ],
        "texture" : "#MAC10"
      },
      "south" : {
        "uv" : [ 9.375, 10, 10.5, 10.125 ],
        "texture" : "#MAC10"
      },
      "west" : {
        "uv" : [ 14.125, 10.375, 15.375, 10.5 ],
        "texture" : "#MAC10"
      },
      "up" : {
        "uv" : [ 12.875, 15.25, 14, 14 ],
        "texture" : "#MAC10"
      }
    }
  }, {
    "from" : [ 6.75, 14, 12 ],
    "to" : [ 9, 14.25, 14.25 ],
    "faces" : {
      "north" : {
        "uv" : [ 15, 10.125, 13.875, 10.25 ],
        "texture" : "#MAC10"
      },
      "east" : {
        "uv" : [ 9.375, 10, 8.25, 10.125 ],
        "texture" : "#MAC10"
      },
      "south" : {
        "uv" : [ 10.5, 10.125, 11.625, 10.25 ],
        "texture" : "#MAC10"
      },
      "west" : {
        "uv" : [ 9.375, 10.125, 10.5, 10.25 ],
        "texture" : "#MAC10"
      },
      "up" : {
        "uv" : [ 10.625, 14.625, 11.75, 13.5 ],
        "texture" : "#MAC10"
      }
    }
  }, {
    "from" : [ 6.75, 14.25, 4.5 ],
    "to" : [ 8.75, 14.5, 11.25 ],
    "faces" : {
      "north" : {
        "uv" : [ 7.75, 9.875, 6.75, 10 ],
        "texture" : "#MAC10"
      },
      "east" : {
        "uv" : [ 14.125, 11.25, 10.75, 11.375 ],
        "texture" : "#MAC10"
      },
      "south" : {
        "uv" : [ 5.75, 9.875, 6.75, 10 ],
        "texture" : "#MAC10"
      },
      "west" : {
        "uv" : [ 10.75, 10.875, 14.125, 11 ],
        "texture" : "#MAC10"
      },
      "up" : {
        "uv" : [ 1.125, 8.5, 2.125, 5.125 ],
        "texture" : "#MAC10"
      },
      "down" : {
        "uv" : [ 1.125, 8.5, 2.125, 11.875 ],
        "texture" : "#MAC10"
      }
    }
  }, {
    "from" : [ 6.75, 14.25, 12.25 ],
    "to" : [ 9, 14.5, 14.25 ],
    "faces" : {
      "north" : {
        "uv" : [ 12.75, 10.125, 11.625, 10.25 ],
        "texture" : "#MAC10"
      },
      "east" : {
        "uv" : [ 16, 10.125, 15, 10.25 ],
        "texture" : "#MAC10"
      },
      "south" : {
        "uv" : [ 12.75, 10, 13.875, 10.125 ],
        "texture" : "#MAC10"
      },
      "west" : {
        "uv" : [ 15, 10, 16, 10.125 ],
        "texture" : "#MAC10"
      },
      "up" : {
        "uv" : [ 11.25, 13.5, 12.375, 12.5 ],
        "texture" : "#MAC10"
      }
    }
  }, {
    "from" : [ 6.75, 14.5, 12.5 ],
    "to" : [ 9, 14.75, 14 ],
    "faces" : {
      "north" : {
        "uv" : [ 15.25, 10.25, 14.125, 10.375 ],
        "texture" : "#MAC10"
      },
      "east" : {
        "uv" : [ 9.25, 9.625, 8.5, 9.75 ],
        "texture" : "#MAC10"
      },
      "south" : {
        "uv" : [ 8.25, 10.125, 9.375, 10.25 ],
        "texture" : "#MAC10"
      },
      "west" : {
        "uv" : [ 9.25, 9.625, 10, 9.75 ],
        "texture" : "#MAC10"
      },
      "up" : {
        "uv" : [ 7.375, 12.5, 8.5, 11.75 ],
        "texture" : "#MAC10"
      }
    }
  }, {
    "from" : [ 6.75, 15.75, 14.5 ],
    "to" : [ 7, 16, 15.25 ],
    "faces" : {
      "north" : {
        "uv" : [ 2.25, 5.125, 2.125, 5.25 ],
        "texture" : "#MAC10"
      },
      "east" : {
        "uv" : [ 5.75, 2.875, 5.375, 3 ],
        "texture" : "#MAC10"
      },
      "south" : {
        "uv" : [ 2.125, 8.5, 2.25, 8.625 ],
        "texture" : "#MAC10"
      },
      "west" : {
        "uv" : [ 5.375, 2.75, 5.75, 2.875 ],
        "texture" : "#MAC10"
      },
      "up" : {
        "uv" : [ 5.25, 1.5, 5.375, 1.125 ],
        "texture" : "#MAC10",
        "cullface" : "up"
      },
      "down" : {
        "uv" : [ 5.25, 0.75, 5.375, 1.125 ],
        "texture" : "#MAC10"
      }
    }
  }, {
    "from" : [ 7, 7.25, 8.75 ],
    "to" : [ 8.75, 12, 10.5 ],
    "faces" : {
      "north" : {
        "uv" : [ 6.875, 13.625, 6, 16 ],
        "texture" : "#MAC10"
      },
      "east" : {
        "uv" : [ 7.75, 13.625, 6.875, 16 ],
        "texture" : "#MAC10"
      },
      "south" : {
        "uv" : [ 5.125, 13.625, 6, 16 ],
        "texture" : "#MAC10"
      },
      "west" : {
        "uv" : [ 0, 0, 0.875, 2.375 ],
        "texture" : "#MAC10"
      },
      "down" : {
        "uv" : [ 2.25, 1.125, 3.125, 2 ],
        "texture" : "#MAC10"
      }
    }
  }, {
    "from" : [ 7, 12, 14.25 ],
    "to" : [ 8.75, 12.5, 14.75 ],
    "faces" : {
      "east" : {
        "uv" : [ 2.25, 1.5, 2, 1.75 ],
        "texture" : "#MAC10"
      },
      "west" : {
        "uv" : [ 2.875, 2, 3.125, 2.25 ],
        "texture" : "#MAC10"
      },
      "up" : {
        "uv" : [ 7.75, 13.75, 8.625, 13.5 ],
        "texture" : "#MAC10"
      },
      "down" : {
        "uv" : [ 14.75, 11.625, 15.625, 11.875 ],
        "texture" : "#MAC10"
      }
    }
  }, {
    "from" : [ 7, 12.5, 4.75 ],
    "to" : [ 9, 13, 6 ],
    "faces" : {
      "east" : {
        "uv" : [ 7, 10, 6.375, 10.25 ],
        "texture" : "#MAC10"
      },
      "west" : {
        "uv" : [ 7, 10, 7.625, 10.25 ],
        "texture" : "#MAC10"
      }
    }
  }, {
    "from" : [ 7, 13.25, 3 ],
    "to" : [ 8.75, 14.75, 4.5 ],
    "faces" : {
      "north" : {
        "uv" : [ 16, 14.5, 15.125, 15.25 ],
        "texture" : "#MAC10"
      },
      "east" : {
        "uv" : [ 5.25, 9.25, 4.5, 10 ],
        "texture" : "#MAC10"
      },
      "south" : {
        "uv" : [ 15.125, 13.75, 16, 14.5 ],
        "texture" : "#MAC10"
      },
      "west" : {
        "uv" : [ 4.5, 10, 5.25, 10.75 ],
        "texture" : "#MAC10"
      },
      "up" : {
        "uv" : [ 13, 12.5, 13.875, 11.75 ],
        "texture" : "#MAC10"
      }
    }
  }, {
    "from" : [ 7, 13.25, 4.5 ],
    "to" : [ 8.75, 13.5, 11.25 ],
    "faces" : {
      "east" : {
        "uv" : [ 14.125, 11, 10.75, 11.125 ],
        "texture" : "#MAC10"
      },
      "west" : {
        "uv" : [ 10.75, 11.125, 14.125, 11.25 ],
        "texture" : "#MAC10"
      },
      "up" : {
        "uv" : [ 2.25, 12.375, 3.125, 9 ],
        "texture" : "#MAC10"
      },
      "down" : {
        "uv" : [ 2.25, 5.625, 3.125, 9 ],
        "texture" : "#MAC10"
      }
    }
  }, {
    "from" : [ 7, 13.5, 11.25 ],
    "to" : [ 8.75, 14.75, 11.5 ],
    "faces" : {
      "north" : {
        "uv" : [ 10.75, 10.75, 9.875, 11.375 ],
        "texture" : "#MAC10"
      },
      "east" : {
        "uv" : [ 5.25, 3.875, 5.125, 4.5 ],
        "texture" : "#MAC10"
      },
      "south" : {
        "uv" : [ 9, 10.75, 9.875, 11.375 ],
        "texture" : "#MAC10"
      },
      "west" : {
        "uv" : [ 5, 3.875, 5.125, 4.5 ],
        "texture" : "#MAC10"
      },
      "up" : {
        "uv" : [ 9.75, 9.875, 10.625, 9.75 ],
        "texture" : "#MAC10"
      }
    }
  }, {
    "from" : [ 7, 13.75, 4.5 ],
    "to" : [ 8.75, 14.25, 9 ],
    "faces" : {
      "east" : {
        "uv" : [ 8.75, 12.5, 6.5, 12.75 ],
        "texture" : "#MAC10"
      },
      "south" : {
        "uv" : [ 15.125, 13.5, 16, 13.75 ],
        "texture" : "#MAC10"
      },
      "west" : {
        "uv" : [ 6.5, 12.75, 8.75, 13 ],
        "texture" : "#MAC10"
      }
    }
  }, {
    "from" : [ 7, 13.75, 9 ],
    "to" : [ 8.75, 14, 9.75 ],
    "faces" : {
      "east" : {
        "uv" : [ 5.75, 3.375, 5.375, 3.5 ],
        "texture" : "#MAC10"
      },
      "south" : {
        "uv" : [ 14.25, 9.875, 15.125, 10 ],
        "texture" : "#MAC10"
      },
      "west" : {
        "uv" : [ 5.375, 3.25, 5.75, 3.375 ],
        "texture" : "#MAC10"
      },
      "up" : {
        "uv" : [ 8.5, 11.875, 9.375, 11.5 ],
        "texture" : "#MAC10"
      },
      "down" : {
        "uv" : [ 9.625, 11.5, 10.5, 11.875 ],
        "texture" : "#MAC10"
      }
    }
  }, {
    "from" : [ 7, 13.75, 9.75 ],
    "to" : [ 8, 14.25, 11.25 ],
    "faces" : {
      "north" : {
        "uv" : [ 6.25, 9.625, 5.75, 9.875 ],
        "texture" : "#MAC10"
      },
      "east" : {
        "uv" : [ 5.25, 0.125, 4.5, 0.375 ],
        "texture" : "#MAC10"
      },
      "west" : {
        "uv" : [ 15.25, 10.5, 16, 10.75 ],
        "texture" : "#MAC10"
      }
    }
  }, {
    "from" : [ 7, 13.75, 11.5 ],
    "to" : [ 8.75, 14.75, 11.75 ],
    "faces" : {
      "east" : {
        "uv" : [ 10.75, 11.375, 10.625, 11.875 ],
        "texture" : "#MAC10"
      },
      "south" : {
        "uv" : [ 12.875, 13.5, 13.75, 14 ],
        "texture" : "#MAC10"
      },
      "west" : {
        "uv" : [ 5.25, 3.75, 5.375, 4.25 ],
        "texture" : "#MAC10"
      },
      "up" : {
        "uv" : [ 13.375, 10, 14.25, 9.875 ],
        "texture" : "#MAC10"
      }
    }
  }, {
    "from" : [ 7, 14, 9 ],
    "to" : [ 8.25, 14.25, 9.75 ],
    "faces" : {
      "east" : {
        "uv" : [ 5.75, 3.625, 5.375, 3.75 ],
        "texture" : "#MAC10"
      },
      "south" : {
        "uv" : [ 9.375, 9.5, 10, 9.625 ],
        "texture" : "#MAC10"
      },
      "west" : {
        "uv" : [ 5.375, 3.5, 5.75, 3.625 ],
        "texture" : "#MAC10"
      }
    }
  }, {
    "from" : [ 7, 14, 11.75 ],
    "to" : [ 8.75, 14.75, 12 ],
    "faces" : {
      "east" : {
        "uv" : [ 13.75, 11.375, 13.625, 11.75 ],
        "texture" : "#MAC10"
      },
      "south" : {
        "uv" : [ 7.375, 11.375, 8.25, 11.75 ],
        "texture" : "#MAC10"
      },
      "west" : {
        "uv" : [ 13.75, 11.375, 13.875, 11.75 ],
        "texture" : "#MAC10"
      },
      "up" : {
        "uv" : [ 8.875, 9.875, 9.75, 9.75 ],
        "texture" : "#MAC10"
      }
    }
  }, {
    "from" : [ 7, 14.25, 12 ],
    "to" : [ 8.75, 14.75, 12.25 ],
    "faces" : {
      "east" : {
        "uv" : [ 6, 6.625, 5.875, 6.875 ],
        "texture" : "#MAC10"
      },
      "south" : {
        "uv" : [ 5.75, 10.25, 6.625, 10.5 ],
        "texture" : "#MAC10"
      },
      "west" : {
        "uv" : [ 5.75, 6.625, 5.875, 6.875 ],
        "texture" : "#MAC10"
      },
      "up" : {
        "uv" : [ 6.875, 13.625, 7.75, 13.5 ],
        "texture" : "#MAC10"
      }
    }
  }, {
    "from" : [ 7, 14.5, 4.5 ],
    "to" : [ 8.75, 14.75, 5.75 ],
    "faces" : {
      "east" : {
        "uv" : [ 11.25, 9.5, 10.625, 9.625 ],
        "texture" : "#MAC10"
      },
      "south" : {
        "uv" : [ 10.625, 9.75, 11.5, 9.875 ],
        "texture" : "#MAC10"
      },
      "west" : {
        "uv" : [ 10, 9.5, 10.625, 9.625 ],
        "texture" : "#MAC10"
      },
      "up" : {
        "uv" : [ 8.125, 11.375, 9, 10.75 ],
        "texture" : "#MAC10"
      }
    }
  }, {
    "from" : [ 7, 14.5, 5.75 ],
    "to" : [ 7.75, 14.75, 11.25 ],
    "faces" : {
      "east" : {
        "uv" : [ 10.75, 10.625, 8, 10.75 ],
        "texture" : "#MAC10"
      },
      "west" : {
        "uv" : [ 10.75, 10.75, 13.5, 10.875 ],
        "texture" : "#MAC10"
      },
      "up" : {
        "uv" : [ 3.75, 11.375, 4.125, 8.625 ],
        "texture" : "#MAC10"
      }
    }
  }, {
    "from" : [ 7, 14.5, 12.25 ],
    "to" : [ 8.75, 14.75, 12.5 ],
    "faces" : {
      "east" : {
        "uv" : [ 5.875, 4.375, 5.75, 4.5 ],
        "texture" : "#MAC10"
      },
      "west" : {
        "uv" : [ 5.875, 4.375, 6, 4.5 ],
        "texture" : "#MAC10"
      },
      "up" : {
        "uv" : [ 13.875, 11.5, 14.75, 11.375 ],
        "texture" : "#MAC10"
      }
    }
  }, {
    "from" : [ 7, 15.25, 11 ],
    "to" : [ 7.25, 15.5, 12.75 ],
    "faces" : {
      "north" : {
        "uv" : [ 6.25, 4.625, 6.125, 4.75 ],
        "texture" : "#MAC10"
      },
      "east" : {
        "uv" : [ 7.125, 9.75, 6.25, 9.875 ],
        "texture" : "#MAC10"
      },
      "south" : {
        "uv" : [ 5.75, 4.75, 5.875, 4.875 ],
        "texture" : "#MAC10"
      },
      "west" : {
        "uv" : [ 15.125, 9.875, 16, 10 ],
        "texture" : "#MAC10"
      },
      "up" : {
        "uv" : [ 2.125, 6.125, 2.25, 5.25 ],
        "texture" : "#MAC10"
      },
      "down" : {
        "uv" : [ 2.125, 8.625, 2.25, 9.5 ],
        "texture" : "#MAC10"
      }
    }
  }, {
    "from" : [ 7, 15.5, 12.75 ],
    "to" : [ 7.25, 15.75, 13.5 ],
    "faces" : {
      "north" : {
        "uv" : [ 6.125, 3.875, 6, 4 ],
        "texture" : "#MAC10"
      },
      "east" : {
        "uv" : [ 5.75, 6, 5.375, 6.125 ],
        "texture" : "#MAC10"
      },
      "south" : {
        "uv" : [ 5.875, 3.875, 6, 4 ],
        "texture" : "#MAC10"
      },
      "west" : {
        "uv" : [ 5.375, 5.875, 5.75, 6 ],
        "texture" : "#MAC10"
      },
      "up" : {
        "uv" : [ 15.875, 16, 16, 15.625 ],
        "texture" : "#MAC10"
      },
      "down" : {
        "uv" : [ 15.875, 15.25, 16, 15.625 ],
        "texture" : "#MAC10"
      }
    }
  }, {
    "from" : [ 7, 15.75, 13.5 ],
    "to" : [ 7.25, 16, 14.5 ],
    "faces" : {
      "north" : {
        "uv" : [ 5.875, 5.625, 5.75, 5.75 ],
        "texture" : "#MAC10"
      },
      "east" : {
        "uv" : [ 6.25, 8.5, 5.75, 8.625 ],
        "texture" : "#MAC10"
      },
      "south" : {
        "uv" : [ 6.125, 5.75, 6.25, 5.875 ],
        "texture" : "#MAC10"
      },
      "west" : {
        "uv" : [ 5.75, 8.375, 6.25, 8.5 ],
        "texture" : "#MAC10"
      },
      "up" : {
        "uv" : [ 10.5, 11.875, 10.625, 11.375 ],
        "texture" : "#MAC10",
        "cullface" : "up"
      },
      "down" : {
        "uv" : [ 9.375, 11.375, 9.5, 11.875 ],
        "texture" : "#MAC10"
      }
    }
  }, {
    "from" : [ 7.25, 0, 8.75 ],
    "to" : [ 8.5, 7.25, 10.5 ],
    "faces" : {
      "north" : {
        "uv" : [ 2.875, 2, 2.25, 5.625 ],
        "texture" : "#MAC10"
      },
      "east" : {
        "uv" : [ 3.125, 12.375, 2.25, 16 ],
        "texture" : "#MAC10"
      },
      "south" : {
        "uv" : [ 3.125, 9.875, 3.75, 13.5 ],
        "texture" : "#MAC10"
      },
      "west" : {
        "uv" : [ 1.125, 1.5, 2, 5.125 ],
        "texture" : "#MAC10"
      },
      "down" : {
        "uv" : [ 4.5, 7.5, 5.125, 8.375 ],
        "texture" : "#MAC10",
        "cullface" : "down"
      }
    }
  }, {
    "from" : [ 7.25, 7.25, 8.5 ],
    "to" : [ 8.5, 12, 8.75 ],
    "faces" : {
      "north" : {
        "uv" : [ 3.75, 2.75, 3.125, 5.125 ],
        "texture" : "#MAC10"
      },
      "east" : {
        "uv" : [ 3, 3.25, 2.875, 5.625 ],
        "texture" : "#MAC10"
      },
      "west" : {
        "uv" : [ 3, 3.25, 3.125, 5.625 ],
        "texture" : "#MAC10"
      },
      "down" : {
        "uv" : [ 11.25, 9.5, 11.875, 9.625 ],
        "texture" : "#MAC10"
      }
    }
  }, {
    "from" : [ 7.25, 7.25, 10.5 ],
    "to" : [ 8.5, 12, 11 ],
    "faces" : {
      "east" : {
        "uv" : [ 1.125, 0, 0.875, 2.375 ],
        "texture" : "#MAC10"
      },
      "south" : {
        "uv" : [ 3.125, 7.5, 3.75, 9.875 ],
        "texture" : "#MAC10"
      },
      "west" : {
        "uv" : [ 2, 2.75, 2.25, 5.125 ],
        "texture" : "#MAC10"
      },
      "down" : {
        "uv" : [ 13.5, 10.25, 14.125, 10.5 ],
        "texture" : "#MAC10"
      }
    }
  }, {
    "from" : [ 7.25, 13, 2.75 ],
    "to" : [ 8.5, 14.25, 3 ],
    "faces" : {
      "north" : {
        "uv" : [ 14.75, 10.75, 14.125, 11.375 ],
        "texture" : "#MAC10"
      },
      "east" : {
        "uv" : [ 5.25, 3.125, 5.125, 3.75 ],
        "texture" : "#MAC10"
      },
      "south" : {
        "uv" : [ 14.75, 10.75, 15.375, 11.375 ],
        "texture" : "#MAC10"
      },
      "west" : {
        "uv" : [ 5, 3.125, 5.125, 3.75 ],
        "texture" : "#MAC10"
      },
      "up" : {
        "uv" : [ 13.125, 9.625, 13.75, 9.5 ],
        "texture" : "#MAC10"
      },
      "down" : {
        "uv" : [ 12.5, 9.5, 13.125, 9.625 ],
        "texture" : "#MAC10"
      }
    }
  }, {
    "from" : [ 7.25, 15.25, 10.5 ],
    "to" : [ 8.5, 15.5, 10.75 ],
    "faces" : {
      "north" : {
        "uv" : [ 15, 9.625, 14.375, 9.75 ],
        "texture" : "#MAC10"
      },
      "east" : {
        "uv" : [ 6, 4.25, 5.875, 4.375 ],
        "texture" : "#MAC10"
      },
      "south" : {
        "uv" : [ 15, 9.625, 15.625, 9.75 ],
        "texture" : "#MAC10"
      },
      "west" : {
        "uv" : [ 6, 4.375, 6.125, 4.5 ],
        "texture" : "#MAC10"
      },
      "up" : {
        "uv" : [ 13.75, 9.75, 14.375, 9.625 ],
        "texture" : "#MAC10"
      },
      "down" : {
        "uv" : [ 13.5, 10.75, 14.125, 10.875 ],
        "texture" : "#MAC10"
      }
    }
  }, {
    "from" : [ 7.25, 15.25, 10.75 ],
    "to" : [ 7.5, 15.5, 11 ],
    "faces" : {
      "east" : {
        "uv" : [ 6.25, 3.875, 6.125, 4 ],
        "texture" : "#MAC10"
      },
      "south" : {
        "uv" : [ 6.125, 4, 6.25, 4.125 ],
        "texture" : "#MAC10"
      },
      "west" : {
        "uv" : [ 5.75, 3.875, 5.875, 4 ],
        "texture" : "#MAC10"
      },
      "up" : {
        "uv" : [ 6.125, 4.375, 6.25, 4.25 ],
        "texture" : "#MAC10"
      },
      "down" : {
        "uv" : [ 6, 4.25, 6.125, 4.375 ],
        "texture" : "#MAC10"
      }
    }
  }, {
    "from" : [ 7.5, 7.25, 11 ],
    "to" : [ 8.25, 12, 11.25 ],
    "faces" : {
      "east" : {
        "uv" : [ 2.25, 6.125, 2.125, 8.5 ],
        "texture" : "#MAC10"
      },
      "south" : {
        "uv" : [ 3.75, 3.5, 4.125, 5.875 ],
        "texture" : "#MAC10"
      },
      "west" : {
        "uv" : [ 2.125, 9.5, 2.25, 11.875 ],
        "texture" : "#MAC10"
      },
      "down" : {
        "uv" : [ 5.375, 1.625, 5.75, 1.75 ],
        "texture" : "#MAC10"
      }
    }
  }, {
    "from" : [ 7.5, 7.25, 11.25 ],
    "to" : [ 8.25, 9.5, 11.5 ],
    "faces" : {
      "east" : {
        "uv" : [ 5.375, 5.375, 5.25, 6.5 ],
        "texture" : "#MAC10"
      },
      "south" : {
        "uv" : [ 4.125, 4, 4.5, 5.125 ],
        "texture" : "#MAC10"
      },
      "west" : {
        "uv" : [ 5.25, 4.25, 5.375, 5.375 ],
        "texture" : "#MAC10"
      },
      "up" : {
        "uv" : [ 5.375, 1.25, 5.75, 1.125 ],
        "texture" : "#MAC10"
      },
      "down" : {
        "uv" : [ 5.375, 1.25, 5.75, 1.375 ],
        "texture" : "#MAC10"
      }
    }
  }, {
    "from" : [ 7.5, 10.25, 6.25 ],
    "to" : [ 8.25, 10.5, 8.25 ],
    "faces" : {
      "north" : {
        "uv" : [ 5.75, 6.25, 5.375, 6.375 ],
        "texture" : "#MAC10"
      },
      "east" : {
        "uv" : [ 10.75, 9.875, 9.75, 10 ],
        "texture" : "#MAC10"
      },
      "south" : {
        "uv" : [ 5.375, 6.125, 5.75, 6.25 ],
        "texture" : "#MAC10"
      },
      "west" : {
        "uv" : [ 7.75, 9.875, 8.75, 10 ],
        "texture" : "#MAC10"
      },
      "up" : {
        "uv" : [ 4.125, 4, 4.5, 3 ],
        "texture" : "#MAC10"
      },
      "down" : {
        "uv" : [ 4.125, 2, 4.5, 3 ],
        "texture" : "#MAC10"
      }
    }
  }, {
    "from" : [ 7.5, 10.5, 6 ],
    "to" : [ 8.25, 10.75, 6.25 ],
    "faces" : {
      "north" : {
        "uv" : [ 5.75, 5.5, 5.375, 5.625 ],
        "texture" : "#MAC10"
      },
      "east" : {
        "uv" : [ 6.25, 4.5, 6.125, 4.625 ],
        "texture" : "#MAC10"
      },
      "south" : {
        "uv" : [ 5.375, 5.375, 5.75, 5.5 ],
        "texture" : "#MAC10"
      },
      "west" : {
        "uv" : [ 5.75, 4.5, 5.875, 4.625 ],
        "texture" : "#MAC10"
      },
      "up" : {
        "uv" : [ 5.375, 5.75, 5.75, 5.625 ],
        "texture" : "#MAC10"
      },
      "down" : {
        "uv" : [ 5.375, 5.75, 5.75, 5.875 ],
        "texture" : "#MAC10"
      }
    }
  }, {
    "from" : [ 7.5, 10.5, 8.25 ],
    "to" : [ 8.25, 12, 8.5 ],
    "faces" : {
      "north" : {
        "uv" : [ 4.5, 0.5, 4.125, 1.25 ],
        "texture" : "#MAC10"
      },
      "east" : {
        "uv" : [ 5.25, 6, 5.125, 6.75 ],
        "texture" : "#MAC10"
      },
      "west" : {
        "uv" : [ 5.125, 6.75, 5.25, 7.5 ],
        "texture" : "#MAC10"
      },
      "down" : {
        "uv" : [ 5.375, 5.25, 5.75, 5.375 ],
        "texture" : "#MAC10"
      }
    }
  }, {
    "from" : [ 7.5, 10.75, 5.75 ],
    "to" : [ 8.25, 12, 6 ],
    "faces" : {
      "north" : {
        "uv" : [ 4.875, 0.375, 4.5, 1 ],
        "texture" : "#MAC10"
      },
      "east" : {
        "uv" : [ 16, 11.875, 15.875, 12.5 ],
        "texture" : "#MAC10"
      },
      "south" : {
        "uv" : [ 4.875, 0.375, 5.25, 1 ],
        "texture" : "#MAC10"
      },
      "west" : {
        "uv" : [ 15.75, 11.875, 15.875, 12.5 ],
        "texture" : "#MAC10"
      },
      "down" : {
        "uv" : [ 5.375, 4.75, 5.75, 4.875 ],
        "texture" : "#MAC10"
      }
    }
  }, {
    "from" : [ 7.5, 11.5, 11.25 ],
    "to" : [ 8.25, 12, 11.5 ],
    "faces" : {
      "east" : {
        "uv" : [ 6, 8.125, 5.875, 8.375 ],
        "texture" : "#MAC10"
      },
      "south" : {
        "uv" : [ 5.375, 7.625, 5.75, 7.875 ],
        "texture" : "#MAC10"
      },
      "west" : {
        "uv" : [ 5.875, 7.125, 6, 7.375 ],
        "texture" : "#MAC10"
      },
      "down" : {
        "uv" : [ 5.375, 4.5, 5.75, 4.625 ],
        "texture" : "#MAC10"
      }
    }
  }, {
    "from" : [ 7.5, 11.75, 11.5 ],
    "to" : [ 8.25, 12, 11.75 ],
    "faces" : {
      "east" : {
        "uv" : [ 6.25, 3.75, 6.125, 3.875 ],
        "texture" : "#MAC10"
      },
      "south" : {
        "uv" : [ 5.375, 3.875, 5.75, 4 ],
        "texture" : "#MAC10"
      },
      "west" : {
        "uv" : [ 5.75, 3.75, 5.875, 3.875 ],
        "texture" : "#MAC10"
      },
      "down" : {
        "uv" : [ 5.375, 4.25, 5.75, 4.375 ],
        "texture" : "#MAC10"
      }
    }
  }, {
    "from" : [ 7.5, 13.25, 0.5 ],
    "to" : [ 8.25, 14, 2.75 ],
    "faces" : {
      "north" : {
        "uv" : [ 5.75, 8.75, 5.375, 9.125 ],
        "texture" : "#MAC10"
      },
      "east" : {
        "uv" : [ 11, 12.625, 9.875, 13 ],
        "texture" : "#MAC10"
      },
      "west" : {
        "uv" : [ 8.75, 12.625, 9.875, 13 ],
        "texture" : "#MAC10"
      },
      "up" : {
        "uv" : [ 4.125, 7.375, 4.5, 6.25 ],
        "texture" : "#MAC10"
      },
      "down" : {
        "uv" : [ 3.75, 0, 4.125, 1.125 ],
        "texture" : "#MAC10"
      }
    }
  }, {
    "from" : [ 7.5, 14.75, 3 ],
    "to" : [ 8.25, 15.5, 3.25 ],
    "faces" : {
      "north" : {
        "uv" : [ 5.75, 9.125, 5.375, 9.5 ],
        "texture" : "#MAC10"
      },
      "east" : {
        "uv" : [ 5.375, 1.5, 5.25, 1.875 ],
        "texture" : "#MAC10"
      },
      "south" : {
        "uv" : [ 5.375, 9.5, 5.75, 9.875 ],
        "texture" : "#MAC10"
      },
      "west" : {
        "uv" : [ 5.25, 1.875, 5.375, 2.25 ],
        "texture" : "#MAC10"
      },
      "up" : {
        "uv" : [ 5.375, 3.125, 5.75, 3 ],
        "texture" : "#MAC10"
      }
    }
  }, {
    "from" : [ 7.5, 14.75, 3.25 ],
    "to" : [ 8.25, 15.25, 3.75 ],
    "faces" : {
      "east" : {
        "uv" : [ 7.375, 11.5, 7.125, 11.75 ],
        "texture" : "#MAC10"
      },
      "south" : {
        "uv" : [ 5.375, 7.375, 5.75, 7.625 ],
        "texture" : "#MAC10"
      },
      "west" : {
        "uv" : [ 15.75, 12.625, 16, 12.875 ],
        "texture" : "#MAC10"
      },
      "up" : {
        "uv" : [ 5.375, 7.375, 5.75, 7.125 ],
        "texture" : "#MAC10"
      }
    }
  }, {
    "from" : [ 7.5, 14.75, 3.75 ],
    "to" : [ 8.25, 15, 4 ],
    "faces" : {
      "east" : {
        "uv" : [ 5.875, 6.125, 5.75, 6.25 ],
        "texture" : "#MAC10"
      },
      "south" : {
        "uv" : [ 5.375, 2.25, 5.75, 2.375 ],
        "texture" : "#MAC10"
      },
      "west" : {
        "uv" : [ 6.125, 6.25, 6.25, 6.375 ],
        "texture" : "#MAC10"
      },
      "up" : {
        "uv" : [ 5.375, 2.625, 5.75, 2.5 ],
        "texture" : "#MAC10"
      }
    }
  }, {
    "from" : [ 7.5, 15, 3.75 ],
    "to" : [ 7.75, 15.25, 4 ],
    "faces" : {
      "east" : {
        "uv" : [ 5.875, 5.875, 5.75, 6 ],
        "texture" : "#MAC10"
      },
      "south" : {
        "uv" : [ 5.75, 6, 5.875, 6.125 ],
        "texture" : "#MAC10"
      },
      "west" : {
        "uv" : [ 6.125, 6, 6.25, 6.125 ],
        "texture" : "#MAC10"
      },
      "up" : {
        "uv" : [ 6, 6.25, 6.125, 6.125 ],
        "texture" : "#MAC10"
      }
    }
  }, {
    "from" : [ 7.5, 15, 5 ],
    "to" : [ 8.25, 15.25, 6 ],
    "faces" : {
      "north" : {
        "uv" : [ 5.75, 2, 5.375, 2.125 ],
        "texture" : "#MAC10"
      },
      "east" : {
        "uv" : [ 6.25, 8.875, 5.75, 9 ],
        "texture" : "#MAC10"
      },
      "south" : {
        "uv" : [ 5.375, 1.875, 5.75, 2 ],
        "texture" : "#MAC10"
      },
      "west" : {
        "uv" : [ 14.75, 10.5, 15.25, 10.625 ],
        "texture" : "#MAC10"
      },
      "up" : {
        "uv" : [ 4.125, 0.5, 4.5, 0 ],
        "texture" : "#MAC10"
      },
      "down" : {
        "uv" : [ 15.625, 11.375, 16, 11.875 ],
        "texture" : "#MAC10"
      }
    }
  }, {
    "from" : [ 7.5, 15.25, 3.5 ],
    "to" : [ 7.75, 15.75, 3.75 ],
    "faces" : {
      "north" : {
        "uv" : [ 13, 11.625, 12.875, 11.875 ],
        "texture" : "#MAC10"
      },
      "east" : {
        "uv" : [ 5.625, 0.625, 5.5, 0.875 ],
        "texture" : "#MAC10"
      },
      "south" : {
        "uv" : [ 12.875, 11.375, 13, 11.625 ],
        "texture" : "#MAC10"
      },
      "west" : {
        "uv" : [ 5.375, 0.625, 5.5, 0.875 ],
        "texture" : "#MAC10"
      },
      "up" : {
        "uv" : [ 6, 6, 6.125, 5.875 ],
        "texture" : "#MAC10"
      }
    }
  }, {
    "from" : [ 7.5, 15.5, 3 ],
    "to" : [ 7.75, 15.75, 3.5 ],
    "faces" : {
      "north" : {
        "uv" : [ 6.25, 5.875, 6.125, 6 ],
        "texture" : "#MAC10"
      },
      "east" : {
        "uv" : [ 6.25, 7.125, 6, 7.25 ],
        "texture" : "#MAC10"
      },
      "west" : {
        "uv" : [ 5.5, 0, 5.75, 0.125 ],
        "texture" : "#MAC10"
      },
      "up" : {
        "uv" : [ 6, 6.875, 6.125, 6.625 ],
        "texture" : "#MAC10"
      },
      "down" : {
        "uv" : [ 6.125, 6.625, 6.25, 6.875 ],
        "texture" : "#MAC10"
      }
    }
  }, {
    "from" : [ 7.75, 11, 7.5 ],
    "to" : [ 8, 12, 7.75 ],
    "faces" : {
      "north" : {
        "uv" : [ 9.625, 11.375, 9.5, 11.875 ],
        "texture" : "#MAC10"
      },
      "east" : {
        "uv" : [ 11.25, 12.5, 11.125, 13 ],
        "texture" : "#MAC10"
      },
      "south" : {
        "uv" : [ 5.25, 3.25, 5.375, 3.75 ],
        "texture" : "#MAC10"
      },
      "west" : {
        "uv" : [ 11, 12.5, 11.125, 13 ],
        "texture" : "#MAC10"
      },
      "down" : {
        "uv" : [ 5.875, 5.625, 6, 5.75 ],
        "texture" : "#MAC10"
      }
    }
  }, {
    "from" : [ 7.75, 11.5, 6.5 ],
    "to" : [ 8, 12, 6.75 ],
    "faces" : {
      "north" : {
        "uv" : [ 6.125, 6.375, 6, 6.625 ],
        "texture" : "#MAC10"
      },
      "east" : {
        "uv" : [ 5.75, 0.125, 5.625, 0.375 ],
        "texture" : "#MAC10"
      },
      "south" : {
        "uv" : [ 5.75, 7.125, 5.875, 7.375 ],
        "texture" : "#MAC10"
      },
      "west" : {
        "uv" : [ 5.75, 8.125, 5.875, 8.375 ],
        "texture" : "#MAC10"
      },
      "down" : {
        "uv" : [ 6.125, 5.625, 6.25, 5.75 ],
        "texture" : "#MAC10"
      }
    }
  }, {
    "from" : [ 7.75, 11.75, 6.75 ],
    "to" : [ 8, 12, 7 ],
    "faces" : {
      "east" : {
        "uv" : [ 6.25, 5.125, 6.125, 5.25 ],
        "texture" : "#MAC10"
      },
      "south" : {
        "uv" : [ 6.125, 5.25, 6.25, 5.375 ],
        "texture" : "#MAC10"
      },
      "west" : {
        "uv" : [ 5.75, 5.125, 5.875, 5.25 ],
        "texture" : "#MAC10"
      },
      "down" : {
        "uv" : [ 6, 5.375, 6.125, 5.5 ],
        "texture" : "#MAC10"
      }
    }
  }, {
    "from" : [ 7.75, 14.5, 9.75 ],
    "to" : [ 8.75, 14.75, 11.25 ],
    "faces" : {
      "north" : {
        "uv" : [ 6.25, 9.25, 5.75, 9.375 ],
        "texture" : "#MAC10"
      },
      "east" : {
        "uv" : [ 5.25, 0, 4.5, 0.125 ],
        "texture" : "#MAC10"
      },
      "up" : {
        "uv" : [ 4.5, 4.5, 5, 3.75 ],
        "texture" : "#MAC10"
      }
    }
  }, {
    "from" : [ 7.75, 14.75, 5.25 ],
    "to" : [ 8, 15, 5.75 ],
    "faces" : {
      "north" : {
        "uv" : [ 5.875, 4.875, 5.75, 5 ],
        "texture" : "#MAC10"
      },
      "east" : {
        "uv" : [ 6.25, 7.25, 6, 7.375 ],
        "texture" : "#MAC10"
      },
      "south" : {
        "uv" : [ 6.125, 4.875, 6.25, 5 ],
        "texture" : "#MAC10"
      },
      "west" : {
        "uv" : [ 6, 7.375, 6.25, 7.5 ],
        "texture" : "#MAC10"
      }
    }
  }, {
    "from" : [ 8, 13.5, 10 ],
    "to" : [ 8.75, 14, 11.25 ],
    "faces" : {
      "north" : {
        "uv" : [ 5.75, 8.125, 5.375, 8.375 ],
        "texture" : "#MAC10"
      },
      "east" : {
        "uv" : [ 13.5, 10.25, 12.875, 10.5 ],
        "texture" : "#MAC10"
      },
      "west" : {
        "uv" : [ 5.75, 10, 6.375, 10.25 ],
        "texture" : "#MAC10"
      },
      "up" : {
        "uv" : [ 5.375, 10.5, 5.75, 9.875 ],
        "texture" : "#MAC10"
      }
    }
  }, {
    "from" : [ 8, 14, 9.75 ],
    "to" : [ 8.25, 14.25, 11.25 ],
    "faces" : {
      "east" : {
        "uv" : [ 11.5, 9.625, 10.75, 9.75 ],
        "texture" : "#MAC10"
      },
      "down" : {
        "uv" : [ 5, 5.25, 5.125, 6 ],
        "texture" : "#MAC10"
      }
    }
  }, {
    "from" : [ 8, 14.5, 5.75 ],
    "to" : [ 8.75, 14.75, 9.75 ],
    "faces" : {
      "east" : {
        "uv" : [ 12.75, 10.5, 10.75, 10.625 ],
        "texture" : "#MAC10"
      },
      "west" : {
        "uv" : [ 13.25, 10.625, 15.25, 10.75 ],
        "texture" : "#MAC10"
      },
      "up" : {
        "uv" : [ 4.125, 9.375, 4.5, 7.375 ],
        "texture" : "#MAC10"
      }
    }
  }, {
    "from" : [ 8, 15, 3.75 ],
    "to" : [ 8.25, 15.25, 4 ],
    "faces" : {
      "east" : {
        "uv" : [ 6.25, 6.5, 6.125, 6.625 ],
        "texture" : "#MAC10"
      },
      "south" : {
        "uv" : [ 15.25, 10.25, 15.375, 10.375 ],
        "texture" : "#MAC10"
      },
      "west" : {
        "uv" : [ 14.875, 10, 15, 10.125 ],
        "texture" : "#MAC10"
      },
      "up" : {
        "uv" : [ 8, 10.375, 8.125, 10.25 ],
        "texture" : "#MAC10"
      }
    }
  }, {
    "from" : [ 8, 15.25, 3.5 ],
    "to" : [ 8.25, 15.75, 3.75 ],
    "faces" : {
      "north" : {
        "uv" : [ 5.75, 0.625, 5.625, 0.875 ],
        "texture" : "#MAC10"
      },
      "east" : {
        "uv" : [ 5.75, 0.375, 5.625, 0.625 ],
        "texture" : "#MAC10"
      },
      "south" : {
        "uv" : [ 5.375, 0.375, 5.5, 0.625 ],
        "texture" : "#MAC10"
      },
      "west" : {
        "uv" : [ 5.5, 0.375, 5.625, 0.625 ],
        "texture" : "#MAC10"
      },
      "up" : {
        "uv" : [ 6, 6.375, 6.125, 6.25 ],
        "texture" : "#MAC10"
      }
    }
  }, {
    "from" : [ 8, 15.5, 3 ],
    "to" : [ 8.25, 15.75, 3.5 ],
    "faces" : {
      "north" : {
        "uv" : [ 6, 6, 5.875, 6.125 ],
        "texture" : "#MAC10"
      },
      "east" : {
        "uv" : [ 7.375, 11.375, 7.125, 11.5 ],
        "texture" : "#MAC10"
      },
      "west" : {
        "uv" : [ 15.75, 12.5, 16, 12.625 ],
        "texture" : "#MAC10"
      },
      "up" : {
        "uv" : [ 5.5, 0.375, 5.625, 0.125 ],
        "texture" : "#MAC10"
      },
      "down" : {
        "uv" : [ 5.375, 0.125, 5.5, 0.375 ],
        "texture" : "#MAC10"
      }
    }
  }, {
    "from" : [ 8.25, 14, 9.5 ],
    "to" : [ 8.75, 14.25, 9.75 ],
    "faces" : {
      "north" : {
        "uv" : [ 5.25, 3, 5, 3.125 ],
        "texture" : "#MAC10"
      },
      "east" : {
        "uv" : [ 6.125, 5.75, 6, 5.875 ],
        "texture" : "#MAC10"
      },
      "south" : {
        "uv" : [ 10.5, 10.5, 10.75, 10.625 ],
        "texture" : "#MAC10"
      }
    }
  }, {
    "from" : [ 8.25, 14, 10.25 ],
    "to" : [ 8.75, 14.25, 11.25 ],
    "faces" : {
      "north" : {
        "uv" : [ 6.25, 8.25, 6, 8.375 ],
        "texture" : "#MAC10"
      },
      "east" : {
        "uv" : [ 13.25, 10.5, 12.75, 10.625 ],
        "texture" : "#MAC10"
      }
    }
  }, {
    "from" : [ 8.25, 15.25, 10.75 ],
    "to" : [ 8.5, 15.5, 11 ],
    "faces" : {
      "east" : {
        "uv" : [ 6, 4.5, 5.875, 4.625 ],
        "texture" : "#MAC10"
      },
      "south" : {
        "uv" : [ 5.75, 5.375, 5.875, 5.5 ],
        "texture" : "#MAC10"
      },
      "west" : {
        "uv" : [ 5.875, 5.375, 6, 5.5 ],
        "texture" : "#MAC10"
      },
      "up" : {
        "uv" : [ 6, 5.625, 6.125, 5.5 ],
        "texture" : "#MAC10"
      },
      "down" : {
        "uv" : [ 5.875, 5.5, 6, 5.625 ],
        "texture" : "#MAC10"
      }
    }
  }, {
    "from" : [ 8.5, 13.5, 9.5 ],
    "to" : [ 8.75, 13.75, 10 ],
    "faces" : {
      "east" : {
        "uv" : [ 6.25, 8, 6, 8.125 ],
        "texture" : "#MAC10"
      },
      "west" : {
        "uv" : [ 6, 8.125, 6.25, 8.25 ],
        "texture" : "#MAC10"
      },
      "up" : {
        "uv" : [ 5.875, 8.125, 6, 7.875 ],
        "texture" : "#MAC10"
      }
    }
  }, {
    "from" : [ 8.5, 13.75, 9.75 ],
    "to" : [ 8.75, 14.25, 10 ],
    "faces" : {
      "north" : {
        "uv" : [ 5.875, 7.625, 5.75, 7.875 ],
        "texture" : "#MAC10"
      },
      "east" : {
        "uv" : [ 6.25, 7.625, 6.125, 7.875 ],
        "texture" : "#MAC10"
      },
      "south" : {
        "uv" : [ 5.875, 7.625, 6, 7.875 ],
        "texture" : "#MAC10"
      },
      "west" : {
        "uv" : [ 6, 7.625, 6.125, 7.875 ],
        "texture" : "#MAC10"
      }
    }
  }, {
    "from" : [ 8.5, 14, 9 ],
    "to" : [ 8.75, 14.25, 9.5 ],
    "faces" : {
      "east" : {
        "uv" : [ 6.25, 7.5, 6, 7.625 ],
        "texture" : "#MAC10"
      },
      "west" : {
        "uv" : [ 6, 7.875, 6.25, 8 ],
        "texture" : "#MAC10"
      }
    }
  }, {
    "from" : [ 8.5, 14, 10 ],
    "to" : [ 8.75, 14.25, 10.25 ],
    "faces" : {
      "east" : {
        "uv" : [ 6.125, 4.625, 6, 4.75 ],
        "texture" : "#MAC10"
      },
      "west" : {
        "uv" : [ 5.875, 4.625, 6, 4.75 ],
        "texture" : "#MAC10"
      }
    }
  }, {
    "from" : [ 8.5, 15.25, 11 ],
    "to" : [ 8.75, 15.5, 12.75 ],
    "faces" : {
      "north" : {
        "uv" : [ 5.875, 3.625, 5.75, 3.75 ],
        "texture" : "#MAC10"
      },
      "east" : {
        "uv" : [ 14.125, 9.75, 13.25, 9.875 ],
        "texture" : "#MAC10"
      },
      "south" : {
        "uv" : [ 6, 4.5, 6.125, 4.625 ],
        "texture" : "#MAC10"
      },
      "west" : {
        "uv" : [ 12.375, 9.75, 13.25, 9.875 ],
        "texture" : "#MAC10"
      },
      "up" : {
        "uv" : [ 5.125, 9.25, 5.25, 8.375 ],
        "texture" : "#MAC10"
      },
      "down" : {
        "uv" : [ 5.125, 7.5, 5.25, 8.375 ],
        "texture" : "#MAC10"
      }
    }
  }, {
    "from" : [ 8.5, 15.5, 12.75 ],
    "to" : [ 8.75, 15.75, 13.5 ],
    "faces" : {
      "north" : {
        "uv" : [ 6.25, 4.375, 6.125, 4.5 ],
        "texture" : "#MAC10"
      },
      "east" : {
        "uv" : [ 5.75, 0.875, 5.375, 1 ],
        "texture" : "#MAC10"
      },
      "south" : {
        "uv" : [ 5.75, 4.25, 5.875, 4.375 ],
        "texture" : "#MAC10"
      },
      "west" : {
        "uv" : [ 5.375, 1, 5.75, 1.125 ],
        "texture" : "#MAC10"
      },
      "up" : {
        "uv" : [ 5.25, 0.375, 5.375, 0 ],
        "texture" : "#MAC10"
      },
      "down" : {
        "uv" : [ 5.25, 0.375, 5.375, 0.75 ],
        "texture" : "#MAC10"
      }
    }
  }, {
    "from" : [ 8.5, 15.75, 13.5 ],
    "to" : [ 8.75, 16, 14.5 ],
    "faces" : {
      "north" : {
        "uv" : [ 6, 4.125, 5.875, 4.25 ],
        "texture" : "#MAC10"
      },
      "east" : {
        "uv" : [ 6.25, 8.75, 5.75, 8.875 ],
        "texture" : "#MAC10"
      },
      "south" : {
        "uv" : [ 6, 4.125, 6.125, 4.25 ],
        "texture" : "#MAC10"
      },
      "west" : {
        "uv" : [ 5.75, 8.625, 6.25, 8.75 ],
        "texture" : "#MAC10"
      },
      "up" : {
        "uv" : [ 5.25, 3.25, 5.375, 2.75 ],
        "texture" : "#MAC10",
        "cullface" : "up"
      },
      "down" : {
        "uv" : [ 5.25, 2.25, 5.375, 2.75 ],
        "texture" : "#MAC10"
      }
    }
  }, {
    "from" : [ 8.75, 11.75, 15.25 ],
    "to" : [ 9, 15.75, 15.5 ],
    "faces" : {
      "north" : {
        "uv" : [ 5.375, 6.5, 5.25, 8.5 ],
        "texture" : "#MAC10"
      },
      "east" : {
        "uv" : [ 4.625, 1, 4.5, 3 ],
        "texture" : "#MAC10"
      },
      "south" : {
        "uv" : [ 5.25, 8.5, 5.375, 10.5 ],
        "texture" : "#MAC10"
      },
      "west" : {
        "uv" : [ 4.625, 1, 4.75, 3 ],
        "texture" : "#MAC10"
      },
      "up" : {
        "uv" : [ 6, 4.125, 6.125, 4 ],
        "texture" : "#MAC10"
      }
    }
  }, {
    "from" : [ 8.75, 15.75, 14.5 ],
    "to" : [ 9, 16, 15.25 ],
    "faces" : {
      "north" : {
        "uv" : [ 6, 3.75, 5.875, 3.875 ],
        "texture" : "#MAC10"
      },
      "east" : {
        "uv" : [ 5.75, 3.75, 5.375, 3.875 ],
        "texture" : "#MAC10"
      },
      "south" : {
        "uv" : [ 6, 3.75, 6.125, 3.875 ],
        "texture" : "#MAC10"
      },
      "west" : {
        "uv" : [ 5.375, 1.375, 5.75, 1.5 ],
        "texture" : "#MAC10"
      },
      "up" : {
        "uv" : [ 8.375, 11.75, 8.5, 11.375 ],
        "texture" : "#MAC10",
        "cullface" : "up"
      },
      "down" : {
        "uv" : [ 8.25, 11.375, 8.375, 11.75 ],
        "texture" : "#MAC10"
      }
    }
  } ],
  "display" : {
    "thirdperson_righthand" : {
      "translation" : [ 0, -2, 0.6 ],
      "scale" : [ 0.6, 0.6, 0.6 ]
    },
    "thirdperson_lefthand" : {
      "translation" : [ 0, -2, 0.6 ],
      "scale" : [ 0.6, 0.6, 0.6 ]
    },
    "firstperson_righthand" : {
      "translation" : [ -3.69, 2.4, 2.4 ],
      "scale" : [ 0.6, 0.6, 0.6 ],
      "rotation" : [ -4, -5, 0 ]
    },
    "firstperson_lefthand" : {
      "translation" : [ -3.69, 2.4, 2.4 ],
      "scale" : [ 0.6, 0.6, 0.6 ],
      "rotation" : [ -4, -5, 0 ]
    },
    "ground" : {
      "scale" : [ 0.75, 0.75, 0.75 ]
    },
    "gui" : {
      "translation" : [ -2, -1, 0 ],
      "scale" : [ 0, 1, 1 ],
      "rotation" : [ 90, 45, -90 ]
    },
    "head" : {
      "translation" : [ 0, 6.7, 0 ],
      "scale" : [ 0.75, 0.75, 0.75 ],
      "rotation" : [ 0, 0, 90 ]
    },
    "fixed" : {
      "rotation" : [ 0, 90, 0 ]
    }
  }
}
