{
  "textures" : {
    "SKS" : "guns/sks"
  },
  "credit" : "Designed by Nightshade73 with Cubik Studio - https://cubik.studio",
  "elements" : [ {
    "from" : [ 7.75, 6.75, 14.875 ],
    "to" : [ 8.375, 8.375, 16 ],
    "faces" : {
      "north" : {
        "uv" : [ 0.625, 8.375, 0, 10 ],
        "texture" : "#SKS"
      },
      "east" : {
        "uv" : [ 1.75, 12.75, 0.625, 14.375 ],
        "texture" : "#SKS"
      },
      "south" : {
        "uv" : [ 2.125, 10.625, 2.75, 12.25 ],
        "texture" : "#SKS",
        "cullface" : "south"
      },
      "west" : {
        "uv" : [ 0.625, 14.375, 1.75, 16 ],
        "texture" : "#SKS"
      },
      "up" : {
        "uv" : [ 6.125, 15.25, 6.75, 14.125 ],
        "texture" : "#SKS"
      },
      "down" : {
        "uv" : [ 4.75, 8.375, 5.375, 9.5 ],
        "texture" : "#SKS"
      }
    }
  }, {
    "from" : [ 7.75, 6.875, 14.5 ],
    "to" : [ 8.375, 8.375, 14.875 ],
    "faces" : {
      "north" : {
        "uv" : [ 2.75, 9.125, 2.125, 10.625 ],
        "texture" : "#SKS"
      },
      "east" : {
        "uv" : [ 7.875, 8.5, 7.5, 10 ],
        "texture" : "#SKS"
      },
      "west" : {
        "uv" : [ 8.125, 14.5, 8.5, 16 ],
        "texture" : "#SKS"
      },
      "up" : {
        "uv" : [ 14.125, 14.625, 14.75, 14.25 ],
        "texture" : "#SKS"
      },
      "down" : {
        "uv" : [ 11.25, 13.875, 11.875, 14.25 ],
        "texture" : "#SKS"
      }
    }
  }, {
    "from" : [ 7.75, 7, 14 ],
    "to" : [ 8.375, 8.375, 14.5 ],
    "faces" : {
      "north" : {
        "uv" : [ 4.625, 10.875, 4, 12.25 ],
        "texture" : "#SKS"
      },
      "east" : {
        "uv" : [ 6.625, 12.75, 6.125, 14.125 ],
        "texture" : "#SKS"
      },
      "west" : {
        "uv" : [ 6.625, 12.75, 7.125, 14.125 ],
        "texture" : "#SKS"
      },
      "up" : {
        "uv" : [ 8.5, 8.5, 9.125, 8 ],
        "texture" : "#SKS"
      },
      "down" : {
        "uv" : [ 7.5, 8, 8.125, 8.5 ],
        "texture" : "#SKS"
      }
    }
  }, {
    "from" : [ 7.75, 7.125, 13.625 ],
    "to" : [ 8.375, 8.375, 14 ],
    "faces" : {
      "north" : {
        "uv" : [ 4.75, 8.25, 4.125, 9.5 ],
        "texture" : "#SKS"
      },
      "east" : {
        "uv" : [ 2.125, 8, 1.75, 9.25 ],
        "texture" : "#SKS"
      },
      "west" : {
        "uv" : [ 8.125, 8.875, 8.5, 10.125 ],
        "texture" : "#SKS"
      },
      "up" : {
        "uv" : [ 5.375, 8.375, 6, 8 ],
        "texture" : "#SKS"
      },
      "down" : {
        "uv" : [ 14.75, 14.25, 15.375, 14.625 ],
        "texture" : "#SKS"
      }
    }
  }, {
    "from" : [ 7.75, 7.25, 12.5 ],
    "to" : [ 8.375, 8.25, 13.625 ],
    "faces" : {
      "north" : {
        "uv" : [ 8.125, 11.75, 7.5, 12.75 ],
        "texture" : "#SKS"
      },
      "east" : {
        "uv" : [ 5.375, 13.25, 4.25, 14.25 ],
        "texture" : "#SKS"
      },
      "west" : {
        "uv" : [ 1.75, 12.25, 2.875, 13.25 ],
        "texture" : "#SKS"
      },
      "up" : {
        "uv" : [ 5.375, 9.5, 6, 8.375 ],
        "texture" : "#SKS"
      },
      "down" : {
        "uv" : [ 2.125, 8, 2.75, 9.125 ],
        "texture" : "#SKS"
      }
    }
  }, {
    "from" : [ 7.75, 7.375, 12.375 ],
    "to" : [ 8.375, 8.25, 12.5 ],
    "faces" : {
      "north" : {
        "uv" : [ 11.625, 15.125, 11, 16 ],
        "texture" : "#SKS"
      },
      "east" : {
        "uv" : [ 6.125, 8.625, 6, 9.5 ],
        "texture" : "#SKS"
      },
      "west" : {
        "uv" : [ 6, 9.875, 6.125, 10.75 ],
        "texture" : "#SKS"
      },
      "up" : {
        "uv" : [ 3.375, 10.875, 4, 10.75 ],
        "texture" : "#SKS"
      },
      "down" : {
        "uv" : [ 13.25, 13.125, 13.875, 13.25 ],
        "texture" : "#SKS"
      }
    }
  }, {
    "from" : [ 7.75, 7.5, 12.25 ],
    "to" : [ 8.375, 8.25, 12.375 ],
    "faces" : {
      "north" : {
        "uv" : [ 14.125, 15.25, 13.5, 16 ],
        "texture" : "#SKS"
      },
      "east" : {
        "uv" : [ 9.125, 12.125, 9, 12.875 ],
        "texture" : "#SKS"
      },
      "west" : {
        "uv" : [ 8, 10.25, 8.125, 11 ],
        "texture" : "#SKS"
      },
      "up" : {
        "uv" : [ 4.625, 10.875, 5.25, 10.75 ],
        "texture" : "#SKS"
      },
      "down" : {
        "uv" : [ 4, 10.75, 4.625, 10.875 ],
        "texture" : "#SKS"
      }
    }
  }, {
    "from" : [ 7.75, 7.625, 12.125 ],
    "to" : [ 8.375, 8.375, 12.25 ],
    "faces" : {
      "north" : {
        "uv" : [ 9.125, 13.625, 8.5, 14.375 ],
        "texture" : "#SKS"
      },
      "east" : {
        "uv" : [ 9.5, 11.25, 9.375, 12 ],
        "texture" : "#SKS"
      },
      "south" : {
        "uv" : [ 6.875, 11, 7.5, 11.75 ],
        "texture" : "#SKS"
      },
      "west" : {
        "uv" : [ 10, 10.75, 10.125, 11.5 ],
        "texture" : "#SKS"
      },
      "up" : {
        "uv" : [ 6.125, 8.125, 6.75, 8 ],
        "texture" : "#SKS"
      },
      "down" : {
        "uv" : [ 5.25, 10.75, 5.875, 10.875 ],
        "texture" : "#SKS"
      }
    }
  }, {
    "from" : [ 7.75, 7.75, 11.75 ],
    "to" : [ 8.375, 8.5, 12 ],
    "faces" : {
      "north" : {
        "uv" : [ 14.75, 15.25, 14.125, 16 ],
        "texture" : "#SKS"
      },
      "east" : {
        "uv" : [ 9.125, 10.125, 8.875, 10.875 ],
        "texture" : "#SKS"
      },
      "south" : {
        "uv" : [ 15.375, 15.25, 16, 16 ],
        "texture" : "#SKS"
      },
      "west" : {
        "uv" : [ 8.875, 11.25, 9.125, 12 ],
        "texture" : "#SKS"
      },
      "up" : {
        "uv" : [ 10, 13.875, 10.625, 13.625 ],
        "texture" : "#SKS"
      },
      "down" : {
        "uv" : [ 15.125, 14, 15.75, 14.25 ],
        "texture" : "#SKS"
      }
    }
  }, {
    "from" : [ 7.75, 7.75, 12 ],
    "to" : [ 8.375, 8.375, 12.125 ],
    "faces" : {
      "east" : {
        "uv" : [ 10, 12.625, 9.875, 13.25 ],
        "texture" : "#SKS"
      },
      "west" : {
        "uv" : [ 10.5, 11.875, 10.625, 12.5 ],
        "texture" : "#SKS"
      },
      "up" : {
        "uv" : [ 13.5, 15.25, 14.125, 15.125 ],
        "texture" : "#SKS"
      },
      "down" : {
        "uv" : [ 12.875, 15.125, 13.5, 15.25 ],
        "texture" : "#SKS"
      }
    }
  }, {
    "from" : [ 7.75, 8, 7.75 ],
    "to" : [ 8.375, 9, 7.875 ],
    "faces" : {
      "north" : {
        "uv" : [ 6.75, 10, 6.125, 11 ],
        "texture" : "#SKS"
      },
      "east" : {
        "uv" : [ 6.125, 12.25, 6, 13.25 ],
        "texture" : "#SKS"
      },
      "south" : {
        "uv" : [ 6.75, 10, 7.375, 11 ],
        "texture" : "#SKS"
      },
      "west" : {
        "uv" : [ 6, 13.25, 6.125, 14.25 ],
        "texture" : "#SKS"
      },
      "up" : {
        "uv" : [ 14.75, 15.25, 15.375, 15.125 ],
        "texture" : "#SKS"
      },
      "down" : {
        "uv" : [ 14.125, 15.125, 14.75, 15.25 ],
        "texture" : "#SKS"
      }
    }
  }, {
    "from" : [ 7.75, 8, 7.875 ],
    "to" : [ 8.375, 8.875, 8.125 ],
    "faces" : {
      "east" : {
        "uv" : [ 6.125, 11.375, 5.875, 12.25 ],
        "texture" : "#SKS"
      },
      "south" : {
        "uv" : [ 8.5, 15.125, 9.125, 16 ],
        "texture" : "#SKS"
      },
      "west" : {
        "uv" : [ 7.875, 9.125, 8.125, 10 ],
        "texture" : "#SKS"
      },
      "up" : {
        "uv" : [ 2.875, 12.5, 3.5, 12.25 ],
        "texture" : "#SKS"
      },
      "down" : {
        "uv" : [ 10, 13.375, 10.625, 13.625 ],
        "texture" : "#SKS"
      }
    }
  }, {
    "from" : [ 7.75, 8, 8.125 ],
    "to" : [ 8.375, 8.75, 9 ],
    "faces" : {
      "east" : {
        "uv" : [ 7.625, 14.5, 6.75, 15.25 ],
        "texture" : "#SKS"
      },
      "south" : {
        "uv" : [ 14.75, 15.25, 15.375, 16 ],
        "texture" : "#SKS"
      },
      "west" : {
        "uv" : [ 7.125, 13.375, 8, 14.125 ],
        "texture" : "#SKS"
      },
      "up" : {
        "uv" : [ 11.625, 16, 12.25, 15.125 ],
        "texture" : "#SKS"
      },
      "down" : {
        "uv" : [ 9.125, 15.125, 9.75, 16 ],
        "texture" : "#SKS"
      }
    }
  }, {
    "from" : [ 7.75, 8, 10.25 ],
    "to" : [ 8.375, 9, 11.5 ],
    "faces" : {
      "north" : {
        "uv" : [ 8, 10, 7.375, 11 ],
        "texture" : "#SKS"
      },
      "east" : {
        "uv" : [ 3, 13.25, 1.75, 14.25 ],
        "texture" : "#SKS"
      },
      "south" : {
        "uv" : [ 5.375, 13.25, 6, 14.25 ],
        "texture" : "#SKS"
      },
      "west" : {
        "uv" : [ 3, 13.25, 4.25, 14.25 ],
        "texture" : "#SKS"
      },
      "up" : {
        "uv" : [ 4.125, 10.75, 4.75, 9.5 ],
        "texture" : "#SKS"
      },
      "down" : {
        "uv" : [ 4.75, 9.5, 5.375, 10.75 ],
        "texture" : "#SKS"
      }
    }
  }, {
    "from" : [ 7.75, 8, 11.5 ],
    "to" : [ 8.375, 8.625, 11.75 ],
    "faces" : {
      "east" : {
        "uv" : [ 8.125, 8.5, 7.875, 9.125 ],
        "texture" : "#SKS"
      },
      "south" : {
        "uv" : [ 7.125, 12.75, 7.75, 13.375 ],
        "texture" : "#SKS"
      },
      "west" : {
        "uv" : [ 5.875, 10.75, 6.125, 11.375 ],
        "texture" : "#SKS"
      },
      "up" : {
        "uv" : [ 4.125, 12.5, 4.75, 12.25 ],
        "texture" : "#SKS"
      },
      "down" : {
        "uv" : [ 3.5, 12.25, 4.125, 12.5 ],
        "texture" : "#SKS"
      }
    }
  }, {
    "from" : [ 7.75, 8.125, 9 ],
    "to" : [ 8.375, 8.875, 10.25 ],
    "faces" : {
      "north" : {
        "uv" : [ 8.125, 11, 7.5, 11.75 ],
        "texture" : "#SKS"
      },
      "east" : {
        "uv" : [ 4.125, 12.5, 2.875, 13.25 ],
        "texture" : "#SKS"
      },
      "west" : {
        "uv" : [ 4.125, 12.5, 5.375, 13.25 ],
        "texture" : "#SKS"
      },
      "up" : {
        "uv" : [ 3.5, 9.5, 4.125, 8.25 ],
        "texture" : "#SKS"
      },
      "down" : {
        "uv" : [ 5.375, 9.5, 6, 10.75 ],
        "texture" : "#SKS"
      }
    }
  }, {
    "from" : [ 7.75, 8.25, 4.75 ],
    "to" : [ 8.375, 8.75, 7.75 ],
    "faces" : {
      "north" : {
        "uv" : [ 11.625, 14.375, 11, 14.875 ],
        "texture" : "#SKS"
      },
      "east" : {
        "uv" : [ 4.75, 14.75, 1.75, 15.25 ],
        "texture" : "#SKS"
      },
      "west" : {
        "uv" : [ 1.75, 14.25, 4.75, 14.75 ],
        "texture" : "#SKS"
      },
      "up" : {
        "uv" : [ 0, 16, 0.625, 13 ],
        "texture" : "#SKS"
      },
      "down" : {
        "uv" : [ 0, 10, 0.625, 13 ],
        "texture" : "#SKS"
      }
    }
  }, {
    "from" : [ 7.75, 8.25, 12.75 ],
    "to" : [ 8.375, 8.375, 13.625 ],
    "faces" : {
      "north" : {
        "uv" : [ 16, 15.125, 15.375, 15.25 ],
        "texture" : "#SKS"
      },
      "east" : {
        "uv" : [ 13.625, 13.375, 12.75, 13.5 ],
        "texture" : "#SKS"
      },
      "west" : {
        "uv" : [ 12.75, 13.5, 13.625, 13.625 ],
        "texture" : "#SKS"
      },
      "up" : {
        "uv" : [ 9.75, 16, 10.375, 15.125 ],
        "texture" : "#SKS"
      }
    }
  }, {
    "from" : [ 7.75, 8.375, 4.375 ],
    "to" : [ 8.375, 9, 4.75 ],
    "faces" : {
      "north" : {
        "uv" : [ 10.375, 14.25, 9.75, 14.875 ],
        "texture" : "#SKS"
      },
      "east" : {
        "uv" : [ 9.5, 9.375, 9.125, 10 ],
        "texture" : "#SKS"
      },
      "south" : {
        "uv" : [ 10.375, 14.25, 11, 14.875 ],
        "texture" : "#SKS"
      },
      "west" : {
        "uv" : [ 7.75, 12.75, 8.125, 13.375 ],
        "texture" : "#SKS"
      },
      "up" : {
        "uv" : [ 4.75, 8.375, 5.375, 8 ],
        "texture" : "#SKS"
      },
      "down" : {
        "uv" : [ 1, 8, 1.625, 8.375 ],
        "texture" : "#SKS"
      }
    }
  }, {
    "from" : [ 7.75, 8.75, 5.125 ],
    "to" : [ 8.375, 9, 5.375 ],
    "faces" : {
      "north" : {
        "uv" : [ 16, 14.875, 15.375, 15.125 ],
        "texture" : "#SKS"
      },
      "east" : {
        "uv" : [ 10.625, 11, 10.375, 11.25 ],
        "texture" : "#SKS"
      },
      "south" : {
        "uv" : [ 13.625, 13.875, 14.25, 14.125 ],
        "texture" : "#SKS"
      },
      "west" : {
        "uv" : [ 10.375, 10.75, 10.625, 11 ],
        "texture" : "#SKS"
      },
      "up" : {
        "uv" : [ 4.125, 8.25, 4.75, 8 ],
        "texture" : "#SKS"
      }
    }
  }, {
    "from" : [ 7.75, 8.75, 5.75 ],
    "to" : [ 8.375, 9, 6 ],
    "faces" : {
      "north" : {
        "uv" : [ 11.875, 13.625, 11.25, 13.875 ],
        "texture" : "#SKS"
      },
      "east" : {
        "uv" : [ 10.625, 10, 10.375, 10.25 ],
        "texture" : "#SKS"
      },
      "south" : {
        "uv" : [ 11.875, 13.625, 12.5, 13.875 ],
        "texture" : "#SKS"
      },
      "west" : {
        "uv" : [ 10.5, 11.375, 10.75, 11.625 ],
        "texture" : "#SKS"
      },
      "up" : {
        "uv" : [ 10.625, 13.875, 11.25, 13.625 ],
        "texture" : "#SKS"
      }
    }
  }, {
    "from" : [ 7.75, 8.75, 6.375 ],
    "to" : [ 8.375, 9, 7.75 ],
    "faces" : {
      "north" : {
        "uv" : [ 13.125, 13.625, 12.5, 13.875 ],
        "texture" : "#SKS"
      },
      "east" : {
        "uv" : [ 6.125, 14.75, 4.75, 15 ],
        "texture" : "#SKS"
      },
      "west" : {
        "uv" : [ 4.75, 14.5, 6.125, 14.75 ],
        "texture" : "#SKS"
      },
      "up" : {
        "uv" : [ 3.375, 12.25, 4, 10.875 ],
        "texture" : "#SKS"
      }
    }
  }, {
    "from" : [ 7.75, 8.75, 8.125 ],
    "to" : [ 8.25, 8.875, 9 ],
    "faces" : {
      "east" : {
        "uv" : [ 14.5, 13.375, 13.625, 13.5 ],
        "texture" : "#SKS"
      },
      "west" : {
        "uv" : [ 13.625, 13.5, 14.5, 13.625 ],
        "texture" : "#SKS"
      },
      "up" : {
        "uv" : [ 8.5, 12.875, 9, 12 ],
        "texture" : "#SKS"
      }
    }
  }, {
    "from" : [ 7.75, 8.875, 4.75 ],
    "to" : [ 8.375, 9, 5.125 ],
    "faces" : {
      "east" : {
        "uv" : [ 10.75, 9.625, 10.375, 9.75 ],
        "texture" : "#SKS"
      },
      "west" : {
        "uv" : [ 10.375, 9.5, 10.75, 9.625 ],
        "texture" : "#SKS"
      },
      "up" : {
        "uv" : [ 13.5, 14.625, 14.125, 14.25 ],
        "texture" : "#SKS"
      },
      "down" : {
        "uv" : [ 6.75, 14.125, 7.375, 14.5 ],
        "texture" : "#SKS"
      }
    }
  }, {
    "from" : [ 7.75, 8.875, 5.375 ],
    "to" : [ 8.375, 9, 5.75 ],
    "faces" : {
      "east" : {
        "uv" : [ 11.125, 12.5, 10.75, 12.625 ],
        "texture" : "#SKS"
      },
      "west" : {
        "uv" : [ 10.75, 12.125, 11.125, 12.25 ],
        "texture" : "#SKS"
      },
      "up" : {
        "uv" : [ 10.625, 14.25, 11.25, 13.875 ],
        "texture" : "#SKS"
      },
      "down" : {
        "uv" : [ 10, 13.875, 10.625, 14.25 ],
        "texture" : "#SKS"
      }
    }
  }, {
    "from" : [ 7.75, 8.875, 6 ],
    "to" : [ 8.375, 9, 6.375 ],
    "faces" : {
      "east" : {
        "uv" : [ 11.125, 12.875, 10.75, 13 ],
        "texture" : "#SKS"
      },
      "west" : {
        "uv" : [ 11.125, 12.875, 11.5, 13 ],
        "texture" : "#SKS"
      },
      "up" : {
        "uv" : [ 15.375, 14.625, 16, 14.25 ],
        "texture" : "#SKS"
      },
      "down" : {
        "uv" : [ 0, 8, 0.625, 8.375 ],
        "texture" : "#SKS"
      }
    }
  }, {
    "from" : [ 7.75, 8.875, 9.75 ],
    "to" : [ 8.375, 9, 10.25 ],
    "faces" : {
      "north" : {
        "uv" : [ 11.375, 13.125, 10.75, 13.25 ],
        "texture" : "#SKS"
      },
      "east" : {
        "uv" : [ 11.75, 13, 11.25, 13.125 ],
        "texture" : "#SKS"
      },
      "west" : {
        "uv" : [ 10.75, 13, 11.25, 13.125 ],
        "texture" : "#SKS"
      },
      "up" : {
        "uv" : [ 12.25, 14.875, 12.875, 14.375 ],
        "texture" : "#SKS"
      }
    }
  }, {
    "from" : [ 7.75, 9, 6.75 ],
    "to" : [ 8.375, 9.125, 7.75 ],
    "faces" : {
      "north" : {
        "uv" : [ 13.25, 13.125, 12.625, 13.25 ],
        "texture" : "#SKS"
      },
      "east" : {
        "uv" : [ 12.75, 13.375, 11.75, 13.5 ],
        "texture" : "#SKS"
      },
      "south" : {
        "uv" : [ 15.25, 13.25, 15.875, 13.375 ],
        "texture" : "#SKS"
      },
      "west" : {
        "uv" : [ 11.75, 13.5, 12.75, 13.625 ],
        "texture" : "#SKS"
      },
      "up" : {
        "uv" : [ 6.875, 12.75, 7.5, 11.75 ],
        "texture" : "#SKS"
      }
    }
  }, {
    "from" : [ 7.875, 7.375, 10.25 ],
    "to" : [ 8.25, 7.5, 11 ],
    "faces" : {
      "north" : {
        "uv" : [ 10.75, 8.75, 10.375, 8.875 ],
        "texture" : "#SKS"
      },
      "east" : {
        "uv" : [ 11.875, 13.25, 11.125, 13.375 ],
        "texture" : "#SKS"
      },
      "south" : {
        "uv" : [ 10.375, 8.875, 10.75, 9 ],
        "texture" : "#SKS"
      },
      "west" : {
        "uv" : [ 11.875, 13.25, 12.625, 13.375 ],
        "texture" : "#SKS"
      },
      "up" : {
        "uv" : [ 9.125, 13.5, 9.5, 12.75 ],
        "texture" : "#SKS"
      },
      "down" : {
        "uv" : [ 9.125, 12, 9.5, 12.75 ],
        "texture" : "#SKS"
      }
    }
  }, {
    "from" : [ 7.875, 7.5, 8.5 ],
    "to" : [ 8.25, 8, 9 ],
    "faces" : {
      "north" : {
        "uv" : [ 9.875, 11, 9.5, 11.5 ],
        "texture" : "#SKS"
      },
      "east" : {
        "uv" : [ 10, 13.25, 9.5, 13.75 ],
        "texture" : "#SKS"
      },
      "south" : {
        "uv" : [ 9.5, 10.5, 9.875, 11 ],
        "texture" : "#SKS"
      },
      "west" : {
        "uv" : [ 9.5, 13.75, 10, 14.25 ],
        "texture" : "#SKS"
      },
      "down" : {
        "uv" : [ 9.5, 11.5, 9.875, 12 ],
        "texture" : "#SKS"
      }
    }
  }, {
    "from" : [ 7.875, 7.5, 10.125 ],
    "to" : [ 8.25, 8.125, 10.25 ],
    "faces" : {
      "north" : {
        "uv" : [ 9.5, 8.125, 9.125, 8.75 ],
        "texture" : "#SKS"
      },
      "east" : {
        "uv" : [ 10.5, 11.25, 10.375, 11.875 ],
        "texture" : "#SKS"
      },
      "south" : {
        "uv" : [ 9.5, 12.625, 9.875, 13.25 ],
        "texture" : "#SKS"
      },
      "west" : {
        "uv" : [ 10.625, 11.875, 10.75, 12.5 ],
        "texture" : "#SKS"
      },
      "down" : {
        "uv" : [ 10.375, 9.75, 10.75, 9.875 ],
        "texture" : "#SKS"
      }
    }
  }, {
    "from" : [ 7.875, 7.5, 11 ],
    "to" : [ 8.25, 8, 11.125 ],
    "faces" : {
      "north" : {
        "uv" : [ 9.875, 9.5, 9.5, 10 ],
        "texture" : "#SKS"
      },
      "east" : {
        "uv" : [ 10, 11.5, 9.875, 12 ],
        "texture" : "#SKS"
      },
      "south" : {
        "uv" : [ 9.5, 10, 9.875, 10.5 ],
        "texture" : "#SKS"
      },
      "west" : {
        "uv" : [ 9.375, 10, 9.5, 10.5 ],
        "texture" : "#SKS"
      },
      "down" : {
        "uv" : [ 12.625, 13, 13, 13.125 ],
        "texture" : "#SKS"
      }
    }
  }, {
    "from" : [ 7.875, 7.625, 8.25 ],
    "to" : [ 8.25, 8, 8.5 ],
    "faces" : {
      "north" : {
        "uv" : [ 3.125, 8, 2.75, 8.375 ],
        "texture" : "#SKS"
      },
      "east" : {
        "uv" : [ 10.25, 10.125, 10, 10.5 ],
        "texture" : "#SKS"
      },
      "west" : {
        "uv" : [ 10, 8.25, 10.25, 8.625 ],
        "texture" : "#SKS"
      },
      "down" : {
        "uv" : [ 15.625, 13.625, 16, 13.875 ],
        "texture" : "#SKS"
      }
    }
  }, {
    "from" : [ 7.875, 7.75, 8 ],
    "to" : [ 8.25, 8, 8.25 ],
    "faces" : {
      "north" : {
        "uv" : [ 10.375, 9.375, 10, 9.625 ],
        "texture" : "#SKS"
      },
      "east" : {
        "uv" : [ 15.125, 13.875, 14.875, 14.125 ],
        "texture" : "#SKS"
      },
      "west" : {
        "uv" : [ 10.5, 11.625, 10.75, 11.875 ],
        "texture" : "#SKS"
      },
      "up" : {
        "uv" : [ 10, 9.875, 10.375, 9.625 ],
        "texture" : "#SKS"
      },
      "down" : {
        "uv" : [ 10, 9.875, 10.375, 10.125 ],
        "texture" : "#SKS"
      }
    }
  }, {
    "from" : [ 7.875, 7.875, 7.75 ],
    "to" : [ 8.25, 8, 8 ],
    "faces" : {
      "north" : {
        "uv" : [ 8.5, 8, 8.125, 8.125 ],
        "texture" : "#SKS"
      },
      "east" : {
        "uv" : [ 10.75, 11.25, 10.5, 11.375 ],
        "texture" : "#SKS"
      },
      "west" : {
        "uv" : [ 13.375, 13.875, 13.625, 14 ],
        "texture" : "#SKS"
      },
      "up" : {
        "uv" : [ 10, 8.875, 10.375, 8.625 ],
        "texture" : "#SKS"
      },
      "down" : {
        "uv" : [ 10, 8.875, 10.375, 9.125 ],
        "texture" : "#SKS"
      }
    }
  }, {
    "from" : [ 7.875, 7.875, 10.25 ],
    "to" : [ 8.25, 8, 11 ],
    "faces" : {
      "east" : {
        "uv" : [ 11.125, 13.25, 10.375, 13.375 ],
        "texture" : "#SKS"
      },
      "west" : {
        "uv" : [ 15.25, 13.375, 16, 13.5 ],
        "texture" : "#SKS"
      },
      "down" : {
        "uv" : [ 9.125, 13.5, 9.5, 14.25 ],
        "texture" : "#SKS"
      }
    }
  }, {
    "from" : [ 7.875, 7.875, 11.125 ],
    "to" : [ 8.25, 8, 11.75 ],
    "faces" : {
      "east" : {
        "uv" : [ 12, 13.125, 11.375, 13.25 ],
        "texture" : "#SKS"
      },
      "west" : {
        "uv" : [ 11.625, 14.25, 12.25, 14.375 ],
        "texture" : "#SKS"
      },
      "up" : {
        "uv" : [ 9.125, 9.375, 9.5, 8.75 ],
        "texture" : "#SKS"
      },
      "down" : {
        "uv" : [ 9.5, 12, 9.875, 12.625 ],
        "texture" : "#SKS"
      }
    }
  }, {
    "from" : [ 7.875, 8, 9 ],
    "to" : [ 8.25, 8.125, 10.125 ],
    "faces" : {
      "east" : {
        "uv" : [ 11.75, 13.375, 10.625, 13.5 ],
        "texture" : "#SKS"
      },
      "west" : {
        "uv" : [ 10.625, 13.5, 11.75, 13.625 ],
        "texture" : "#SKS"
      },
      "down" : {
        "uv" : [ 8.5, 10.875, 8.875, 12 ],
        "texture" : "#SKS"
      }
    }
  }, {
    "from" : [ 7.875, 8.125, 0.875 ],
    "to" : [ 8.25, 8.375, 2.25 ],
    "faces" : {
      "north" : {
        "uv" : [ 10.375, 8, 10, 8.25 ],
        "texture" : "#SKS"
      },
      "east" : {
        "uv" : [ 6.125, 15, 4.75, 15.25 ],
        "texture" : "#SKS"
      },
      "south" : {
        "uv" : [ 10.375, 13, 10.75, 13.25 ],
        "texture" : "#SKS"
      },
      "west" : {
        "uv" : [ 4.75, 14.25, 6.125, 14.5 ],
        "texture" : "#SKS"
      },
      "up" : {
        "uv" : [ 1.375, 9.75, 1.75, 8.375 ],
        "texture" : "#SKS"
      },
      "down" : {
        "uv" : [ 8.125, 10.125, 8.5, 11.5 ],
        "texture" : "#SKS"
      }
    }
  }, {
    "from" : [ 7.875, 8.125, 4.75 ],
    "to" : [ 8.25, 8.25, 7.75 ],
    "faces" : {
      "north" : {
        "uv" : [ 13.375, 13, 13, 13.125 ],
        "texture" : "#SKS"
      },
      "east" : {
        "uv" : [ 15.375, 15, 12.375, 15.125 ],
        "texture" : "#SKS"
      },
      "west" : {
        "uv" : [ 12.375, 14.875, 15.375, 15 ],
        "texture" : "#SKS"
      },
      "down" : {
        "uv" : [ 1.375, 9.75, 1.75, 12.75 ],
        "texture" : "#SKS"
      }
    }
  }, {
    "from" : [ 7.875, 8.25, 4.375 ],
    "to" : [ 8.25, 8.375, 4.75 ],
    "faces" : {
      "north" : {
        "uv" : [ 14.875, 13, 14.5, 13.125 ],
        "texture" : "#SKS"
      },
      "east" : {
        "uv" : [ 16, 13, 15.625, 13.125 ],
        "texture" : "#SKS"
      },
      "west" : {
        "uv" : [ 15.25, 13, 15.625, 13.125 ],
        "texture" : "#SKS"
      },
      "down" : {
        "uv" : [ 10, 11.875, 10.375, 12.25 ],
        "texture" : "#SKS"
      }
    }
  }, {
    "from" : [ 7.875, 8.5, 0 ],
    "to" : [ 8.25, 8.875, 4.375 ],
    "faces" : {
      "north" : {
        "uv" : [ 10.375, 13, 10, 13.375 ],
        "texture" : "#SKS",
        "cullface" : "north"
      },
      "east" : {
        "uv" : [ 6.125, 15.25, 1.75, 15.625 ],
        "texture" : "#SKS"
      },
      "west" : {
        "uv" : [ 1.75, 15.625, 6.125, 16 ],
        "texture" : "#SKS"
      },
      "up" : {
        "uv" : [ 0.625, 12.75, 1, 8.375 ],
        "texture" : "#SKS"
      },
      "down" : {
        "uv" : [ 1, 8.375, 1.375, 12.75 ],
        "texture" : "#SKS"
      }
    }
  }, {
    "from" : [ 7.875, 8.75, 4.75 ],
    "to" : [ 8.25, 8.875, 5.125 ],
    "faces" : {
      "east" : {
        "uv" : [ 13, 12.875, 12.625, 13 ],
        "texture" : "#SKS"
      },
      "west" : {
        "uv" : [ 12.25, 12.875, 12.625, 13 ],
        "texture" : "#SKS"
      }
    }
  }, {
    "from" : [ 7.875, 8.75, 5.375 ],
    "to" : [ 8.25, 8.875, 5.75 ],
    "faces" : {
      "east" : {
        "uv" : [ 14.5, 12.875, 14.125, 13 ],
        "texture" : "#SKS"
      },
      "west" : {
        "uv" : [ 13.75, 12.875, 14.125, 13 ],
        "texture" : "#SKS"
      }
    }
  }, {
    "from" : [ 7.875, 8.75, 6 ],
    "to" : [ 8.25, 8.875, 6.375 ],
    "faces" : {
      "east" : {
        "uv" : [ 11.125, 12.625, 10.75, 12.75 ],
        "texture" : "#SKS"
      },
      "west" : {
        "uv" : [ 15.25, 12.875, 15.625, 13 ],
        "texture" : "#SKS"
      }
    }
  }, {
    "from" : [ 7.875, 8.875, 2.875 ],
    "to" : [ 8.25, 9, 4.375 ],
    "faces" : {
      "north" : {
        "uv" : [ 11.125, 12.375, 10.75, 12.5 ],
        "texture" : "#SKS"
      },
      "east" : {
        "uv" : [ 15.125, 14.125, 13.625, 14.25 ],
        "texture" : "#SKS"
      },
      "west" : {
        "uv" : [ 11.875, 13.875, 13.375, 14 ],
        "texture" : "#SKS"
      },
      "up" : {
        "uv" : [ 8.125, 13, 8.5, 11.5 ],
        "texture" : "#SKS"
      }
    }
  }, {
    "from" : [ 7.875, 8.875, 7.875 ],
    "to" : [ 8.5, 9.125, 8.125 ],
    "faces" : {
      "north" : {
        "uv" : [ 5.375, 12.25, 4.75, 12.5 ],
        "texture" : "#SKS"
      },
      "east" : {
        "uv" : [ 10.625, 10.25, 10.375, 10.5 ],
        "texture" : "#SKS"
      },
      "south" : {
        "uv" : [ 13.75, 13.625, 14.375, 13.875 ],
        "texture" : "#SKS"
      },
      "west" : {
        "uv" : [ 10.375, 10.5, 10.625, 10.75 ],
        "texture" : "#SKS"
      },
      "up" : {
        "uv" : [ 15, 13.875, 15.625, 13.625 ],
        "texture" : "#SKS"
      },
      "down" : {
        "uv" : [ 14.375, 13.625, 15, 13.875 ],
        "texture" : "#SKS"
      }
    }
  }, {
    "from" : [ 7.875, 8.875, 8.125 ],
    "to" : [ 8.25, 9.125, 9.75 ],
    "faces" : {
      "east" : {
        "uv" : [ 10.75, 14.875, 9.125, 15.125 ],
        "texture" : "#SKS"
      },
      "south" : {
        "uv" : [ 10.375, 12.5, 10.75, 12.75 ],
        "texture" : "#SKS"
      },
      "west" : {
        "uv" : [ 10.75, 14.875, 12.375, 15.125 ],
        "texture" : "#SKS"
      },
      "up" : {
        "uv" : [ 6.75, 10, 7.125, 8.375 ],
        "texture" : "#SKS"
      },
      "down" : {
        "uv" : [ 7.125, 8.375, 7.5, 10 ],
        "texture" : "#SKS"
      }
    }
  }, {
    "from" : [ 7.875, 9, 4.375 ],
    "to" : [ 8.25, 9.125, 6.75 ],
    "faces" : {
      "north" : {
        "uv" : [ 10.75, 8.625, 10.375, 8.75 ],
        "texture" : "#SKS"
      },
      "east" : {
        "uv" : [ 15.875, 14.625, 13.5, 14.75 ],
        "texture" : "#SKS"
      },
      "west" : {
        "uv" : [ 13.5, 14.75, 15.875, 14.875 ],
        "texture" : "#SKS"
      },
      "up" : {
        "uv" : [ 2.75, 10.75, 3.125, 8.375 ],
        "texture" : "#SKS"
      },
      "down" : {
        "uv" : [ 3.125, 8.375, 3.5, 10.75 ],
        "texture" : "#SKS"
      }
    }
  }, {
    "from" : [ 7.875, 9, 7.75 ],
    "to" : [ 8.25, 9.125, 7.875 ],
    "faces" : {
      "east" : {
        "uv" : [ 10, 11, 9.875, 11.125 ],
        "texture" : "#SKS"
      },
      "west" : {
        "uv" : [ 15.875, 14.625, 16, 14.75 ],
        "texture" : "#SKS"
      },
      "up" : {
        "uv" : [ 10.375, 8.125, 10.75, 8 ],
        "texture" : "#SKS"
      }
    }
  }, {
    "from" : [ 7.875, 9, 9.75 ],
    "to" : [ 8.25, 9.125, 11.5 ],
    "faces" : {
      "east" : {
        "uv" : [ 13.625, 14, 11.875, 14.125 ],
        "texture" : "#SKS"
      },
      "south" : {
        "uv" : [ 13.75, 13, 14.125, 13.125 ],
        "texture" : "#SKS"
      },
      "west" : {
        "uv" : [ 11.875, 14.125, 13.625, 14.25 ],
        "texture" : "#SKS"
      },
      "up" : {
        "uv" : [ 6.5, 12.75, 6.875, 11 ],
        "texture" : "#SKS"
      },
      "down" : {
        "uv" : [ 6.125, 11, 6.5, 12.75 ],
        "texture" : "#SKS"
      }
    }
  }, {
    "from" : [ 7.875, 9.125, 6.75 ],
    "to" : [ 8, 9.25, 7.5 ],
    "faces" : {
      "north" : {
        "uv" : [ 10, 9.5, 9.875, 9.625 ],
        "texture" : "#SKS"
      },
      "east" : {
        "uv" : [ 15.25, 13.375, 14.5, 13.5 ],
        "texture" : "#SKS"
      },
      "south" : {
        "uv" : [ 9.875, 9, 10, 9.125 ],
        "texture" : "#SKS"
      },
      "west" : {
        "uv" : [ 14.5, 13.5, 15.25, 13.625 ],
        "texture" : "#SKS"
      },
      "up" : {
        "uv" : [ 8, 14.125, 8.125, 13.375 ],
        "texture" : "#SKS"
      }
    }
  }, {
    "from" : [ 8, 7.625, 10.75 ],
    "to" : [ 8.125, 7.875, 10.875 ],
    "faces" : {
      "north" : {
        "uv" : [ 10.75, 11, 10.625, 11.25 ],
        "texture" : "#SKS"
      },
      "east" : {
        "uv" : [ 10.75, 10.25, 10.625, 10.5 ],
        "texture" : "#SKS"
      },
      "south" : {
        "uv" : [ 10.625, 10.75, 10.75, 11 ],
        "texture" : "#SKS"
      },
      "west" : {
        "uv" : [ 10.625, 10.5, 10.75, 10.75 ],
        "texture" : "#SKS"
      },
      "down" : {
        "uv" : [ 9, 12, 9.125, 12.125 ],
        "texture" : "#SKS"
      }
    }
  }, {
    "from" : [ 8, 7.75, 1.875 ],
    "to" : [ 8.125, 8.125, 2.125 ],
    "faces" : {
      "north" : {
        "uv" : [ 1.75, 8, 1.625, 8.375 ],
        "texture" : "#SKS"
      },
      "east" : {
        "uv" : [ 9.125, 10.875, 8.875, 11.25 ],
        "texture" : "#SKS"
      },
      "south" : {
        "uv" : [ 6, 9.5, 6.125, 9.875 ],
        "texture" : "#SKS"
      },
      "west" : {
        "uv" : [ 7.375, 14.125, 7.625, 14.5 ],
        "texture" : "#SKS"
      },
      "down" : {
        "uv" : [ 10.875, 11.75, 11, 12 ],
        "texture" : "#SKS"
      }
    }
  }, {
    "from" : [ 8, 8, 2.375 ],
    "to" : [ 8.125, 8.375, 4.375 ],
    "faces" : {
      "north" : {
        "uv" : [ 6.125, 8, 6, 8.375 ],
        "texture" : "#SKS"
      },
      "east" : {
        "uv" : [ 8.125, 15.625, 6.125, 16 ],
        "texture" : "#SKS"
      },
      "south" : {
        "uv" : [ 9.875, 11.125, 10, 11.5 ],
        "texture" : "#SKS"
      },
      "west" : {
        "uv" : [ 6.125, 15.25, 8.125, 15.625 ],
        "texture" : "#SKS"
      },
      "up" : {
        "uv" : [ 9.25, 12, 9.375, 10 ],
        "texture" : "#SKS"
      },
      "down" : {
        "uv" : [ 9.125, 10, 9.25, 12 ],
        "texture" : "#SKS"
      }
    }
  }, {
    "from" : [ 8, 8, 4.375 ],
    "to" : [ 8.125, 8.25, 4.75 ],
    "faces" : {
      "east" : {
        "uv" : [ 9.875, 8, 9.5, 8.25 ],
        "texture" : "#SKS"
      },
      "south" : {
        "uv" : [ 10.75, 11.75, 10.875, 12 ],
        "texture" : "#SKS"
      },
      "west" : {
        "uv" : [ 7.625, 14.125, 8, 14.375 ],
        "texture" : "#SKS"
      },
      "down" : {
        "uv" : [ 9.875, 10.625, 10, 11 ],
        "texture" : "#SKS"
      }
    }
  }, {
    "from" : [ 8, 8, 4.75 ],
    "to" : [ 8.125, 8.125, 5.375 ],
    "faces" : {
      "east" : {
        "uv" : [ 14.625, 13.25, 14, 13.375 ],
        "texture" : "#SKS"
      },
      "south" : {
        "uv" : [ 9.875, 10, 10, 10.125 ],
        "texture" : "#SKS"
      },
      "west" : {
        "uv" : [ 15.125, 13.875, 15.75, 14 ],
        "texture" : "#SKS"
      },
      "down" : {
        "uv" : [ 9.875, 12, 10, 12.625 ],
        "texture" : "#SKS"
      }
    }
  }, {
    "from" : [ 8, 8.125, 2.25 ],
    "to" : [ 8.125, 8.375, 2.375 ],
    "faces" : {
      "east" : {
        "uv" : [ 10.375, 10.25, 10.25, 10.5 ],
        "texture" : "#SKS"
      },
      "west" : {
        "uv" : [ 9.875, 8, 10, 8.25 ],
        "texture" : "#SKS"
      },
      "up" : {
        "uv" : [ 10.25, 8.375, 10.375, 8.25 ],
        "texture" : "#SKS"
      },
      "down" : {
        "uv" : [ 10.25, 10.125, 10.375, 10.25 ],
        "texture" : "#SKS"
      }
    }
  }, {
    "from" : [ 8, 8.375, 0.875 ],
    "to" : [ 8.125, 8.5, 1.25 ],
    "faces" : {
      "north" : {
        "uv" : [ 11, 11.625, 10.875, 11.75 ],
        "texture" : "#SKS"
      },
      "east" : {
        "uv" : [ 11.125, 12.75, 10.75, 12.875 ],
        "texture" : "#SKS"
      },
      "south" : {
        "uv" : [ 11, 11.625, 11.125, 11.75 ],
        "texture" : "#SKS"
      },
      "west" : {
        "uv" : [ 15.625, 12.875, 16, 13 ],
        "texture" : "#SKS"
      }
    }
  }, {
    "from" : [ 8, 8.875, 0.25 ],
    "to" : [ 8.125, 9.25, 0.5 ],
    "faces" : {
      "north" : {
        "uv" : [ 10, 8.625, 9.875, 9 ],
        "texture" : "#SKS"
      },
      "east" : {
        "uv" : [ 16, 13.875, 15.75, 14.25 ],
        "texture" : "#SKS"
      },
      "south" : {
        "uv" : [ 9.875, 8.25, 10, 8.625 ],
        "texture" : "#SKS"
      },
      "west" : {
        "uv" : [ 8.875, 9.75, 9.125, 10.125 ],
        "texture" : "#SKS"
      },
      "up" : {
        "uv" : [ 10.25, 8.625, 10.375, 8.375 ],
        "texture" : "#SKS"
      }
    }
  }, {
    "from" : [ 8.125, 9.125, 6.75 ],
    "to" : [ 8.25, 9.25, 7.5 ],
    "faces" : {
      "north" : {
        "uv" : [ 16, 13.25, 15.875, 13.375 ],
        "texture" : "#SKS"
      },
      "east" : {
        "uv" : [ 13.375, 13.25, 12.625, 13.375 ],
        "texture" : "#SKS"
      },
      "south" : {
        "uv" : [ 10.75, 11.625, 10.875, 11.75 ],
        "texture" : "#SKS"
      },
      "west" : {
        "uv" : [ 15.25, 13.5, 16, 13.625 ],
        "texture" : "#SKS"
      },
      "up" : {
        "uv" : [ 10.125, 11.5, 10.25, 10.75 ],
        "texture" : "#SKS"
      }
    }
  }, {
    "from" : [ 8.25, 8, 10.125 ],
    "to" : [ 8.375, 8.125, 10.25 ],
    "faces" : {
      "north" : {
        "uv" : [ 11.125, 11.5, 11, 11.625 ],
        "texture" : "#SKS"
      },
      "east" : {
        "uv" : [ 11.125, 11.375, 11, 11.5 ],
        "texture" : "#SKS"
      },
      "down" : {
        "uv" : [ 10.75, 11.5, 10.875, 11.625 ],
        "texture" : "#SKS"
      }
    }
  } ],
  "display" : {
    "thirdperson_righthand" : {
      "translation" : [ 0, 0.3, -3 ],
      "scale" : [ 1.25, 1.25, 1.25 ]
    },
    "thirdperson_lefthand" : {
      "translation" : [ 0, 0.3, -3 ],
      "scale" : [ 1.25, 1.25, 1.25 ]
    },
    "firstperson_righthand" : {
      "translation" : [ -4, 4.6, 2.4 ],
      "scale" : [ 1.25, 1.25, 1.25 ],
      "rotation" : [ -4, -5, 0 ]
    },
    "firstperson_lefthand" : {
      "translation" : [ -4, 4.6, 2.4 ],
      "scale" : [ 1.25, 1.25, 1.25 ],
      "rotation" : [ -4, -5, 0 ]
    },
    "ground" : {
      "scale" : [ 1.7, 1.7, 1.7 ]
    },
    "gui" : {
      "scale" : [ 0, 1.25, 1.25 ],
      "rotation" : [ 90, 45, -90 ]
    },
    "head" : {
      "translation" : [ 0, 6.7, 0 ],
      "scale" : [ 2, 2, 2 ],
      "rotation" : [ 0, 0, 90 ]
    },
    "fixed" : {
      "scale" : [ 1.25, 1.25, 1.25 ],
      "rotation" : [ 0, 90, 0 ]
    }
  }
}
