{
	"credit": "Made by samus2002",
	"textures": {
		"0": "rms_the_end_texture/ender_ripper",
		"particle": "rms_the_end_texture/ender_ripper"
	},
	"elements": [
		{
			"from": [3.5, 3.75, 5.8125],
			"to": [12.5, 12.75, 14.8125],
			"rotation": {"angle": 0, "axis": "y", "origin": [8, 8.25, 10.3125]},
			"faces": {
				"north": {"uv": [0, 4.5, 1.125, 5.625], "texture": "#0"},
				"east": {"uv": [1.5, 4.5, 2.625, 5.625], "texture": "#0"},
				"south": {"uv": [0, 4.5, 1.125, 5.625], "texture": "#0"},
				"west": {"uv": [4.5, 4.5, 5.625, 5.625], "texture": "#0"},
				"up": {"uv": [5.875, 1.125, 4.75, 0], "texture": "#0"},
				"down": {"uv": [5.875, 1.5, 4.75, 2.625], "texture": "#0"}
			}
		},
		{
			"from": [2.5, 6.75, 5.6875],
			"to": [7.5, 8.75, 5.6875],
			"rotation": {"angle": 0, "axis": "y", "origin": [8, 7.25, 11.1875]},
			"faces": {
				"north": {"uv": [8.75, 9, 9.375, 9.25], "texture": "#0"},
				"east": {"uv": [1.5, 4.5, 2.875, 5.875], "texture": "#0"},
				"south": {"uv": [9.375, 9, 8.75, 9.25], "texture": "#0"},
				"west": {"uv": [4.5, 4.5, 5.875, 5.875], "texture": "#0"},
				"up": {"uv": [6.125, 1.375, 4.75, 0], "texture": "#0"},
				"down": {"uv": [6.125, 1.5, 4.75, 2.875], "texture": "#0"}
			}
		},
		{
			"from": [8.5, 6.75, 5.6875],
			"to": [13.5, 8.75, 5.6875],
			"rotation": {"angle": 0, "axis": "y", "origin": [8, 7.25, 11.1875]},
			"faces": {
				"north": {"uv": [9.375, 9, 8.75, 9.25], "texture": "#0"},
				"east": {"uv": [5.875, 4.5, 4.5, 5.875], "texture": "#0"},
				"south": {"uv": [8.75, 9, 9.375, 9.25], "texture": "#0"},
				"west": {"uv": [2.875, 4.5, 1.5, 5.875], "texture": "#0"},
				"up": {"uv": [4.75, 1.375, 6.125, 0], "texture": "#0"},
				"down": {"uv": [4.75, 1.5, 6.125, 2.875], "texture": "#0"}
			}
		}
	],
	"gui_light": "front",
	"display": {
		"gui": {
			"rotation": [22, 144, 0],
			"translation": [-1, -0.5, 0],
			"scale": [0.7, 0.7, 0.7]
		}
	},
	"groups": [
		{
			"name": "h_head",
			"origin": [8, 3.91667, 10.29583],
			"color": 0,
			"children": [
				0,
				{
					"name": "h_left_eye",
					"origin": [5, 7.25, 5.6875],
					"color": 0,
					"children": [1]
				},
				{
					"name": "h_right_eye",
					"origin": [11, 7.25, 5.6875],
					"color": 0,
					"children": [2]
				},
				{
					"name": "tag_name",
					"origin": [8, 13.66667, 10.29583],
					"color": 0,
					"children": []
				}
			]
		}
	]
}