{
    "parent": "item/generated",
    "textures": {
        "layer0": "item/brick"
    },
	"overrides": [	
		{"predicate": {"custom_model_data":2579}, "model": "dragon_mount_model/icon_celestial_thunderlord"},
		{"predicate": {"custom_model_data":2580}, "model": "dragon_mount_model/icon_flarewing_dragon"},
		{"predicate": {"custom_model_data":2581}, "model": "dragon_mount_model/icon_skywhisper_wyvern"},
		{"predicate": {"custom_model_data":2582}, "model": "dragon_mount_model/icon_terravore_drake"},
        
		{"predicate": {"custom_model_data":12026}, "model": "rms_the_end_model/icon_end_scuttler"},
		{"predicate": {"custom_model_data":12027}, "model": "rms_the_end_model/icon_end_seeker"},
		{"predicate": {"custom_model_data":12028}, "model": "rms_the_end_model/icon_ender_clam"},
		{"predicate": {"custom_model_data":12029}, "model": "rms_the_end_model/icon_ender_hammerhead"},
        {"predicate": {"custom_model_data":12030}, "model": "rms_the_end_model/icon_ender_ripper"},
        {"predicate": {"custom_model_data":12031}, "model": "rms_the_end_model/icon_ender_slime"},
        {"predicate": {"custom_model_data":12032}, "model": "rms_the_end_model/icon_ender_witch"},
        {"predicate": {"custom_model_data":12033}, "model": "rms_the_end_model/icon_void_beholder"}
    ]
}