{
	"credit": "Made with Blockbench",
	"parent": "honey_bottle",
	"texture_size": [300, 300],
	"textures": {
		"2": "item/mapmaveth",
		"particle": "item/mapmaveth"
	},
	"elements": [
		{
			"from": [-16, 0, -16],
			"to": [32, 1, 32],
			"rotation": {"angle": 0, "axis": "y", "origin": [0, 0, 14]},
			"faces": {
				"north": {"uv": [0, 0, 0.44834, 0], "texture": "#missing"},
				"east": {"uv": [0, 0, 0.44834, 0], "texture": "#missing"},
				"south": {"uv": [0, 0, 0.44834, 0], "texture": "#missing"},
				"west": {"uv": [0, 0, 0.44834, 0], "texture": "#missing"},
				"up": {"uv": [0, 0, 16, 16], "rotation": 270, "texture": "#2"},
				"down": {"uv": [0, 0, 0.44834, 0.85239], "texture": "#missing"}
			}
		}
	],
	"display": {
		"thirdperson_righthand": {
			"translation": [0, 8.75, 0]
		},
		"gui": {
			"rotation": [90, -90, 0],
			"scale": [2.6, 1, 3.5]
		},
		"fixed": {
			"rotation": [0, 90, -90],
			"translation": [-0.5, 1.75, -7.75],
			"scale": [2.5, 1, 3]
		}
	}
}