{
	"credit": "Made by samus2002",
	"texture_size": [256, 256],
	"textures": {
		"1": "dragon_mount_texture/terravore_drake"
	},
	"elements": [
		{
			"from": [1.96249, 4.24654, 4.44902],
			"to": [13.47391, 13.45568, 12.50701],
			"rotation": {"angle": 0, "axis": "y", "origin": [7.7182, 8.48568, 7.47382]},
			"faces": {
				"north": {"uv": [5.125, 4.25, 5.75, 4.75], "texture": "#1"},
				"east": {"uv": [6.625, 2.875, 7.0625, 3.375], "texture": "#1"},
				"south": {"uv": [1.0625, 5.1875, 1.6875, 5.6875], "texture": "#1"},
				"west": {"uv": [6.75, 3.4375, 7.1875, 3.9375], "texture": "#1"},
				"up": {"uv": [6.5625, 2.0625, 5.9375, 1.625], "texture": "#1"},
				"down": {"uv": [6.5625, 2.9375, 5.9375, 3.375], "texture": "#1"}
			}
		},
		{
			"from": [3.6892, 8.9016, -0.61653],
			"to": [11.7472, 13.50617, 7.44146],
			"rotation": {"angle": -22.5, "axis": "x", "origin": [7.7182, 8.48568, 7.47382]},
			"faces": {
				"north": {"uv": [8.0625, 4, 8.5, 4.25], "texture": "#1"},
				"east": {"uv": [8.0625, 5.5, 8.5, 5.75], "texture": "#1"},
				"south": {"uv": [6.8125, 8.0625, 7.25, 8.3125], "texture": "#1"},
				"west": {"uv": [8.125, 1.75, 8.5625, 2], "texture": "#1"},
				"up": {"uv": [0.4375, 5.5625, 0, 5.125], "texture": "#1"},
				"down": {"uv": [7.5625, 2.8125, 7.125, 3.25], "texture": "#1"}
			}
		},
		{
			"from": [5.41592, 5.61092, -5.21999],
			"to": [10.02048, 11.36663, 2.83801],
			"rotation": {"angle": 0, "axis": "y", "origin": [7.7182, 8.48568, 7.47382]},
			"faces": {
				"north": {"uv": [7.6875, 8.1875, 7.9375, 8.5], "texture": "#1"},
				"east": {"uv": [5.6875, 0.75, 6.125, 1.0625], "texture": "#1"},
				"south": {"uv": [8.25, 1.125, 8.5, 1.4375], "texture": "#1"},
				"west": {"uv": [6.8125, 7.6875, 7.25, 8], "texture": "#1"},
				"up": {"uv": [8.375, 7.5, 8.125, 7.0625], "texture": "#1"},
				"down": {"uv": [8.375, 7.5625, 8.125, 8], "texture": "#1"}
			}
		},
		{
			"from": [3.71536, 3.82713, 12.75487],
			"to": [3.71536, 13.03627, 24.26629],
			"rotation": {"angle": -22.5, "axis": "y", "origin": [7.7182, 8.48568, 7.47382]},
			"faces": {
				"north": {"uv": [1.1875, 1.5, 1.1875, 2], "texture": "#1"},
				"east": {"uv": [5.25, 1.8125, 5.875, 2.3125], "texture": "#1"},
				"south": {"uv": [0.625, 8.8125, 0.625, 9.3125], "texture": "#1"},
				"west": {"uv": [5.25, 3.25, 5.875, 3.75], "texture": "#1"},
				"up": {"uv": [5.6875, 9.5625, 5.6875, 8.9375], "texture": "#1"},
				"down": {"uv": [5.75, 8.9375, 5.75, 9.5625], "texture": "#1"}
			}
		},
		{
			"from": [3.64603, 8.9016, -0.61653],
			"to": [3.64603, 12.35503, 7.44146],
			"rotation": {"angle": -22.5, "axis": "x", "origin": [7.7182, 8.48568, 7.47382]},
			"faces": {
				"north": {"uv": [3.875, 4.8125, 3.875, 5], "texture": "#1"},
				"east": {"uv": [8.625, 6.3125, 8.1875, 6.5], "texture": "#1"},
				"south": {"uv": [3.9375, 4.8125, 3.9375, 5], "texture": "#1"},
				"west": {"uv": [8.1875, 6.3125, 8.625, 6.5], "texture": "#1"},
				"up": {"uv": [8.5625, 9.5625, 8.5625, 9.125], "texture": "#1"},
				"down": {"uv": [8.625, 9.125, 8.625, 9.5625], "texture": "#1"}
			}
		},
		{
			"from": [11.79037, 8.9016, -0.61653],
			"to": [11.79037, 12.35503, 7.44146],
			"rotation": {"angle": -22.5, "axis": "x", "origin": [7.7182, 8.48568, 7.47382]},
			"faces": {
				"north": {"uv": [3.875, 4.8125, 3.875, 5], "texture": "#1"},
				"east": {"uv": [8.625, 6.3125, 8.1875, 6.5], "texture": "#1"},
				"south": {"uv": [3.9375, 4.8125, 3.9375, 5], "texture": "#1"},
				"west": {"uv": [8.1875, 6.3125, 8.625, 6.5], "texture": "#1"},
				"up": {"uv": [8.5625, 9.5625, 8.5625, 9.125], "texture": "#1"},
				"down": {"uv": [8.625, 9.125, 8.625, 9.5625], "texture": "#1"}
			}
		},
		{
			"from": [3.64603, 5.44817, -0.61653],
			"to": [11.79037, 8.9016, 7.44146],
			"rotation": {"angle": -22.5, "axis": "x", "origin": [7.7182, 8.48568, 7.47382]},
			"faces": {
				"north": {"uv": [3.5625, 1.9375, 4, 2.125], "texture": "#1"},
				"east": {"uv": [6.375, 4.5625, 6.8125, 4.75], "texture": "#1"},
				"south": {"uv": [8.0625, 5.8125, 8.5, 6], "texture": "#1"},
				"west": {"uv": [8.1875, 5.25, 8.625, 5.4375], "texture": "#1"},
				"up": {"uv": [3.6875, 7.5625, 3.25, 7.125], "texture": "#1"},
				"down": {"uv": [4.1875, 7.125, 3.75, 7.5625], "texture": "#1"}
			}
		},
		{
			"from": [5.37275, 3.30864, -5.21999],
			"to": [10.06365, 5.61092, 2.83801],
			"rotation": {"angle": 0, "axis": "y", "origin": [7.7182, 8.48568, 7.47382]},
			"faces": {
				"north": {"uv": [4.875, 3.25, 5.125, 3.375], "texture": "#1"},
				"east": {"uv": [6.75, 4, 7.1875, 4.125], "texture": "#1"},
				"south": {"uv": [5.625, 1.625, 5.875, 1.75], "texture": "#1"},
				"west": {"uv": [8.5, 8.25, 8.9375, 8.375], "texture": "#1"},
				"up": {"uv": [4.5, 8.5, 4.25, 8.0625], "texture": "#1"},
				"down": {"uv": [4.8125, 8.125, 4.5625, 8.5625], "texture": "#1"}
			}
		},
		{
			"from": [5.37275, 5.61092, -5.21999],
			"to": [5.37275, 7.91321, 2.83801],
			"rotation": {"angle": 0, "axis": "y", "origin": [7.7182, 8.48568, 7.47382]},
			"faces": {
				"north": {"uv": [0.5625, 4.625, 0.5625, 4.75], "texture": "#1"},
				"east": {"uv": [9.125, 6.125, 8.6875, 6.25], "texture": "#1"},
				"south": {"uv": [0.625, 4.625, 0.625, 4.75], "texture": "#1"},
				"west": {"uv": [8.6875, 6.125, 9.125, 6.25], "texture": "#1"},
				"up": {"uv": [8.4375, 9.5625, 8.4375, 9.125], "texture": "#1"},
				"down": {"uv": [8.5, 9.125, 8.5, 9.5625], "texture": "#1"}
			}
		},
		{
			"from": [10.06365, 5.61092, -5.21999],
			"to": [10.06365, 7.91321, 2.83801],
			"rotation": {"angle": 0, "axis": "y", "origin": [7.7182, 8.48568, 7.47382]},
			"faces": {
				"north": {"uv": [0.5625, 4.625, 0.5625, 4.75], "texture": "#1"},
				"east": {"uv": [9.125, 6.125, 8.6875, 6.25], "texture": "#1"},
				"south": {"uv": [0.625, 4.625, 0.625, 4.75], "texture": "#1"},
				"west": {"uv": [8.6875, 6.125, 9.125, 6.25], "texture": "#1"},
				"up": {"uv": [8.4375, 9.5625, 8.4375, 9.125], "texture": "#1"},
				"down": {"uv": [8.5, 9.125, 8.5, 9.5625], "texture": "#1"}
			}
		},
		{
			"from": [7.7182, 11.02632, 0.66725],
			"to": [7.7182, 20.23545, 15.6321],
			"rotation": {"angle": -22.5, "axis": "x", "origin": [7.7182, 8.48568, 7.47382]},
			"faces": {
				"north": {"uv": [1.0625, 9.1875, 1.0625, 9.6875], "texture": "#1"},
				"east": {"uv": [3.1875, 0, 4, 0.5], "texture": "#1"},
				"south": {"uv": [1.125, 9.1875, 1.125, 9.6875], "texture": "#1"},
				"west": {"uv": [3.4375, 3, 4.25, 3.5], "texture": "#1"},
				"up": {"uv": [1.1875, 10, 1.1875, 9.1875], "texture": "#1"},
				"down": {"uv": [1.25, 9.1875, 1.25, 10], "texture": "#1"}
			}
		},
		{
			"from": [1.99127, 6.08086, 8.84928],
			"to": [1.99127, 14.13886, 20.3607],
			"rotation": {"angle": -45, "axis": "x", "origin": [7.7182, 8.48568, 7.47382]},
			"faces": {
				"north": {"uv": [2.5, 9.1875, 2.5, 9.625], "texture": "#1"},
				"east": {"uv": [0, 6, 0.625, 6.4375], "texture": "#1"},
				"south": {"uv": [2.5625, 9.1875, 2.5625, 9.625], "texture": "#1"},
				"west": {"uv": [2.5625, 6.125, 3.1875, 6.5625], "texture": "#1"},
				"up": {"uv": [2.625, 9.8125, 2.625, 9.1875], "texture": "#1"},
				"down": {"uv": [4.9375, 9.1875, 4.9375, 9.8125], "texture": "#1"}
			}
		},
		{
			"from": [1.38692, 11.31806, 4.79419],
			"to": [4.84034, 12.75699, 9.68654],
			"rotation": {"angle": -22.5, "axis": "x", "origin": [7.7182, 8.48568, 7.47382]},
			"faces": {
				"north": {"uv": [1.75, 2.9375, 1.9375, 3], "texture": "#1"},
				"east": {"uv": [3.1875, 0.5625, 3.4375, 0.625], "texture": "#1"},
				"south": {"uv": [6.625, 5.625, 6.8125, 5.6875], "texture": "#1"},
				"west": {"uv": [4.3125, 3.4375, 4.5625, 3.5], "texture": "#1"},
				"up": {"uv": [1.0625, 2.4375, 0.875, 2.1875], "texture": "#1"},
				"down": {"uv": [4.25, 2.6875, 4.0625, 2.9375], "texture": "#1"}
			}
		},
		{
			"from": [10.59606, 11.31806, 4.79419],
			"to": [14.04948, 12.75699, 9.68654],
			"rotation": {"angle": -22.5, "axis": "x", "origin": [7.7182, 8.48568, 7.47382]},
			"faces": {
				"north": {"uv": [6.875, 5.625, 7.0625, 5.6875], "texture": "#1"},
				"east": {"uv": [3.5625, 5.625, 3.8125, 5.6875], "texture": "#1"},
				"south": {"uv": [7.25, 4.4375, 7.4375, 4.5], "texture": "#1"},
				"west": {"uv": [6.25, 5.25, 6.5, 5.3125], "texture": "#1"},
				"up": {"uv": [7.1875, 5.1875, 7, 4.9375], "texture": "#1"},
				"down": {"uv": [7.9375, 2.5, 7.75, 2.75], "texture": "#1"}
			}
		},
		{
			"from": [-3.79322, 4.50004, 8.10451],
			"to": [3.11363, 7.95347, 12.70908],
			"rotation": {"angle": -22.5, "axis": "x", "origin": [7.7182, 8.48568, 7.47382]},
			"faces": {
				"north": {"uv": [8.625, 4.75, 9, 4.9375], "texture": "#1"},
				"east": {"uv": [3.25, 6.125, 3.5, 6.3125], "texture": "#1"},
				"south": {"uv": [8.625, 5, 9, 5.1875], "texture": "#1"},
				"west": {"uv": [6.375, 6.125, 6.625, 6.3125], "texture": "#1"},
				"up": {"uv": [5.875, 3.1875, 5.5, 2.9375], "texture": "#1"},
				"down": {"uv": [8.5625, 4.3125, 8.1875, 4.5625], "texture": "#1"}
			}
		},
		{
			"from": [-6.09551, 2.71504, 10.09116],
			"to": [-2.64208, 9.62189, 13.54459],
			"rotation": {"angle": 22.5, "axis": "x", "origin": [7.7182, 8.48568, 7.47382]},
			"faces": {
				"north": {"uv": [4.5625, 8.625, 4.75, 9], "texture": "#1"},
				"east": {"uv": [6.1875, 8.625, 6.375, 9], "texture": "#1"},
				"south": {"uv": [6.6875, 8.625, 6.875, 9], "texture": "#1"},
				"west": {"uv": [1.5, 8.6875, 1.6875, 9.0625], "texture": "#1"},
				"up": {"uv": [2, 9.3125, 1.8125, 9.125], "texture": "#1"},
				"down": {"uv": [2.25, 9.125, 2.0625, 9.3125], "texture": "#1"}
			}
		},
		{
			"from": [-3.43828, 0.4746, 6.72644],
			"to": [-1.13599, 2.77688, 14.78444],
			"rotation": {"angle": -22.5, "axis": "y", "origin": [7.7182, 8.48568, 7.47382]},
			"faces": {
				"north": {"uv": [4.875, 0.5, 5, 0.625], "texture": "#1"},
				"east": {"uv": [8.6875, 6.6875, 9.125, 6.8125], "texture": "#1"},
				"south": {"uv": [6.375, 1.4375, 6.5, 1.5625], "texture": "#1"},
				"west": {"uv": [8.6875, 6.875, 9.125, 7], "texture": "#1"},
				"up": {"uv": [2.625, 3.5, 2.5, 3.0625], "texture": "#1"},
				"down": {"uv": [3.375, 3.6875, 3.25, 4.125], "texture": "#1"}
			}
		},
		{
			"from": [-2.78135, -0.38206, 2.83958],
			"to": [-0.47906, 1.92022, 9.74643],
			"rotation": {"angle": 45, "axis": "x", "origin": [7.7182, 8.48568, 7.47382]},
			"faces": {
				"north": {"uv": [7.625, 0.75, 7.75, 0.875], "texture": "#1"},
				"east": {"uv": [8.75, 0.375, 9.125, 0.5], "texture": "#1"},
				"south": {"uv": [3.0625, 8, 3.1875, 8.125], "texture": "#1"},
				"west": {"uv": [8.75, 0.5625, 9.125, 0.6875], "texture": "#1"},
				"up": {"uv": [0.8125, 9.125, 0.6875, 8.75], "texture": "#1"},
				"down": {"uv": [1, 8.75, 0.875, 9.125], "texture": "#1"}
			}
		},
		{
			"from": [0.38013, 10.83488, -1.09021],
			"to": [2.68241, 13.13716, 6.96779],
			"rotation": {"angle": 45, "axis": "y", "origin": [7.7182, 8.48568, 7.47382]},
			"faces": {
				"north": {"uv": [3.1875, 8.875, 3.3125, 9], "texture": "#1"},
				"east": {"uv": [8.6875, 7.5625, 9.125, 7.6875], "texture": "#1"},
				"south": {"uv": [1.3125, 8.9375, 1.4375, 9.0625], "texture": "#1"},
				"west": {"uv": [8.6875, 7.75, 9.125, 7.875], "texture": "#1"},
				"up": {"uv": [4.1875, 0.4375, 4.0625, 0], "texture": "#1"},
				"down": {"uv": [2.8125, 4.875, 2.6875, 5.3125], "texture": "#1"}
			}
		},
		{
			"from": [-2.7906, 8.90889, -2.80891],
			"to": [-0.48832, 11.21117, 4.09794],
			"rotation": {"angle": 45, "axis": "x", "origin": [7.7182, 8.48568, 7.47382]},
			"faces": {
				"north": {"uv": [9, 4, 9.125, 4.125], "texture": "#1"},
				"east": {"uv": [1.0625, 8.75, 1.4375, 8.875], "texture": "#1"},
				"south": {"uv": [2.6875, 9.125, 2.8125, 9.25], "texture": "#1"},
				"west": {"uv": [8.75, 8.625, 9.125, 8.75], "texture": "#1"},
				"up": {"uv": [6.5625, 9.125, 6.4375, 8.75], "texture": "#1"},
				"down": {"uv": [0.375, 8.8125, 0.25, 9.1875], "texture": "#1"}
			}
		},
		{
			"from": [15.91546, -0.38206, 2.83958],
			"to": [18.21775, 1.92022, 9.74643],
			"rotation": {"angle": 45, "axis": "x", "origin": [7.7182, 8.48568, 7.47382]},
			"faces": {
				"north": {"uv": [2.875, 9.125, 3, 9.25], "texture": "#1"},
				"east": {"uv": [8.8125, 3.375, 9.1875, 3.5], "texture": "#1"},
				"south": {"uv": [3.625, 9.125, 3.75, 9.25], "texture": "#1"},
				"west": {"uv": [8.8125, 3.5625, 9.1875, 3.6875], "texture": "#1"},
				"up": {"uv": [0.5625, 9.1875, 0.4375, 8.8125], "texture": "#1"},
				"down": {"uv": [8.9375, 3.75, 8.8125, 4.125], "texture": "#1"}
			}
		},
		{
			"from": [16.57239, 0.4746, 6.72644],
			"to": [18.87468, 2.77688, 14.78444],
			"rotation": {"angle": 22.5, "axis": "y", "origin": [7.7182, 8.48568, 7.47382]},
			"faces": {
				"north": {"uv": [9.125, 4.1875, 9.25, 4.3125], "texture": "#1"},
				"east": {"uv": [8.25, 8.6875, 8.6875, 8.8125], "texture": "#1"},
				"south": {"uv": [9.125, 4.375, 9.25, 4.5], "texture": "#1"},
				"west": {"uv": [8.6875, 8.4375, 9.125, 8.5625], "texture": "#1"},
				"up": {"uv": [7.0625, 9.0625, 6.9375, 8.625], "texture": "#1"},
				"down": {"uv": [2.625, 8.6875, 2.5, 9.125], "texture": "#1"}
			}
		},
		{
			"from": [18.07848, 2.71504, 10.09116],
			"to": [21.53191, 9.62189, 13.54459],
			"rotation": {"angle": 22.5, "axis": "x", "origin": [7.7182, 8.48568, 7.47382]},
			"faces": {
				"north": {"uv": [1.75, 8.6875, 1.9375, 9.0625], "texture": "#1"},
				"east": {"uv": [2, 8.6875, 2.1875, 9.0625], "texture": "#1"},
				"south": {"uv": [2.25, 8.6875, 2.4375, 9.0625], "texture": "#1"},
				"west": {"uv": [8.6875, 2.9375, 8.875, 3.3125], "texture": "#1"},
				"up": {"uv": [9.3125, 2.4375, 9.125, 2.25], "texture": "#1"},
				"down": {"uv": [9.3125, 2.5, 9.125, 2.6875], "texture": "#1"}
			}
		},
		{
			"from": [12.32277, 4.50004, 8.10451],
			"to": [19.22962, 7.95347, 12.70908],
			"rotation": {"angle": -22.5, "axis": "x", "origin": [7.7182, 8.48568, 7.47382]},
			"faces": {
				"north": {"uv": [8.6875, 1.375, 9.0625, 1.5625], "texture": "#1"},
				"east": {"uv": [7.8125, 1.75, 8.0625, 1.9375], "texture": "#1"},
				"south": {"uv": [8.6875, 5.25, 9.0625, 5.4375], "texture": "#1"},
				"west": {"uv": [3.875, 8.8125, 4.125, 9], "texture": "#1"},
				"up": {"uv": [8.5625, 4.875, 8.1875, 4.625], "texture": "#1"},
				"down": {"uv": [8.5625, 4.9375, 8.1875, 5.1875], "texture": "#1"}
			}
		},
		{
			"from": [13.44513, 6.08086, 8.84928],
			"to": [13.44513, 14.13886, 20.3607],
			"rotation": {"angle": -45, "axis": "x", "origin": [7.7182, 8.48568, 7.47382]},
			"faces": {
				"north": {"uv": [4.4375, 9.25, 4.4375, 9.6875], "texture": "#1"},
				"east": {"uv": [6.1875, 0, 6.8125, 0.4375], "texture": "#1"},
				"south": {"uv": [4.5, 9.25, 4.5, 9.6875], "texture": "#1"},
				"west": {"uv": [6.1875, 0.5, 6.8125, 0.9375], "texture": "#1"},
				"up": {"uv": [9.25, 6, 9.25, 5.375], "texture": "#1"},
				"down": {"uv": [9.25, 6.0625, 9.25, 6.6875], "texture": "#1"}
			}
		},
		{
			"from": [12.75398, 10.83488, -1.09021],
			"to": [15.05627, 13.13716, 6.96779],
			"rotation": {"angle": -45, "axis": "y", "origin": [7.7182, 8.48568, 7.47382]},
			"faces": {
				"north": {"uv": [9.125, 5.1875, 9.25, 5.3125], "texture": "#1"},
				"east": {"uv": [8.75, 0, 9.1875, 0.125], "texture": "#1"},
				"south": {"uv": [6.875, 9.125, 7, 9.25], "texture": "#1"},
				"west": {"uv": [8.75, 0.1875, 9.1875, 0.3125], "texture": "#1"},
				"up": {"uv": [5.9375, 9.125, 5.8125, 8.6875], "texture": "#1"},
				"down": {"uv": [6.125, 8.6875, 6, 9.125], "texture": "#1"}
			}
		},
		{
			"from": [15.92472, 8.90889, -2.80891],
			"to": [18.227, 11.21117, 4.09794],
			"rotation": {"angle": 45, "axis": "x", "origin": [7.7182, 8.48568, 7.47382]},
			"faces": {
				"north": {"uv": [9.125, 7.0625, 9.25, 7.1875], "texture": "#1"},
				"east": {"uv": [8.8125, 5.5, 9.1875, 5.625], "texture": "#1"},
				"south": {"uv": [9.125, 7.25, 9.25, 7.375], "texture": "#1"},
				"west": {"uv": [8.8125, 5.6875, 9.1875, 5.8125], "texture": "#1"},
				"up": {"uv": [4.3125, 9.1875, 4.1875, 8.8125], "texture": "#1"},
				"down": {"uv": [4.5, 8.8125, 4.375, 9.1875], "texture": "#1"}
			}
		},
		{
			"from": [4.84034, 5.03535, -5.79556],
			"to": [10.59606, 11.9422, 3.41358],
			"rotation": {"angle": 0, "axis": "y", "origin": [7.7182, 8.48568, 7.47382]},
			"faces": {
				"north": {"uv": [7.8125, 5.0625, 8.125, 5.4375], "texture": "#1"},
				"east": {"uv": [4.25, 7.125, 4.75, 7.5], "texture": "#1"},
				"south": {"uv": [6.4375, 7.875, 6.75, 8.25], "texture": "#1"},
				"west": {"uv": [4.8125, 7.125, 5.3125, 7.5], "texture": "#1"},
				"up": {"uv": [1.6875, 3.75, 1.375, 3.25], "texture": "#1"},
				"down": {"uv": [5, 7.5625, 4.6875, 8.0625], "texture": "#1"}
			}
		},
		{
			"from": [1.38692, 3.67097, 3.87345],
			"to": [14.04948, 14.03125, 13.08259],
			"rotation": {"angle": 0, "axis": "y", "origin": [7.7182, 8.48568, 7.47382]},
			"faces": {
				"north": {"uv": [2.5, 3.6875, 3.1875, 4.25], "texture": "#1"},
				"east": {"uv": [3.5625, 5.75, 4.0625, 6.3125], "texture": "#1"},
				"south": {"uv": [1.375, 3.8125, 2.0625, 4.375], "texture": "#1"},
				"west": {"uv": [4.125, 5.75, 4.625, 6.3125], "texture": "#1"},
				"up": {"uv": [3.9375, 4.75, 3.25, 4.25], "texture": "#1"},
				"down": {"uv": [2.8125, 4.3125, 2.125, 4.8125], "texture": "#1"}
			}
		}
	],
	"gui_light": "front",
	"display": {
		"gui": {
			"rotation": [0, 90, 0],
			"translation": [1.5, -1, 0],
			"scale": [0.65, 0.65, 0.65]
		}
	},
	"groups": [
		{
			"name": "h_head",
			"origin": [7.37378, 16.07929, 6.83071],
			"color": 0,
			"children": [
				0,
				1,
				2,
				3,
				{
					"name": "h_jaw",
					"origin": [8, 15.15524, 7.36687],
					"color": 0,
					"children": [4, 5, 6, 7, 8, 9]
				},
				10,
				11,
				12,
				13,
				14,
				15,
				16,
				17,
				18,
				19,
				20,
				21,
				22,
				23,
				24,
				25,
				26,
				27,
				28,
				{
					"name": "tag_name",
					"origin": [7.50334, 22.26742, 8.66578],
					"color": 0,
					"children": []
				}
			]
		}
	]
}