{
  "parent" : "lighting_fix/front",
  "textures" : {
    "main" : "gui/custom/smg"
  },
  "display" : {
    "firstperson_lefthand" : {
      "translation" : [ -9.8, 7.75, -80 ],
      "scale" : [ 1.2, 1.2, 4 ]
    },
    "firstperson_righthand" : {
      "scale" : [ 0.01, 0.01, 0.01 ],
      "rotation" : [ 0, -90, 0 ]
    },
    "ground" : {
      "translation" : [ 0, -80, 0 ],
      "scale" : [ 0.01, 0.01, 0.01 ],
      "rotation" : [ 90, 0, 0 ]
    },
    "gui" : {
      "translation" : [ 0.5, -0.5, 0 ],
      "scale" : [ 0.0, 0.0, 0.0 ]
    },
    "thirdperson_lefthand" : {
      "translation" : [ 0, -2, 2 ],
      "scale" : [ 0.01, 0.01, 0.01 ]
    },
    "thirdperson_righthand" : {
      "translation" : [ 0, -2, 2 ],
      "scale" : [ 0.01, 0.01, 0.01 ]
    }
  },
  "elements" : [ {
    "__comment" : "gui/crosshair",
    "faces" : {
      "south" : {
        "texture" : "#main",
        "uv" : [ 0, 0, 16, 16 ]
      }
    },
    "from" : [ -16, -16, -16 ],
    "to" : [ 32, 32, -15.5 ]
  } ]
}
