{
	"credit": "Made with Blockbench",
	"parent": "honey_bottle",
	"texture_size": [16, 48],
	"textures": {
		"0": "item/iconbuy",
		"particle": "item/iconbuy"
	},
	"elements": [
		{
			"from": [0, 0, 0],
			"to": [32, 1, 16],
			"rotation": {"angle": 0, "axis": "y", "origin": [16, 0, 30]},
			"faces": {
				"north": {"uv": [0, 0, 0.44834, 0], "texture": "#missing"},
				"east": {"uv": [0, 0, 0.44834, 0], "texture": "#missing"},
				"south": {"uv": [0, 0, 0.44834, 0], "texture": "#missing"},
				"west": {"uv": [0, 0, 0.44834, 0], "texture": "#missing"},
				"up": {"uv": [0, 0, 16, 16], "rotation": 270, "texture": "#0"},
				"down": {"uv": [0, 0, 0.44834, 0.85239], "texture": "#missing"}
			}
		}
	],
	"display": {
		"gui": {
			"rotation": [90, -90, 0],
			"translation": [0, 13, 0],
			"scale": [1.63, 1, 1]
		},
		"fixed": {
			"rotation": [0, 90, -90],
			"translation": [-0.5, 1.75, -7.75],
			"scale": [2.5, 1, 3]
		}
	}
}