{
    "sources": [
        {
            "type": "single",
            "resource": "minecraft:gui/custom/crosshair/crossbow"
        },
        {
            "type": "single",
            "resource": "minecraft:gui/custom/crosshair/lmg"
        },
        {
            "type": "single",
            "resource": "minecraft:gui/custom/smg"
        },
        {
            "type": "single",
            "resource": "minecraft:gui/custom/crosshair/pistol"
        },
        {
            "type": "single",
            "resource": "minecraft:gui/custom/crosshair/shotgun"
        },
        {
            "type": "single",
            "resource": "minecraft:gui/custom/crosshair/smg"
        },
        {
            "type": "single",
            "resource": "minecraft:guns/satchel"
        },
        {
            "type": "single",
            "resource": "minecraft:guns/ak47"
        },
        {
            "type": "single",
            "resource": "minecraft:guns/awp"
        },
        {
            "type": "single",
            "resource": "minecraft:guns/famas"
        },
        {
            "type": "single",
            "resource": "minecraft:guns/fnfal"
        },
        {
            "type": "single",
            "resource": "minecraft:guns/glock"
        },
        {
            "type": "single",
            "resource": "minecraft:guns/m14"
        },
        {
            "type": "single",
            "resource": "minecraft:guns/m1911"
        },
        {
            "type": "single",
            "resource": "minecraft:guns/m4a1"
        },
        {
            "type": "single",
            "resource": "minecraft:guns/mac10"
        },
        {
            "type": "single",
            "resource": "minecraft:guns/mosin"
        },
        {
            "type": "single",
            "resource": "minecraft:guns/scarh"
        },
        {
            "type": "single",
            "resource": "minecraft:guns/sks"
        },
        {
            "type": "single",
            "resource": "minecraft:guns/ump45"
        },
        {
            "type": "single",
            "resource": "minecraft:guns/vss"
        },
        {
            "type": "single",
            "resource": "modelengine:entity/awakened_shrub"
        },
        {
            "type": "single",
            "resource": "modelengine:entity/bug_swarm"
        },
        {
            "type": "single",
            "resource": "modelengine:entity/explosive_seed"
        },
        {
            "type": "single",
            "resource": "modelengine:entity/ghoul_texture"
        },
        {
            "type": "single",
            "resource": "modelengine:entity/mutant_flower"
        },
        {
            "type": "single",
            "resource": "modelengine:entity/nightharrow_wendigo_texture"
        },
        {
            "type": "single",
            "resource": "modelengine:entity/nightharrow_wendigo_ghost_texture"
        },
        {
            "type": "single",
            "resource": "modelengine:entity/specter_texture"
        },
        {
            "type": "single",
            "resource": "modelengine:entity/thorn_spitter"
        },
        {
            "type": "single",
            "resource": "modelengine:entity/vine_guardian"
        },
        {
            "type": "single",
            "resource": "modelengine:entity/vine_root"
        },
        {
            "type": "single",
            "resource": "minecraft:item/custom"
        },
        {
            "type": "single",
            "resource": "modelengine:entity/zombie_brute_texture"
        }
    ]
}