{"textures":{"0":"modelengine:entity/explosive_seed","particle":"#0"},"elements":[{"from":[3.5,4.0,3.5],"to":[12.5,12.0,12.5],"faces":{"east":{"uv":[6.0,7.25,8.25,9.25],"tintindex":0,"rotation":0,"texture":"#0"},"south":{"uv":[6.0,5.0,8.25,7.0],"tintindex":0,"rotation":0,"texture":"#0"},"north":{"uv":[6.0,5.0,8.25,7.0],"tintindex":0,"rotation":0,"texture":"#0"},"west":{"uv":[8.5,0.0,10.75,2.0],"tintindex":0,"rotation":0,"texture":"#0"},"up":{"uv":[8.25,2.25,6.0,0.0],"tintindex":0,"rotation":0,"texture":"#0"},"down":{"uv":[8.25,2.5,6.0,4.75],"tintindex":0,"rotation":0,"texture":"#0"}}}],"display":{"head":{"rotation":[0.0,0.0,0.0]},"firstperson_righthand":{"rotation":[0.0,0.0,0.0]},"thirdperson_lefthand":{"rotation":[0.0,-0.0,-0.0]},"firstperson_lefthand":{"rotation":[0.0,-0.0,-0.0]},"fixed":{"rotation":[0.0,0.0,0.0]},"ground":{"rotation":[0.0,0.0,0.0]},"thirdperson_righthand":{"rotation":[0.0,0.0,0.0]},"gui":{"rotation":[-150.0,-45.0,180.0]}}}