{
  "textures" : {
    "M14" : "guns/m14"
  },
  "credit" : "Designed by Nightshade73 with Cubik Studio - https://cubik.studio",
  "elements" : [ {
    "from" : [ 7.625, 8.25, 8.875 ],
    "to" : [ 8.5, 8.625, 11.625 ],
    "faces" : {
      "north" : {
        "uv" : [ 15.75, 15.25, 14.875, 15.625 ],
        "texture" : "#M14"
      },
      "east" : {
        "uv" : [ 9.625, 15.25, 6.875, 15.625 ],
        "texture" : "#M14"
      },
      "south" : {
        "uv" : [ 15.125, 14.875, 16, 15.25 ],
        "texture" : "#M14"
      },
      "west" : {
        "uv" : [ 13.25, 15.625, 16, 16 ],
        "texture" : "#M14"
      },
      "up" : {
        "uv" : [ 0, 13.25, 0.875, 10.5 ],
        "texture" : "#M14"
      },
      "down" : {
        "uv" : [ 0, 13.25, 0.875, 16 ],
        "texture" : "#M14"
      }
    }
  }, {
    "from" : [ 7.625, 8.375, 6.875 ],
    "to" : [ 8.5, 8.75, 8.75 ],
    "faces" : {
      "north" : {
        "uv" : [ 16, 13.25, 15.125, 13.625 ],
        "texture" : "#M14"
      },
      "east" : {
        "uv" : [ 12.375, 14.875, 10.5, 15.25 ],
        "texture" : "#M14"
      },
      "south" : {
        "uv" : [ 10.875, 12.375, 11.75, 12.75 ],
        "texture" : "#M14"
      },
      "west" : {
        "uv" : [ 8.625, 14.875, 10.5, 15.25 ],
        "texture" : "#M14"
      },
      "up" : {
        "uv" : [ 4.375, 16, 5.25, 14.125 ],
        "texture" : "#M14"
      },
      "down" : {
        "uv" : [ 0, 8.625, 0.875, 10.5 ],
        "texture" : "#M14"
      }
    }
  }, {
    "from" : [ 7.625, 8.375, 8.75 ],
    "to" : [ 8.5, 8.625, 8.875 ],
    "faces" : {
      "east" : {
        "uv" : [ 11.75, 10.75, 11.625, 11 ],
        "texture" : "#M14"
      },
      "west" : {
        "uv" : [ 11.5, 8.125, 11.625, 8.375 ],
        "texture" : "#M14"
      },
      "up" : {
        "uv" : [ 15, 10.75, 15.875, 10.625 ],
        "texture" : "#M14"
      },
      "down" : {
        "uv" : [ 14.125, 10.5, 15, 10.625 ],
        "texture" : "#M14"
      }
    }
  }, {
    "from" : [ 7.625, 8.5, 4.125 ],
    "to" : [ 8.5, 8.875, 6.75 ],
    "faces" : {
      "north" : {
        "uv" : [ 15.25, 12.375, 14.375, 12.75 ],
        "texture" : "#M14"
      },
      "east" : {
        "uv" : [ 14.875, 15.25, 12.25, 15.625 ],
        "texture" : "#M14"
      },
      "south" : {
        "uv" : [ 10.875, 11.25, 11.75, 11.625 ],
        "texture" : "#M14"
      },
      "west" : {
        "uv" : [ 9.625, 15.25, 12.25, 15.625 ],
        "texture" : "#M14"
      },
      "up" : {
        "uv" : [ 0.875, 13.375, 1.75, 10.75 ],
        "texture" : "#M14"
      },
      "down" : {
        "uv" : [ 0.875, 13.375, 1.75, 16 ],
        "texture" : "#M14"
      }
    }
  }, {
    "from" : [ 7.625, 8.5, 6.75 ],
    "to" : [ 8.5, 8.75, 6.875 ],
    "faces" : {
      "east" : {
        "uv" : [ 9.875, 10.625, 9.75, 10.875 ],
        "texture" : "#M14"
      },
      "west" : {
        "uv" : [ 11.5, 10.75, 11.625, 11 ],
        "texture" : "#M14"
      },
      "up" : {
        "uv" : [ 15.125, 10.875, 16, 10.75 ],
        "texture" : "#M14"
      },
      "down" : {
        "uv" : [ 14.125, 10.625, 15, 10.75 ],
        "texture" : "#M14"
      }
    }
  }, {
    "from" : [ 7.625, 8.75, 8.875 ],
    "to" : [ 8.5, 9, 9.25 ],
    "faces" : {
      "north" : {
        "uv" : [ 15.125, 11.125, 14.25, 11.375 ],
        "texture" : "#M14"
      },
      "east" : {
        "uv" : [ 13.875, 10.25, 13.5, 10.5 ],
        "texture" : "#M14"
      },
      "south" : {
        "uv" : [ 13.375, 11.125, 14.25, 11.375 ],
        "texture" : "#M14"
      },
      "west" : {
        "uv" : [ 13.125, 10.25, 13.5, 10.5 ],
        "texture" : "#M14"
      },
      "up" : {
        "uv" : [ 10.875, 12, 11.75, 11.625 ],
        "texture" : "#M14"
      },
      "down" : {
        "uv" : [ 10.875, 12, 11.75, 12.375 ],
        "texture" : "#M14"
      }
    }
  }, {
    "from" : [ 7.75, 6.625, 15.375 ],
    "to" : [ 8.375, 8.5, 16 ],
    "faces" : {
      "north" : {
        "uv" : [ 6.5, 10, 5.875, 11.875 ],
        "texture" : "#M14"
      },
      "east" : {
        "uv" : [ 6.5, 8.125, 5.875, 10 ],
        "texture" : "#M14"
      },
      "south" : {
        "uv" : [ 5.875, 11.875, 6.5, 13.75 ],
        "texture" : "#M14",
        "cullface" : "south"
      },
      "west" : {
        "uv" : [ 5.875, 13.75, 6.5, 15.625 ],
        "texture" : "#M14"
      },
      "up" : {
        "uv" : [ 14.875, 14.375, 15.5, 13.75 ],
        "texture" : "#M14"
      },
      "down" : {
        "uv" : [ 10.875, 13, 11.5, 13.625 ],
        "texture" : "#M14"
      }
    }
  }, {
    "from" : [ 7.75, 6.75, 15 ],
    "to" : [ 8.375, 8.25, 15.375 ],
    "faces" : {
      "north" : {
        "uv" : [ 5.875, 8.125, 5.25, 9.625 ],
        "texture" : "#M14"
      },
      "east" : {
        "uv" : [ 6.875, 8.375, 6.5, 9.875 ],
        "texture" : "#M14"
      },
      "west" : {
        "uv" : [ 8.25, 11.75, 8.625, 13.25 ],
        "texture" : "#M14"
      },
      "up" : {
        "uv" : [ 15.375, 12.375, 16, 12 ],
        "texture" : "#M14"
      },
      "down" : {
        "uv" : [ 9.875, 8, 10.5, 8.375 ],
        "texture" : "#M14"
      }
    }
  }, {
    "from" : [ 7.75, 6.875, 14.75 ],
    "to" : [ 8.375, 8.25, 15 ],
    "faces" : {
      "north" : {
        "uv" : [ 8.25, 13.875, 7.625, 15.25 ],
        "texture" : "#M14"
      },
      "east" : {
        "uv" : [ 1.75, 8, 1.5, 9.375 ],
        "texture" : "#M14"
      },
      "west" : {
        "uv" : [ 1.5, 9.375, 1.75, 10.75 ],
        "texture" : "#M14"
      },
      "up" : {
        "uv" : [ 15.25, 11.75, 15.875, 11.5 ],
        "texture" : "#M14"
      },
      "down" : {
        "uv" : [ 12.5, 9.125, 13.125, 9.375 ],
        "texture" : "#M14"
      }
    }
  }, {
    "from" : [ 7.75, 7, 14.25 ],
    "to" : [ 8.375, 8.25, 14.75 ],
    "faces" : {
      "north" : {
        "uv" : [ 8.25, 11.25, 7.625, 12.5 ],
        "texture" : "#M14"
      },
      "east" : {
        "uv" : [ 9.75, 10.125, 9.25, 11.375 ],
        "texture" : "#M14"
      },
      "west" : {
        "uv" : [ 9.25, 11.375, 9.75, 12.625 ],
        "texture" : "#M14"
      },
      "up" : {
        "uv" : [ 11.75, 12.375, 12.375, 11.875 ],
        "texture" : "#M14"
      },
      "down" : {
        "uv" : [ 10.875, 10.75, 11.5, 11.25 ],
        "texture" : "#M14"
      }
    }
  }, {
    "from" : [ 7.75, 7.125, 13.875 ],
    "to" : [ 8.375, 8.25, 14.25 ],
    "faces" : {
      "north" : {
        "uv" : [ 9.25, 12.625, 8.625, 13.75 ],
        "texture" : "#M14"
      },
      "east" : {
        "uv" : [ 10.875, 12.5, 10.5, 13.625 ],
        "texture" : "#M14"
      },
      "west" : {
        "uv" : [ 9.875, 9, 10.25, 10.125 ],
        "texture" : "#M14"
      },
      "up" : {
        "uv" : [ 13.375, 11.75, 14, 11.375 ],
        "texture" : "#M14"
      },
      "down" : {
        "uv" : [ 14, 11.375, 14.625, 11.75 ],
        "texture" : "#M14"
      }
    }
  }, {
    "from" : [ 7.75, 7.25, 12.375 ],
    "to" : [ 8.375, 8.25, 13 ],
    "faces" : {
      "north" : {
        "uv" : [ 9.25, 9.375, 8.625, 10.375 ],
        "texture" : "#M14"
      },
      "east" : {
        "uv" : [ 9.25, 8.375, 8.625, 9.375 ],
        "texture" : "#M14"
      },
      "south" : {
        "uv" : [ 9.25, 12.625, 9.875, 13.625 ],
        "texture" : "#M14"
      },
      "west" : {
        "uv" : [ 9.25, 9.125, 9.875, 10.125 ],
        "texture" : "#M14"
      },
      "up" : {
        "uv" : [ 9.875, 9, 10.5, 8.375 ],
        "texture" : "#M14"
      },
      "down" : {
        "uv" : [ 6.875, 8, 7.5, 8.625 ],
        "texture" : "#M14"
      }
    }
  }, {
    "from" : [ 7.75, 7.25, 13.5 ],
    "to" : [ 8.375, 8.25, 13.875 ],
    "faces" : {
      "north" : {
        "uv" : [ 9.875, 13.625, 9.25, 14.625 ],
        "texture" : "#M14"
      },
      "east" : {
        "uv" : [ 8.625, 8, 8.25, 9 ],
        "texture" : "#M14"
      },
      "west" : {
        "uv" : [ 10.5, 11.5, 10.875, 12.5 ],
        "texture" : "#M14"
      },
      "up" : {
        "uv" : [ 12.125, 11.75, 12.75, 11.375 ],
        "texture" : "#M14"
      },
      "down" : {
        "uv" : [ 12.75, 11.375, 13.375, 11.75 ],
        "texture" : "#M14"
      }
    }
  }, {
    "from" : [ 7.75, 7.375, 12.25 ],
    "to" : [ 8.375, 8.375, 12.375 ],
    "faces" : {
      "north" : {
        "uv" : [ 11.125, 13.625, 10.5, 14.625 ],
        "texture" : "#M14"
      },
      "east" : {
        "uv" : [ 5.25, 13.125, 5.125, 14.125 ],
        "texture" : "#M14"
      },
      "south" : {
        "uv" : [ 9.25, 8.125, 9.875, 9.125 ],
        "texture" : "#M14"
      },
      "west" : {
        "uv" : [ 5.125, 12.125, 5.25, 13.125 ],
        "texture" : "#M14"
      },
      "up" : {
        "uv" : [ 10.875, 8.125, 11.5, 8 ],
        "texture" : "#M14"
      },
      "down" : {
        "uv" : [ 14.125, 10.125, 14.75, 10.25 ],
        "texture" : "#M14"
      }
    }
  }, {
    "from" : [ 7.75, 7.375, 13 ],
    "to" : [ 8.375, 8.25, 13.5 ],
    "faces" : {
      "east" : {
        "uv" : [ 10.375, 11, 9.875, 11.875 ],
        "texture" : "#M14"
      },
      "west" : {
        "uv" : [ 9.875, 10.125, 10.375, 11 ],
        "texture" : "#M14"
      },
      "up" : {
        "uv" : [ 10.875, 9.625, 11.5, 9.125 ],
        "texture" : "#M14"
      },
      "down" : {
        "uv" : [ 10.875, 8.125, 11.5, 8.625 ],
        "texture" : "#M14"
      }
    }
  }, {
    "from" : [ 7.75, 7.625, 12.125 ],
    "to" : [ 8.375, 8.375, 12.25 ],
    "faces" : {
      "north" : {
        "uv" : [ 13.625, 13.625, 13, 14.375 ],
        "texture" : "#M14"
      },
      "east" : {
        "uv" : [ 7.625, 11.75, 7.5, 12.5 ],
        "texture" : "#M14"
      },
      "west" : {
        "uv" : [ 7.5, 11, 7.625, 11.75 ],
        "texture" : "#M14"
      },
      "up" : {
        "uv" : [ 4.375, 8.125, 5, 8 ],
        "texture" : "#M14"
      },
      "down" : {
        "uv" : [ 5.25, 8, 5.875, 8.125 ],
        "texture" : "#M14"
      }
    }
  }, {
    "from" : [ 7.75, 7.75, 11.875 ],
    "to" : [ 8.375, 8.5, 12.125 ],
    "faces" : {
      "north" : {
        "uv" : [ 11.75, 13.625, 11.125, 14.375 ],
        "texture" : "#M14"
      },
      "east" : {
        "uv" : [ 8.25, 8.5, 8, 9.25 ],
        "texture" : "#M14"
      },
      "south" : {
        "uv" : [ 11.75, 13.625, 12.375, 14.375 ],
        "texture" : "#M14"
      },
      "west" : {
        "uv" : [ 5, 9.375, 5.25, 10.125 ],
        "texture" : "#M14"
      },
      "up" : {
        "uv" : [ 13.375, 11.125, 14, 10.875 ],
        "texture" : "#M14"
      },
      "down" : {
        "uv" : [ 12.5, 9.875, 13.125, 10.125 ],
        "texture" : "#M14"
      }
    }
  }, {
    "from" : [ 7.75, 7.875, 11.625 ],
    "to" : [ 8.375, 8.625, 11.875 ],
    "faces" : {
      "north" : {
        "uv" : [ 14.875, 13.625, 14.25, 14.375 ],
        "texture" : "#M14"
      },
      "east" : {
        "uv" : [ 8.25, 9.25, 8, 10 ],
        "texture" : "#M14"
      },
      "south" : {
        "uv" : [ 12.375, 13.625, 13, 14.375 ],
        "texture" : "#M14"
      },
      "west" : {
        "uv" : [ 5, 8.625, 5.25, 9.375 ],
        "texture" : "#M14"
      },
      "up" : {
        "uv" : [ 14.625, 11.125, 15.25, 10.875 ],
        "texture" : "#M14"
      },
      "down" : {
        "uv" : [ 14, 10.875, 14.625, 11.125 ],
        "texture" : "#M14"
      }
    }
  }, {
    "from" : [ 7.75, 8, 8.875 ],
    "to" : [ 8.375, 8.25, 11.625 ],
    "faces" : {
      "north" : {
        "uv" : [ 15.875, 10.875, 15.25, 11.125 ],
        "texture" : "#M14"
      },
      "east" : {
        "uv" : [ 15.125, 15, 12.375, 15.25 ],
        "texture" : "#M14"
      },
      "west" : {
        "uv" : [ 9.25, 14.625, 12, 14.875 ],
        "texture" : "#M14"
      },
      "down" : {
        "uv" : [ 3.125, 13.25, 3.75, 16 ],
        "texture" : "#M14"
      }
    }
  }, {
    "from" : [ 7.75, 8.25, 6.875 ],
    "to" : [ 8.375, 8.375, 8.875 ],
    "faces" : {
      "north" : {
        "uv" : [ 14.125, 10, 13.5, 10.125 ],
        "texture" : "#M14"
      },
      "east" : {
        "uv" : [ 14.375, 11.875, 12.375, 12 ],
        "texture" : "#M14"
      },
      "west" : {
        "uv" : [ 12.375, 12, 14.375, 12.125 ],
        "texture" : "#M14"
      },
      "up" : {
        "uv" : [ 4.375, 10.125, 5, 8.125 ],
        "texture" : "#M14"
      },
      "down" : {
        "uv" : [ 5.25, 11.625, 5.875, 13.625 ],
        "texture" : "#M14"
      }
    }
  }, {
    "from" : [ 7.75, 8.375, 4 ],
    "to" : [ 8.375, 9, 4.125 ],
    "faces" : {
      "north" : {
        "uv" : [ 0.625, 8, 0, 8.625 ],
        "texture" : "#M14"
      },
      "east" : {
        "uv" : [ 0.75, 8, 0.625, 8.625 ],
        "texture" : "#M14"
      },
      "south" : {
        "uv" : [ 11.5, 13, 12.125, 13.625 ],
        "texture" : "#M14"
      },
      "west" : {
        "uv" : [ 0.75, 8, 0.875, 8.625 ],
        "texture" : "#M14"
      },
      "up" : {
        "uv" : [ 14.25, 10.375, 14.875, 10.25 ],
        "texture" : "#M14"
      },
      "down" : {
        "uv" : [ 13.5, 10.125, 14.125, 10.25 ],
        "texture" : "#M14"
      }
    }
  }, {
    "from" : [ 7.75, 8.375, 4.125 ],
    "to" : [ 8.375, 8.5, 6.875 ],
    "faces" : {
      "east" : {
        "uv" : [ 15.125, 14.875, 12.375, 15 ],
        "texture" : "#M14"
      },
      "west" : {
        "uv" : [ 12.125, 13, 14.875, 13.125 ],
        "texture" : "#M14"
      },
      "up" : {
        "uv" : [ 3.75, 16, 4.375, 13.25 ],
        "texture" : "#M14"
      },
      "down" : {
        "uv" : [ 0.875, 8, 1.5, 10.75 ],
        "texture" : "#M14"
      }
    }
  }, {
    "from" : [ 7.75, 8.625, 8.75 ],
    "to" : [ 8.375, 9, 8.875 ],
    "faces" : {
      "north" : {
        "uv" : [ 15.875, 12.375, 15.25, 12.75 ],
        "texture" : "#M14"
      },
      "east" : {
        "uv" : [ 9.875, 12.25, 9.75, 12.625 ],
        "texture" : "#M14"
      },
      "south" : {
        "uv" : [ 14.75, 12, 15.375, 12.375 ],
        "texture" : "#M14"
      },
      "west" : {
        "uv" : [ 7.5, 8.25, 7.625, 8.625 ],
        "texture" : "#M14"
      },
      "up" : {
        "uv" : [ 14.875, 13.75, 15.5, 13.625 ],
        "texture" : "#M14"
      }
    }
  }, {
    "from" : [ 7.75, 8.625, 8.875 ],
    "to" : [ 8.375, 8.75, 11.625 ],
    "faces" : {
      "east" : {
        "uv" : [ 13.625, 12.875, 10.875, 13 ],
        "texture" : "#M14"
      },
      "south" : {
        "uv" : [ 3.125, 8, 3.75, 8.125 ],
        "texture" : "#M14"
      },
      "west" : {
        "uv" : [ 10.875, 12.75, 13.625, 12.875 ],
        "texture" : "#M14"
      },
      "up" : {
        "uv" : [ 3.125, 13.25, 3.75, 10.5 ],
        "texture" : "#M14"
      }
    }
  }, {
    "from" : [ 7.75, 8.75, 6.75 ],
    "to" : [ 8.375, 9, 8.75 ],
    "faces" : {
      "north" : {
        "uv" : [ 13.125, 9.625, 12.5, 9.875 ],
        "texture" : "#M14"
      },
      "east" : {
        "uv" : [ 16, 14.625, 14, 14.875 ],
        "texture" : "#M14"
      },
      "west" : {
        "uv" : [ 12, 14.625, 14, 14.875 ],
        "texture" : "#M14"
      },
      "up" : {
        "uv" : [ 5.25, 11.625, 5.875, 9.625 ],
        "texture" : "#M14"
      },
      "down" : {
        "uv" : [ 5.25, 13.625, 5.875, 15.625 ],
        "texture" : "#M14"
      }
    }
  }, {
    "from" : [ 7.75, 8.75, 9.25 ],
    "to" : [ 8.375, 8.875, 11.625 ],
    "faces" : {
      "east" : {
        "uv" : [ 16, 12.75, 13.625, 12.875 ],
        "texture" : "#M14"
      },
      "south" : {
        "uv" : [ 15.375, 10, 16, 10.125 ],
        "texture" : "#M14"
      },
      "west" : {
        "uv" : [ 13.625, 12.875, 16, 13 ],
        "texture" : "#M14"
      },
      "up" : {
        "uv" : [ 2.5, 10.5, 3.125, 8.125 ],
        "texture" : "#M14"
      }
    }
  }, {
    "from" : [ 7.75, 8.875, 4.125 ],
    "to" : [ 8.375, 9, 6.75 ],
    "faces" : {
      "east" : {
        "uv" : [ 14.375, 12.625, 11.75, 12.75 ],
        "texture" : "#M14"
      },
      "west" : {
        "uv" : [ 11.75, 12.5, 14.375, 12.625 ],
        "texture" : "#M14"
      },
      "up" : {
        "uv" : [ 3.75, 13.25, 4.375, 10.625 ],
        "texture" : "#M14"
      }
    }
  }, {
    "from" : [ 7.75, 8.875, 9.875 ],
    "to" : [ 8.375, 9, 11 ],
    "faces" : {
      "north" : {
        "uv" : [ 15.375, 9.875, 14.75, 10 ],
        "texture" : "#M14"
      },
      "east" : {
        "uv" : [ 16, 11.75, 14.875, 11.875 ],
        "texture" : "#M14"
      },
      "south" : {
        "uv" : [ 15.375, 9.875, 16, 10 ],
        "texture" : "#M14"
      },
      "west" : {
        "uv" : [ 13.75, 11.75, 14.875, 11.875 ],
        "texture" : "#M14"
      },
      "up" : {
        "uv" : [ 8.625, 11.5, 9.25, 10.375 ],
        "texture" : "#M14"
      }
    }
  }, {
    "from" : [ 7.75, 9, 8.875 ],
    "to" : [ 8.375, 9.125, 9.25 ],
    "faces" : {
      "north" : {
        "uv" : [ 16, 11.875, 15.375, 12 ],
        "texture" : "#M14"
      },
      "east" : {
        "uv" : [ 14.625, 9.625, 14.25, 9.75 ],
        "texture" : "#M14"
      },
      "south" : {
        "uv" : [ 15.25, 11.375, 15.875, 11.5 ],
        "texture" : "#M14"
      },
      "west" : {
        "uv" : [ 13.875, 8, 14.25, 8.125 ],
        "texture" : "#M14"
      },
      "up" : {
        "uv" : [ 8.625, 8.375, 9.25, 8 ],
        "texture" : "#M14"
      }
    }
  }, {
    "from" : [ 7.75, 9, 10.5 ],
    "to" : [ 8.375, 9.25, 11 ],
    "faces" : {
      "north" : {
        "uv" : [ 13.125, 10.625, 12.5, 10.875 ],
        "texture" : "#M14"
      },
      "east" : {
        "uv" : [ 13.625, 10.5, 13.125, 10.75 ],
        "texture" : "#M14"
      },
      "south" : {
        "uv" : [ 12.5, 10.375, 13.125, 10.625 ],
        "texture" : "#M14"
      },
      "west" : {
        "uv" : [ 13.625, 10.5, 14.125, 10.75 ],
        "texture" : "#M14"
      },
      "up" : {
        "uv" : [ 10.875, 10.125, 11.5, 9.625 ],
        "texture" : "#M14"
      }
    }
  }, {
    "from" : [ 7.75, 9.25, 10.75 ],
    "to" : [ 8, 9.375, 11 ],
    "faces" : {
      "north" : {
        "uv" : [ 15.125, 13, 14.875, 13.125 ],
        "texture" : "#M14"
      },
      "east" : {
        "uv" : [ 11.75, 11, 11.5, 11.125 ],
        "texture" : "#M14"
      },
      "south" : {
        "uv" : [ 10.25, 9, 10.5, 9.125 ],
        "texture" : "#M14"
      },
      "west" : {
        "uv" : [ 11.5, 8, 11.75, 8.125 ],
        "texture" : "#M14"
      },
      "up" : {
        "uv" : [ 5, 8.375, 5.25, 8.125 ],
        "texture" : "#M14"
      }
    }
  }, {
    "from" : [ 7.875, 6.625, 9.25 ],
    "to" : [ 8.25, 8, 10 ],
    "faces" : {
      "north" : {
        "uv" : [ 8.625, 10.375, 8.25, 11.75 ],
        "texture" : "#M14"
      },
      "east" : {
        "uv" : [ 7.625, 13.875, 6.875, 15.25 ],
        "texture" : "#M14"
      },
      "south" : {
        "uv" : [ 8.25, 9, 8.625, 10.375 ],
        "texture" : "#M14"
      },
      "west" : {
        "uv" : [ 6.875, 12.5, 7.625, 13.875 ],
        "texture" : "#M14"
      },
      "down" : {
        "uv" : [ 10.5, 10.75, 10.875, 11.5 ],
        "texture" : "#M14"
      }
    }
  }, {
    "from" : [ 7.875, 6.75, 8.75 ],
    "to" : [ 8.25, 7.375, 9.25 ],
    "faces" : {
      "north" : {
        "uv" : [ 10.875, 9.375, 10.5, 10 ],
        "texture" : "#M14"
      },
      "east" : {
        "uv" : [ 11.375, 10.125, 10.875, 10.75 ],
        "texture" : "#M14"
      },
      "west" : {
        "uv" : [ 15.5, 13.75, 16, 14.375 ],
        "texture" : "#M14"
      },
      "up" : {
        "uv" : [ 12.125, 10.125, 12.5, 9.625 ],
        "texture" : "#M14"
      },
      "down" : {
        "uv" : [ 12.125, 9.125, 12.5, 9.625 ],
        "texture" : "#M14"
      }
    }
  }, {
    "from" : [ 7.875, 7.375, 8.875 ],
    "to" : [ 8.25, 8, 9.25 ],
    "faces" : {
      "north" : {
        "uv" : [ 10.875, 8.125, 10.5, 8.75 ],
        "texture" : "#M14"
      },
      "east" : {
        "uv" : [ 12.125, 10.5, 11.75, 11.125 ],
        "texture" : "#M14"
      },
      "west" : {
        "uv" : [ 11.75, 11.125, 12.125, 11.75 ],
        "texture" : "#M14"
      }
    }
  }, {
    "from" : [ 7.875, 7.5, 10.875 ],
    "to" : [ 8.25, 7.625, 11.25 ],
    "faces" : {
      "north" : {
        "uv" : [ 14.625, 9.375, 14.25, 9.5 ],
        "texture" : "#M14"
      },
      "east" : {
        "uv" : [ 15.875, 10.25, 15.5, 10.375 ],
        "texture" : "#M14"
      },
      "south" : {
        "uv" : [ 15.5, 13.625, 15.875, 13.75 ],
        "texture" : "#M14"
      },
      "west" : {
        "uv" : [ 10.5, 8, 10.875, 8.125 ],
        "texture" : "#M14"
      },
      "up" : {
        "uv" : [ 6.5, 8.375, 6.875, 8 ],
        "texture" : "#M14"
      },
      "down" : {
        "uv" : [ 14.375, 11.875, 14.75, 12.25 ],
        "texture" : "#M14"
      }
    }
  }, {
    "from" : [ 7.875, 7.625, 10.75 ],
    "to" : [ 8.25, 7.75, 10.875 ],
    "faces" : {
      "north" : {
        "uv" : [ 13.875, 9.25, 13.5, 9.375 ],
        "texture" : "#M14"
      },
      "east" : {
        "uv" : [ 16, 14.375, 15.875, 14.5 ],
        "texture" : "#M14"
      },
      "south" : {
        "uv" : [ 13.5, 8.625, 13.875, 8.75 ],
        "texture" : "#M14"
      },
      "west" : {
        "uv" : [ 15.875, 11.625, 16, 11.75 ],
        "texture" : "#M14"
      },
      "up" : {
        "uv" : [ 13.5, 9.5, 13.875, 9.375 ],
        "texture" : "#M14"
      },
      "down" : {
        "uv" : [ 13.5, 9.75, 13.875, 9.875 ],
        "texture" : "#M14"
      }
    }
  }, {
    "from" : [ 7.875, 7.625, 11.25 ],
    "to" : [ 8.25, 7.75, 11.375 ],
    "faces" : {
      "north" : {
        "uv" : [ 13.875, 8, 13.5, 8.125 ],
        "texture" : "#M14"
      },
      "east" : {
        "uv" : [ 15.125, 13.125, 15, 13.25 ],
        "texture" : "#M14"
      },
      "south" : {
        "uv" : [ 15.375, 9.75, 15.75, 9.875 ],
        "texture" : "#M14"
      },
      "west" : {
        "uv" : [ 15, 13.25, 15.125, 13.375 ],
        "texture" : "#M14"
      },
      "up" : {
        "uv" : [ 13.5, 8.25, 13.875, 8.125 ],
        "texture" : "#M14"
      },
      "down" : {
        "uv" : [ 13.5, 8.5, 13.875, 8.625 ],
        "texture" : "#M14"
      }
    }
  }, {
    "from" : [ 7.875, 7.75, 10 ],
    "to" : [ 8.25, 8, 10.125 ],
    "faces" : {
      "east" : {
        "uv" : [ 9.875, 11.125, 9.75, 11.375 ],
        "texture" : "#M14"
      },
      "south" : {
        "uv" : [ 13.125, 9.25, 13.5, 9.5 ],
        "texture" : "#M14"
      },
      "west" : {
        "uv" : [ 7.5, 8, 7.625, 8.25 ],
        "texture" : "#M14"
      },
      "down" : {
        "uv" : [ 13.875, 9.625, 14.25, 9.75 ],
        "texture" : "#M14"
      }
    }
  }, {
    "from" : [ 7.875, 7.75, 10.625 ],
    "to" : [ 8.25, 8, 10.75 ],
    "faces" : {
      "north" : {
        "uv" : [ 13.5, 9, 13.125, 9.25 ],
        "texture" : "#M14"
      },
      "east" : {
        "uv" : [ 16, 12.5, 15.875, 12.75 ],
        "texture" : "#M14"
      },
      "south" : {
        "uv" : [ 13.125, 8.75, 13.5, 9 ],
        "texture" : "#M14"
      },
      "west" : {
        "uv" : [ 10.375, 10.25, 10.5, 10.5 ],
        "texture" : "#M14"
      },
      "down" : {
        "uv" : [ 15.375, 9.5, 15.75, 9.625 ],
        "texture" : "#M14"
      }
    }
  }, {
    "from" : [ 7.875, 7.75, 11.375 ],
    "to" : [ 8.25, 8, 11.5 ],
    "faces" : {
      "north" : {
        "uv" : [ 13.5, 8.25, 13.125, 8.5 ],
        "texture" : "#M14"
      },
      "east" : {
        "uv" : [ 11.75, 8.875, 11.625, 9.125 ],
        "texture" : "#M14"
      },
      "south" : {
        "uv" : [ 13.875, 10.25, 14.25, 10.5 ],
        "texture" : "#M14"
      },
      "west" : {
        "uv" : [ 11.5, 8.875, 11.625, 9.125 ],
        "texture" : "#M14"
      },
      "down" : {
        "uv" : [ 14.625, 9.625, 15, 9.75 ],
        "texture" : "#M14"
      }
    }
  }, {
    "from" : [ 7.875, 8.125, 6.875 ],
    "to" : [ 8.25, 8.25, 8.875 ],
    "faces" : {
      "north" : {
        "uv" : [ 16, 10.5, 15.625, 10.625 ],
        "texture" : "#M14"
      },
      "east" : {
        "uv" : [ 13.75, 11.75, 11.75, 11.875 ],
        "texture" : "#M14"
      },
      "west" : {
        "uv" : [ 12.375, 12.125, 14.375, 12.25 ],
        "texture" : "#M14"
      },
      "down" : {
        "uv" : [ 7.625, 8, 8, 10 ],
        "texture" : "#M14"
      }
    }
  }, {
    "from" : [ 7.875, 8.25, 4 ],
    "to" : [ 8.25, 8.375, 6.875 ],
    "faces" : {
      "north" : {
        "uv" : [ 13.875, 8.875, 13.5, 9 ],
        "texture" : "#M14"
      },
      "east" : {
        "uv" : [ 15, 13.125, 12.125, 13.25 ],
        "texture" : "#M14"
      },
      "west" : {
        "uv" : [ 12.125, 13.25, 15, 13.375 ],
        "texture" : "#M14"
      },
      "up" : {
        "uv" : [ 6.5, 12.75, 6.875, 9.875 ],
        "texture" : "#M14"
      },
      "down" : {
        "uv" : [ 6.5, 12.75, 6.875, 15.625 ],
        "texture" : "#M14"
      }
    }
  }, {
    "from" : [ 7.875, 8.25, 12.375 ],
    "to" : [ 8.25, 8.375, 15.375 ],
    "faces" : {
      "east" : {
        "uv" : [ 15.125, 13.375, 12.125, 13.5 ],
        "texture" : "#M14"
      },
      "west" : {
        "uv" : [ 12.125, 13.5, 15.125, 13.625 ],
        "texture" : "#M14"
      },
      "up" : {
        "uv" : [ 1.75, 11.25, 2.125, 8.25 ],
        "texture" : "#M14"
      },
      "down" : {
        "uv" : [ 2.125, 8.25, 2.5, 11.25 ],
        "texture" : "#M14"
      }
    }
  }, {
    "from" : [ 7.875, 8.375, 12.125 ],
    "to" : [ 8.25, 8.5, 12.375 ],
    "faces" : {
      "east" : {
        "uv" : [ 16, 15.25, 15.75, 15.375 ],
        "texture" : "#M14"
      },
      "south" : {
        "uv" : [ 13.875, 9, 14.25, 9.125 ],
        "texture" : "#M14"
      },
      "west" : {
        "uv" : [ 5, 8, 5.25, 8.125 ],
        "texture" : "#M14"
      },
      "up" : {
        "uv" : [ 13.125, 8.75, 13.5, 8.5 ],
        "texture" : "#M14"
      },
      "down" : {
        "uv" : [ 1.75, 8, 2.125, 8.25 ],
        "texture" : "#M14"
      }
    }
  }, {
    "from" : [ 7.875, 8.375, 13 ],
    "to" : [ 8.25, 8.5, 15.375 ],
    "faces" : {
      "north" : {
        "uv" : [ 14.25, 8.25, 13.875, 8.375 ],
        "texture" : "#M14"
      },
      "east" : {
        "uv" : [ 14.75, 12.25, 12.375, 12.375 ],
        "texture" : "#M14"
      },
      "west" : {
        "uv" : [ 11.75, 12.375, 14.125, 12.5 ],
        "texture" : "#M14"
      },
      "up" : {
        "uv" : [ 6.875, 11, 7.25, 8.625 ],
        "texture" : "#M14"
      }
    }
  }, {
    "from" : [ 7.875, 8.5, 11.875 ],
    "to" : [ 8.25, 8.625, 12.125 ],
    "faces" : {
      "east" : {
        "uv" : [ 11.75, 9.625, 11.5, 9.75 ],
        "texture" : "#M14"
      },
      "south" : {
        "uv" : [ 15, 9.5, 15.375, 9.625 ],
        "texture" : "#M14"
      },
      "west" : {
        "uv" : [ 11.5, 9.75, 11.75, 9.875 ],
        "texture" : "#M14"
      },
      "up" : {
        "uv" : [ 2.125, 8.25, 2.5, 8 ],
        "texture" : "#M14"
      }
    }
  }, {
    "from" : [ 7.875, 8.625, 0 ],
    "to" : [ 8.25, 9, 4 ],
    "faces" : {
      "north" : {
        "uv" : [ 12.5, 8, 12.125, 8.375 ],
        "texture" : "#M14",
        "cullface" : "north"
      },
      "east" : {
        "uv" : [ 9.25, 15.625, 5.25, 16 ],
        "texture" : "#M14"
      },
      "west" : {
        "uv" : [ 9.25, 15.625, 13.25, 16 ],
        "texture" : "#M14"
      },
      "up" : {
        "uv" : [ 4.375, 14.125, 4.75, 10.125 ],
        "texture" : "#M14"
      },
      "down" : {
        "uv" : [ 4.75, 10.125, 5.125, 14.125 ],
        "texture" : "#M14"
      }
    }
  }, {
    "from" : [ 7.875, 8.625, 11.625 ],
    "to" : [ 8.25, 8.75, 11.875 ],
    "faces" : {
      "east" : {
        "uv" : [ 10.5, 9.125, 10.25, 9.25 ],
        "texture" : "#M14"
      },
      "south" : {
        "uv" : [ 13.5, 9.5, 13.875, 9.625 ],
        "texture" : "#M14"
      },
      "west" : {
        "uv" : [ 10.25, 9.25, 10.5, 9.375 ],
        "texture" : "#M14"
      },
      "up" : {
        "uv" : [ 13.125, 10.25, 13.5, 10 ],
        "texture" : "#M14"
      }
    }
  }, {
    "from" : [ 7.875, 8.875, 9.25 ],
    "to" : [ 8.25, 9, 9.875 ],
    "faces" : {
      "east" : {
        "uv" : [ 14.875, 10.375, 14.25, 10.5 ],
        "texture" : "#M14"
      },
      "west" : {
        "uv" : [ 15, 10.5, 15.625, 10.625 ],
        "texture" : "#M14"
      },
      "up" : {
        "uv" : [ 11.75, 8.625, 12.125, 8 ],
        "texture" : "#M14"
      }
    }
  }, {
    "from" : [ 7.875, 8.875, 11 ],
    "to" : [ 8.25, 9, 11.625 ],
    "faces" : {
      "east" : {
        "uv" : [ 15.5, 10.25, 14.875, 10.375 ],
        "texture" : "#M14"
      },
      "south" : {
        "uv" : [ 13.5, 8.25, 13.875, 8.375 ],
        "texture" : "#M14"
      },
      "west" : {
        "uv" : [ 14.875, 10.375, 15.5, 10.5 ],
        "texture" : "#M14"
      },
      "up" : {
        "uv" : [ 11.75, 9.875, 12.125, 9.25 ],
        "texture" : "#M14"
      }
    }
  }, {
    "from" : [ 7.875, 9, 4 ],
    "to" : [ 8.25, 9.125, 8.75 ],
    "faces" : {
      "north" : {
        "uv" : [ 15, 9.75, 14.625, 9.875 ],
        "texture" : "#M14"
      },
      "east" : {
        "uv" : [ 15.875, 14.5, 11.125, 14.625 ],
        "texture" : "#M14"
      },
      "south" : {
        "uv" : [ 15, 9.75, 15.375, 9.875 ],
        "texture" : "#M14"
      },
      "west" : {
        "uv" : [ 11.125, 14.375, 15.875, 14.5 ],
        "texture" : "#M14"
      },
      "up" : {
        "uv" : [ 2.125, 16, 2.5, 11.25 ],
        "texture" : "#M14"
      },
      "down" : {
        "uv" : [ 1.75, 11.25, 2.125, 16 ],
        "texture" : "#M14"
      }
    }
  }, {
    "from" : [ 7.875, 9, 9.875 ],
    "to" : [ 8.25, 9.125, 10.5 ],
    "faces" : {
      "north" : {
        "uv" : [ 14.25, 9.375, 13.875, 9.5 ],
        "texture" : "#M14"
      },
      "east" : {
        "uv" : [ 15.375, 10, 14.75, 10.125 ],
        "texture" : "#M14"
      },
      "west" : {
        "uv" : [ 14.125, 10, 14.75, 10.125 ],
        "texture" : "#M14"
      },
      "up" : {
        "uv" : [ 11.75, 10.5, 12.125, 9.875 ],
        "texture" : "#M14"
      }
    }
  }, {
    "from" : [ 7.875, 9.125, 10.125 ],
    "to" : [ 8.25, 9.25, 10.5 ],
    "faces" : {
      "north" : {
        "uv" : [ 14.25, 8.75, 13.875, 8.875 ],
        "texture" : "#M14"
      },
      "east" : {
        "uv" : [ 14.25, 8.375, 13.875, 8.5 ],
        "texture" : "#M14"
      },
      "west" : {
        "uv" : [ 13.875, 8.5, 14.25, 8.625 ],
        "texture" : "#M14"
      },
      "up" : {
        "uv" : [ 12.5, 8.375, 12.875, 8 ],
        "texture" : "#M14"
      }
    }
  }, {
    "from" : [ 8, 7.75, 11.125 ],
    "to" : [ 8.125, 8, 11.25 ],
    "faces" : {
      "north" : {
        "uv" : [ 9.875, 10.375, 9.75, 10.625 ],
        "texture" : "#M14"
      },
      "east" : {
        "uv" : [ 10.5, 11.625, 10.375, 11.875 ],
        "texture" : "#M14"
      },
      "south" : {
        "uv" : [ 9.75, 10.125, 9.875, 10.375 ],
        "texture" : "#M14"
      },
      "west" : {
        "uv" : [ 9.75, 10.875, 9.875, 11.125 ],
        "texture" : "#M14"
      },
      "down" : {
        "uv" : [ 9.75, 11.375, 9.875, 11.5 ],
        "texture" : "#M14"
      }
    }
  }, {
    "from" : [ 8, 8.375, 2.75 ],
    "to" : [ 8.125, 8.625, 3 ],
    "faces" : {
      "north" : {
        "uv" : [ 10.5, 10.75, 10.375, 11 ],
        "texture" : "#M14"
      },
      "east" : {
        "uv" : [ 8.25, 8.25, 8, 8.5 ],
        "texture" : "#M14"
      },
      "south" : {
        "uv" : [ 10.375, 10.5, 10.5, 10.75 ],
        "texture" : "#M14"
      },
      "west" : {
        "uv" : [ 15.75, 15.375, 16, 15.625 ],
        "texture" : "#M14"
      },
      "down" : {
        "uv" : [ 10.375, 11.375, 10.5, 11.625 ],
        "texture" : "#M14"
      }
    }
  }, {
    "from" : [ 8, 8.375, 3 ],
    "to" : [ 8.125, 8.5, 4 ],
    "faces" : {
      "east" : {
        "uv" : [ 14.125, 10.75, 13.125, 10.875 ],
        "texture" : "#M14"
      },
      "west" : {
        "uv" : [ 14.125, 10.75, 15.125, 10.875 ],
        "texture" : "#M14"
      },
      "up" : {
        "uv" : [ 5.125, 11.125, 5.25, 10.125 ],
        "texture" : "#M14"
      },
      "down" : {
        "uv" : [ 5.125, 11.125, 5.25, 12.125 ],
        "texture" : "#M14"
      }
    }
  }, {
    "from" : [ 8, 8.5, 3.75 ],
    "to" : [ 8.125, 8.625, 4 ],
    "faces" : {
      "north" : {
        "uv" : [ 11.75, 8.125, 11.625, 8.25 ],
        "texture" : "#M14"
      },
      "east" : {
        "uv" : [ 11.75, 9.125, 11.5, 9.25 ],
        "texture" : "#M14"
      },
      "west" : {
        "uv" : [ 11.5, 9.25, 11.75, 9.375 ],
        "texture" : "#M14"
      }
    }
  }, {
    "from" : [ 8, 9, 1 ],
    "to" : [ 8.125, 9.125, 1.375 ],
    "faces" : {
      "north" : {
        "uv" : [ 16, 12.375, 15.875, 12.5 ],
        "texture" : "#M14"
      },
      "east" : {
        "uv" : [ 14.625, 9.5, 14.25, 9.625 ],
        "texture" : "#M14"
      },
      "south" : {
        "uv" : [ 11.625, 8.25, 11.75, 8.375 ],
        "texture" : "#M14"
      },
      "west" : {
        "uv" : [ 15.375, 9.625, 15.75, 9.75 ],
        "texture" : "#M14"
      },
      "up" : {
        "uv" : [ 9.75, 11.875, 9.875, 11.5 ],
        "texture" : "#M14"
      }
    }
  }, {
    "from" : [ 8, 9.125, 1.125 ],
    "to" : [ 8.125, 9.375, 1.25 ],
    "faces" : {
      "north" : {
        "uv" : [ 11.625, 8.625, 11.5, 8.875 ],
        "texture" : "#M14"
      },
      "east" : {
        "uv" : [ 11.75, 8.375, 11.625, 8.625 ],
        "texture" : "#M14"
      },
      "south" : {
        "uv" : [ 11.625, 8.625, 11.75, 8.875 ],
        "texture" : "#M14"
      },
      "west" : {
        "uv" : [ 11.5, 8.375, 11.625, 8.625 ],
        "texture" : "#M14"
      },
      "up" : {
        "uv" : [ 10.375, 10.25, 10.5, 10.125 ],
        "texture" : "#M14"
      }
    }
  }, {
    "from" : [ 8.125, 9.25, 10.75 ],
    "to" : [ 8.375, 9.375, 11 ],
    "faces" : {
      "north" : {
        "uv" : [ 13.125, 9, 12.875, 9.125 ],
        "texture" : "#M14"
      },
      "east" : {
        "uv" : [ 13.125, 8.625, 12.875, 8.75 ],
        "texture" : "#M14"
      },
      "south" : {
        "uv" : [ 12.875, 8.875, 13.125, 9 ],
        "texture" : "#M14"
      },
      "west" : {
        "uv" : [ 12.875, 8.75, 13.125, 8.875 ],
        "texture" : "#M14"
      },
      "up" : {
        "uv" : [ 10.25, 10.125, 10.5, 9.875 ],
        "texture" : "#M14"
      }
    }
  }, {
    "from" : [ 8.5, 8.75, 9 ],
    "to" : [ 8.75, 9, 9.125 ],
    "faces" : {
      "north" : {
        "uv" : [ 10.5, 9.625, 10.25, 9.875 ],
        "texture" : "#M14"
      },
      "east" : {
        "uv" : [ 11.75, 9.875, 11.625, 10.125 ],
        "texture" : "#M14"
      },
      "south" : {
        "uv" : [ 10.25, 9.375, 10.5, 9.625 ],
        "texture" : "#M14"
      },
      "up" : {
        "uv" : [ 11.5, 11.25, 11.75, 11.125 ],
        "texture" : "#M14"
      },
      "down" : {
        "uv" : [ 14.125, 12.375, 14.375, 12.5 ],
        "texture" : "#M14"
      }
    }
  } ],
  "display" : {
    "thirdperson_righthand" : {
      "translation" : [ 0, 0.2, -3.6 ],
      "scale" : [ 1.3, 1.3, 1.3 ]
    },
    "thirdperson_lefthand" : {
      "translation" : [ 0, 0.2, -3.6 ],
      "scale" : [ 1.3, 1.3, 1.3 ]
    },
    "firstperson_righthand" : {
      "translation" : [ -4.6, 5.3, 2.391 ],
      "scale" : [ 1.3, 1.3, 1.3 ],
      "rotation" : [ -4, -5, 0 ]
    },
    "firstperson_lefthand" : {
      "translation" : [ -4.6, 5.3, 2.391 ],
      "scale" : [ 1.3, 1.3, 1.3 ],
      "rotation" : [ -4, -5, 0 ]
    },
    "ground" : {
      "scale" : [ 2, 2, 2 ]
    },
    "gui" : {
      "scale" : [ 0, 1.25, 1.25 ],
      "rotation" : [ 90, 45, -90 ]
    },
    "head" : {
      "translation" : [ 0, 6.7, 0 ],
      "scale" : [ 2, 2, 2 ],
      "rotation" : [ 0, 0, 90 ]
    },
    "fixed" : {
      "scale" : [ 1.25, 1.25, 1.25 ],
      "rotation" : [ 0, 90, 0 ]
    }
  }
}
