{
  "textures": {
    "0": "modelengine:entity/nightharrow_wendigo_texture"
  },
  "elements": [
    {
      "from": [
        5.6218586,
        -7.723343,
        4.778742
      ],
      "to": [
        10.621859,
        5.276657,
        11.778742
      ],
      "faces": {
        "east": {
          "uv": [
            1.5,
            5,
            1.9375,
            5.8125
          ],
          "tintindex": 0,
          "rotation": 0,
          "texture": "#0"
        },
        "south": {
          "uv": [
            2.5,
            5.9375,
            2.8125,
            6.75
          ],
          "tintindex": 0,
          "rotation": 0,
          "texture": "#0"
        },
        "north": {
          "uv": [
            5.875,
            3.5,
            6.1875,
            4.3125
          ],
          "tintindex": 0,
          "rotation": 0,
          "texture": "#0"
        },
        "west": {
          "uv": [
            5.125,
            2.625,
            5.5625,
            3.4375
          ],
          "tintindex": 0,
          "rotation": 0,
          "texture": "#0"
        },
        "up": {
          "uv": [
            0.875,
            5.1875,
            0.5625,
            4.75
          ],
          "tintindex": 0,
          "rotation": 0,
          "texture": "#0"
        },
        "down": {
          "uv": [
            2.4375,
            7.3125,
            2.125,
            7.75
          ],
          "tintindex": 0,
          "rotation": 0,
          "texture": "#0"
        }
      }
    },
    {
      "from": [
        6.1218586,
        -9.723343,
        5.278742
      ],
      "to": [
        10.121859,
        8.276657,
        11.278742
      ],
      "faces": {
        "east": {
          "uv": [
            4,
            0,
            4.375,
            1.125
          ],
          "tintindex": 0,
          "rotation": 0,
          "texture": "#0"
        },
        "south": {
          "uv": [
            1.125,
            5.3125,
            1.375,
            6.4375
          ],
          "tintindex": 0,
          "rotation": 0,
          "texture": "#0"
        },
        "north": {
          "uv": [
            1.125,
            5.3125,
            1.375,
            6.4375
          ],
          "tintindex": 0,
          "rotation": 0,
          "texture": "#0"
        },
        "west": {
          "uv": [
            4,
            0,
            4.375,
            1.125
          ],
          "tintindex": 0,
          "rotation": 0,
          "texture": "#0"
        },
        "up": {
          "uv": [
            5.1875,
            8.0625,
            4.9375,
            7.6875
          ],
          "tintindex": 0,
          "rotation": 0,
          "texture": "#0"
        },
        "down": {
          "uv": [
            5.1875,
            8.0625,
            4.9375,
            7.6875
          ],
          "tintindex": 0,
          "rotation": 0,
          "texture": "#0"
        }
      }
    },
    {
      "from": [
        -0.64590836,
        -7.723343,
        6.546509
      ],
      "to": [
        6.3540916,
        5.276657,
        6.546509
      ],
      "faces": {
        "south": {
          "uv": [
            4.375,
            5.125,
            3.9375,
            5.9375
          ],
          "tintindex": 0,
          "rotation": 0,
          "texture": "#0"
        },
        "north": {
          "uv": [
            3.9375,
            5.125,
            4.375,
            5.9375
          ],
          "tintindex": 0,
          "rotation": 0,
          "texture": "#0"
        }
      },
      "rotation": {
        "origin": [
          3.8540916,
          -2.723343,
          6.546509
        ],
        "angle": 45,
        "axis": "y"
      }
    }
  ],
  "display": {
    "gui": {
      "rotation": [
        30,
        225,
        0
      ]
    }
  }
}