{
  "textures": {
    "0": "modelengine:entity/nightharrow_wendigo_texture"
  },
  "elements": [
    {
      "from": [
        5.1849,
        7.7560234,
        -1.2854223
      ],
      "to": [
        11.1098995,
        10.756023,
        3.7145777
      ],
      "faces": {
        "east": {
          "uv": [
            3.1875,
            8.375,
            3.5,
            8.5625
          ],
          "tintindex": 0,
          "rotation": 0,
          "texture": "#0"
        },
        "south": {
          "uv": [
            8,
            0.875,
            8.375,
            1.0625
          ],
          "tintindex": 0,
          "rotation": 0,
          "texture": "#0"
        },
        "north": {
          "uv": [
            8,
            1.75,
            8.375,
            1.9375
          ],
          "tintindex": 0,
          "rotation": 0,
          "texture": "#0"
        },
        "west": {
          "uv": [
            8.375,
            3.5,
            8.6875,
            3.6875
          ],
          "tintindex": 0,
          "rotation": 0,
          "texture": "#0"
        },
        "up": {
          "uv": [
            7.875,
            7.6875,
            7.5625,
            7.3125
          ],
          "tintindex": 0,
          "rotation": 90,
          "texture": "#0"
        },
        "down": {
          "uv": [
            7.9375,
            2.25,
            7.625,
            1.875
          ],
          "tintindex": 0,
          "rotation": 270,
          "texture": "#0"
        }
      }
    },
    {
      "from": [
        11.0849,
        4.7560234,
        -1.2854223
      ],
      "to": [
        11.0849,
        7.7560234,
        3.7145777
      ],
      "faces": {
        "east": {
          "uv": [
            8.4375,
            2.5625,
            8.75,
            2.75
          ],
          "tintindex": 0,
          "rotation": 0,
          "texture": "#0"
        },
        "west": {
          "uv": [
            8.75,
            2.5625,
            8.4375,
            2.75
          ],
          "tintindex": 0,
          "rotation": 0,
          "texture": "#0"
        }
      }
    },
    {
      "from": [
        5.1849,
        4.8248253,
        -2.3985434
      ],
      "to": [
        5.1849,
        7.8248253,
        2.6014566
      ],
      "faces": {
        "east": {
          "uv": [
            1.3125,
            8.4375,
            1.625,
            8.625
          ],
          "tintindex": 0,
          "rotation": 0,
          "texture": "#0"
        },
        "west": {
          "uv": [
            1.625,
            8.4375,
            1.3125,
            8.625
          ],
          "tintindex": 0,
          "rotation": 0,
          "texture": "#0"
        }
      },
      "rotation": {
        "origin": [
          8.1474,
          8.410316,
          -0.14007664
        ],
        "angle": -45,
        "axis": "x"
      }
    },
    {
      "from": [
        5.1849,
        2.8248253,
        -2.3985434
      ],
      "to": [
        11.1098995,
        4.8248253,
        2.6014566
      ],
      "faces": {
        "east": {
          "uv": [
            7.9375,
            8.875,
            8.25,
            9
          ],
          "tintindex": 0,
          "rotation": 0,
          "texture": "#0"
        },
        "south": {
          "uv": [
            5.125,
            3.5,
            5.5,
            3.625
          ],
          "tintindex": 0,
          "rotation": 0,
          "texture": "#0"
        },
        "north": {
          "uv": [
            8.5,
            6.625,
            8.875,
            6.75
          ],
          "tintindex": 0,
          "rotation": 0,
          "texture": "#0"
        },
        "west": {
          "uv": [
            8.6875,
            8.875,
            9,
            9
          ],
          "tintindex": 0,
          "rotation": 0,
          "texture": "#0"
        },
        "up": {
          "uv": [
            7.9375,
            2.25,
            7.625,
            1.875
          ],
          "tintindex": 0,
          "rotation": 90,
          "texture": "#0"
        },
        "down": {
          "uv": [
            2.8125,
            7.625,
            2.5,
            8
          ],
          "tintindex": 0,
          "rotation": 270,
          "texture": "#0"
        }
      },
      "rotation": {
        "origin": [
          8.1474,
          8.410316,
          -0.14007664
        ],
        "angle": -45,
        "axis": "x"
      }
    },
    {
      "from": [
        11.1098995,
        4.8248253,
        -2.3985434
      ],
      "to": [
        11.1098995,
        7.8248253,
        2.6014566
      ],
      "faces": {
        "east": {
          "uv": [
            1.3125,
            8.4375,
            1.625,
            8.625
          ],
          "tintindex": 0,
          "rotation": 0,
          "texture": "#0"
        },
        "west": {
          "uv": [
            1.625,
            8.4375,
            1.3125,
            8.625
          ],
          "tintindex": 0,
          "rotation": 0,
          "texture": "#0"
        }
      },
      "rotation": {
        "origin": [
          8.1474,
          8.410316,
          -0.14007664
        ],
        "angle": -45,
        "axis": "x"
      }
    },
    {
      "from": [
        6.6849,
        10.496902,
        -5.393605
      ],
      "to": [
        7.6849,
        16.496902,
        -3.3936052
      ],
      "faces": {
        "east": {
          "uv": [
            7.9375,
            8.4375,
            8.0625,
            8.8125
          ],
          "tintindex": 0,
          "rotation": 0,
          "texture": "#0"
        },
        "south": {
          "uv": [
            0.4375,
            5.5625,
            0.5,
            5.9375
          ],
          "tintindex": 0,
          "rotation": 0,
          "texture": "#0"
        },
        "north": {
          "uv": [
            0.4375,
            5.5625,
            0.5,
            5.9375
          ],
          "tintindex": 0,
          "rotation": 0,
          "texture": "#0"
        },
        "west": {
          "uv": [
            7.9375,
            8.4375,
            8.0625,
            8.8125
          ],
          "tintindex": 0,
          "rotation": 0,
          "texture": "#0"
        },
        "up": {
          "uv": [
            2.125,
            5.75,
            2,
            5.6875
          ],
          "tintindex": 0,
          "rotation": 90,
          "texture": "#0"
        },
        "down": {
          "uv": [
            2.125,
            5.75,
            2,
            5.6875
          ],
          "tintindex": 0,
          "rotation": 270,
          "texture": "#0"
        }
      },
      "rotation": {
        "origin": [
          8.1474,
          8.410316,
          -0.14007664
        ],
        "angle": -22.5,
        "axis": "x"
      }
    },
    {
      "from": [
        6.6599,
        5.0245056,
        -5.8051977
      ],
      "to": [
        8.659901,
        8.024506,
        0.19480228
      ],
      "faces": {
        "east": {
          "uv": [
            8,
            4.8125,
            8.375,
            5
          ],
          "tintindex": 0,
          "rotation": 0,
          "texture": "#0"
        },
        "south": {
          "uv": [
            6.8125,
            9,
            6.6875,
            9.1875
          ],
          "tintindex": 0,
          "rotation": 0,
          "texture": "#0"
        },
        "north": {
          "uv": [
            6.6875,
            9,
            6.8125,
            9.1875
          ],
          "tintindex": 0,
          "rotation": 0,
          "texture": "#0"
        },
        "west": {
          "uv": [
            8,
            4.8125,
            8.375,
            5
          ],
          "tintindex": 0,
          "rotation": 0,
          "texture": "#0"
        },
        "up": {
          "uv": [
            8.875,
            6.9375,
            8.5,
            6.8125
          ],
          "tintindex": 0,
          "rotation": 90,
          "texture": "#0"
        },
        "down": {
          "uv": [
            8.875,
            6.9375,
            8.5,
            6.8125
          ],
          "tintindex": 0,
          "rotation": 270,
          "texture": "#0"
        }
      },
      "rotation": {
        "origin": [
          8.1474,
          8.410316,
          -0.14007664
        ],
        "angle": 22.5,
        "axis": "x"
      }
    },
    {
      "from": [
        5.1348996,
        8.724125,
        1.8477602
      ],
      "to": [
        11.1349,
        14.724125,
        7.84776
      ],
      "faces": {
        "east": {
          "uv": [
            3.625,
            7.125,
            4,
            7.5
          ],
          "tintindex": 0,
          "rotation": 0,
          "texture": "#0"
        },
        "south": {
          "uv": [
            5.3125,
            7.125,
            5.6875,
            7.5
          ],
          "tintindex": 0,
          "rotation": 0,
          "texture": "#0"
        },
        "north": {
          "uv": [
            7.1875,
            1.9375,
            7.5625,
            2.3125
          ],
          "tintindex": 0,
          "rotation": 0,
          "texture": "#0"
        },
        "west": {
          "uv": [
            7.1875,
            1,
            7.5625,
            1.375
          ],
          "tintindex": 0,
          "rotation": 0,
          "texture": "#0"
        },
        "up": {
          "uv": [
            7.5625,
            4.5625,
            7.1875,
            4.1875
          ],
          "tintindex": 0,
          "rotation": 90,
          "texture": "#0"
        },
        "down": {
          "uv": [
            7.5625,
            4.625,
            7.1875,
            5
          ],
          "tintindex": 0,
          "rotation": 270,
          "texture": "#0"
        }
      },
      "rotation": {
        "origin": [
          8.1474,
          8.410316,
          -0.14007664
        ],
        "angle": 22.5,
        "axis": "x"
      }
    },
    {
      "from": [
        5.2109,
        4.7560234,
        -1.2854223
      ],
      "to": [
        5.2109,
        7.7560234,
        3.7145777
      ],
      "faces": {
        "east": {
          "uv": [
            8.4375,
            2.5625,
            8.75,
            2.75
          ],
          "tintindex": 0,
          "rotation": 0,
          "texture": "#0"
        },
        "west": {
          "uv": [
            8.75,
            2.5625,
            8.4375,
            2.75
          ],
          "tintindex": 0,
          "rotation": 0,
          "texture": "#0"
        }
      }
    },
    {
      "from": [
        6.6348996,
        5.5168266,
        -2.2922068
      ],
      "to": [
        9.6349,
        8.516827,
        3.7077932
      ],
      "faces": {
        "east": {
          "uv": [
            8,
            2,
            8.375,
            2.1875
          ],
          "tintindex": 0,
          "rotation": 0,
          "texture": "#0"
        },
        "south": {
          "uv": [
            1.25,
            8.9375,
            1.0625,
            9.125
          ],
          "tintindex": 0,
          "rotation": 0,
          "texture": "#0"
        },
        "north": {
          "uv": [
            1.0625,
            8.9375,
            1.25,
            9.125
          ],
          "tintindex": 0,
          "rotation": 0,
          "texture": "#0"
        },
        "west": {
          "uv": [
            8,
            2,
            8.375,
            2.1875
          ],
          "tintindex": 0,
          "rotation": 0,
          "texture": "#0"
        },
        "up": {
          "uv": [
            8.375,
            4.5,
            8,
            4.3125
          ],
          "tintindex": 0,
          "rotation": 90,
          "texture": "#0"
        },
        "down": {
          "uv": [
            8.375,
            4.5,
            8,
            4.3125
          ],
          "tintindex": 0,
          "rotation": 270,
          "texture": "#0"
        }
      },
      "rotation": {
        "origin": [
          8.1474,
          8.410316,
          -0.14007664
        ],
        "angle": -22.5,
        "axis": "x"
      }
    }
  ],
  "display": {
    "gui": {
      "rotation": [
        30,
        225,
        0
      ]
    }
  }
}