{
  "textures": {
    "0": "modelengine:entity/nightharrow_wendigo_texture"
  },
  "elements": [
    {
      "from": [
        5.528125,
        -2.1934052,
        2.077622
      ],
      "to": [
        11.528125,
        9.806595,
        11.077621
      ],
      "faces": {
        "east": {
          "uv": [
            4.75,
            1.8125,
            4.1875,
            2.5625
          ],
          "tintindex": 0,
          "rotation": 0,
          "texture": "#0"
        },
        "south": {
          "uv": [
            6,
            4.6875,
            5.625,
            5.4375
          ],
          "tintindex": 0,
          "rotation": 0,
          "texture": "#0"
        },
        "north": {
          "uv": [
            6,
            4.6875,
            5.625,
            5.4375
          ],
          "tintindex": 0,
          "rotation": 0,
          "texture": "#0"
        },
        "west": {
          "uv": [
            4.75,
            1.8125,
            4.1875,
            2.5625
          ],
          "tintindex": 0,
          "rotation": 0,
          "texture": "#0"
        },
        "up": {
          "uv": [
            0,
            7,
            0.375,
            6.4375
          ],
          "tintindex": 0,
          "rotation": 0,
          "texture": "#0"
        },
        "down": {
          "uv": [
            0,
            7,
            0.375,
            6.4375
          ],
          "tintindex": 0,
          "rotation": 0,
          "texture": "#0"
        }
      },
      "rotation": {
        "origin": [
          9.028125,
          4.306595,
          5.827622
        ],
        "angle": 22.5,
        "axis": "x"
      }
    },
    {
      "from": [
        6.528125,
        -1.1934052,
        1.0776219
      ],
      "to": [
        12.528125,
        10.806595,
        9.077621
      ],
      "faces": {
        "east": {
          "uv": [
            5.3125,
            1.8125,
            4.8125,
            2.5625
          ],
          "tintindex": 0,
          "rotation": 0,
          "texture": "#0"
        },
        "south": {
          "uv": [
            5.25,
            5.75,
            4.875,
            6.5
          ],
          "tintindex": 0,
          "rotation": 0,
          "texture": "#0"
        },
        "north": {
          "uv": [
            4.8125,
            5.75,
            4.4375,
            6.5
          ],
          "tintindex": 0,
          "rotation": 0,
          "texture": "#0"
        },
        "west": {
          "uv": [
            0.5,
            4.75,
            0,
            5.5
          ],
          "tintindex": 0,
          "rotation": 0,
          "texture": "#0"
        },
        "up": {
          "uv": [
            6.875,
            3.25,
            7.25,
            2.75
          ],
          "tintindex": 0,
          "rotation": 0,
          "texture": "#0"
        },
        "down": {
          "uv": [
            6.875,
            5.4375,
            7.25,
            5.9375
          ],
          "tintindex": 0,
          "rotation": 0,
          "texture": "#0"
        }
      },
      "rotation": {
        "origin": [
          9.028125,
          4.306595,
          5.827622
        ],
        "angle": 22.5,
        "axis": "x"
      }
    }
  ],
  "display": {
    "gui": {
      "rotation": [
        30,
        225,
        0
      ]
    }
  }
}