{
  "textures": {
    "0": "modelengine:entity/nightharrow_wendigo_texture"
  },
  "elements": [
    {
      "from": [
        12.798724,
        3.7001953,
        10.855333
      ],
      "to": [
        17.798725,
        6.7001953,
        10.855333
      ],
      "faces": {
        "south": {
          "uv": [
            8.4375,
            2.5625,
            8.75,
            2.75
          ],
          "tintindex": 0,
          "rotation": 0,
          "texture": "#0"
        },
        "north": {
          "uv": [
            8.75,
            2.5625,
            8.4375,
            2.75
          ],
          "tintindex": 0,
          "rotation": 0,
          "texture": "#0"
        }
      }
    },
    {
      "from": [
        16.173275,
        2.7057114,
        4.956333
      ],
      "to": [
        21.173275,
        4.7057114,
        10.881334
      ],
      "faces": {
        "east": {
          "uv": [
            8.875,
            6.625,
            8.5,
            6.75
          ],
          "tintindex": 0,
          "rotation": 0,
          "texture": "#0"
        },
        "south": {
          "uv": [
            9,
            8.875,
            8.6875,
            9
          ],
          "tintindex": 0,
          "rotation": 0,
          "texture": "#0"
        },
        "north": {
          "uv": [
            8.25,
            8.875,
            7.9375,
            9
          ],
          "tintindex": 0,
          "rotation": 0,
          "texture": "#0"
        },
        "west": {
          "uv": [
            5.5,
            3.5,
            5.125,
            3.625
          ],
          "tintindex": 0,
          "rotation": 0,
          "texture": "#0"
        },
        "up": {
          "uv": [
            7.625,
            2.25,
            7.9375,
            1.875
          ],
          "tintindex": 0,
          "rotation": 0,
          "texture": "#0"
        },
        "down": {
          "uv": [
            2.5,
            7.625,
            2.8125,
            8
          ],
          "tintindex": 0,
          "rotation": 0,
          "texture": "#0"
        }
      },
      "rotation": {
        "origin": [
          16.653378,
          10.552628,
          7.9188337
        ],
        "angle": -45,
        "axis": "z"
      }
    },
    {
      "from": [
        16.173275,
        4.7057114,
        4.956334
      ],
      "to": [
        21.173275,
        7.7057114,
        4.956334
      ],
      "faces": {
        "south": {
          "uv": [
            1.3125,
            8.4375,
            1.625,
            8.625
          ],
          "tintindex": 0,
          "rotation": 0,
          "texture": "#0"
        },
        "north": {
          "uv": [
            1.625,
            8.4375,
            1.3125,
            8.625
          ],
          "tintindex": 0,
          "rotation": 0,
          "texture": "#0"
        }
      },
      "rotation": {
        "origin": [
          16.653378,
          10.552628,
          7.9188337
        ],
        "angle": -45,
        "axis": "z"
      }
    },
    {
      "from": [
        12.798724,
        6.7001953,
        4.956333
      ],
      "to": [
        17.798725,
        9.700195,
        10.881334
      ],
      "faces": {
        "east": {
          "uv": [
            8.375,
            1.75,
            8,
            1.9375
          ],
          "tintindex": 0,
          "rotation": 0,
          "texture": "#0"
        },
        "south": {
          "uv": [
            8.6875,
            3.5,
            8.375,
            3.6875
          ],
          "tintindex": 0,
          "rotation": 0,
          "texture": "#0"
        },
        "north": {
          "uv": [
            3.5,
            8.375,
            3.1875,
            8.5625
          ],
          "tintindex": 0,
          "rotation": 0,
          "texture": "#0"
        },
        "west": {
          "uv": [
            8.375,
            0.875,
            8,
            1.0625
          ],
          "tintindex": 0,
          "rotation": 0,
          "texture": "#0"
        },
        "up": {
          "uv": [
            7.5625,
            7.6875,
            7.875,
            7.3125
          ],
          "tintindex": 0,
          "rotation": 0,
          "texture": "#0"
        },
        "down": {
          "uv": [
            7.625,
            2.25,
            7.9375,
            1.875
          ],
          "tintindex": 0,
          "rotation": 0,
          "texture": "#0"
        }
      }
    },
    {
      "from": [
        21.130783,
        9.684521,
        8.381333
      ],
      "to": [
        23.130783,
        15.684521,
        9.381333
      ],
      "faces": {
        "east": {
          "uv": [
            0.5,
            5.5625,
            0.4375,
            5.9375
          ],
          "tintindex": 0,
          "rotation": 0,
          "texture": "#0"
        },
        "south": {
          "uv": [
            8.0625,
            8.4375,
            7.9375,
            8.8125
          ],
          "tintindex": 0,
          "rotation": 0,
          "texture": "#0"
        },
        "north": {
          "uv": [
            8.0625,
            8.4375,
            7.9375,
            8.8125
          ],
          "tintindex": 0,
          "rotation": 0,
          "texture": "#0"
        },
        "west": {
          "uv": [
            0.5,
            5.5625,
            0.4375,
            5.9375
          ],
          "tintindex": 0,
          "rotation": 0,
          "texture": "#0"
        },
        "up": {
          "uv": [
            2,
            5.75,
            2.125,
            5.6875
          ],
          "tintindex": 0,
          "rotation": 0,
          "texture": "#0"
        },
        "down": {
          "uv": [
            2,
            5.75,
            2.125,
            5.6875
          ],
          "tintindex": 0,
          "rotation": 0,
          "texture": "#0"
        }
      },
      "rotation": {
        "origin": [
          16.653378,
          10.552628,
          7.9188337
        ],
        "angle": -22.5,
        "axis": "z"
      }
    },
    {
      "from": [
        12.639365,
        15.587437,
        7.406334
      ],
      "to": [
        14.639365,
        21.587437,
        8.406334
      ],
      "faces": {
        "east": {
          "uv": [
            8.625,
            8.9375,
            8.5625,
            9.3125
          ],
          "tintindex": 0,
          "rotation": 0,
          "texture": "#0"
        },
        "south": {
          "uv": [
            8.4375,
            8.5,
            8.3125,
            8.875
          ],
          "tintindex": 0,
          "rotation": 0,
          "texture": "#0"
        },
        "north": {
          "uv": [
            6.625,
            8.5,
            6.5,
            8.875
          ],
          "tintindex": 0,
          "rotation": 0,
          "texture": "#0"
        },
        "west": {
          "uv": [
            6.625,
            8.0625,
            6.5625,
            8.4375
          ],
          "tintindex": 0,
          "rotation": 0,
          "texture": "#0"
        },
        "up": {
          "uv": [
            6.5,
            1.5,
            6.625,
            1.4375
          ],
          "tintindex": 0,
          "rotation": 0,
          "texture": "#0"
        },
        "down": {
          "uv": [
            6.875,
            3.3125,
            7,
            3.375
          ],
          "tintindex": 0,
          "rotation": 0,
          "texture": "#0"
        }
      },
      "rotation": {
        "origin": [
          16.653378,
          10.552628,
          7.9188337
        ],
        "angle": 22.5,
        "axis": "z"
      }
    },
    {
      "from": [
        12.798724,
        3.7001953,
        4.9813337
      ],
      "to": [
        17.798725,
        6.7001953,
        4.9813337
      ],
      "faces": {
        "south": {
          "uv": [
            8.4375,
            2.5625,
            8.75,
            2.75
          ],
          "tintindex": 0,
          "rotation": 0,
          "texture": "#0"
        },
        "north": {
          "uv": [
            8.75,
            2.5625,
            8.4375,
            2.75
          ],
          "tintindex": 0,
          "rotation": 0,
          "texture": "#0"
        }
      }
    },
    {
      "from": [
        16.173275,
        4.7057114,
        10.881334
      ],
      "to": [
        21.173275,
        7.7057114,
        10.881334
      ],
      "faces": {
        "south": {
          "uv": [
            1.3125,
            8.4375,
            1.625,
            8.625
          ],
          "tintindex": 0,
          "rotation": 0,
          "texture": "#0"
        },
        "north": {
          "uv": [
            1.625,
            8.4375,
            1.3125,
            8.625
          ],
          "tintindex": 0,
          "rotation": 0,
          "texture": "#0"
        }
      },
      "rotation": {
        "origin": [
          16.653378,
          10.552628,
          7.9188337
        ],
        "angle": -45,
        "axis": "z"
      }
    },
    {
      "from": [
        7.4416666,
        7.911743,
        4.9313335
      ],
      "to": [
        13.441667,
        13.911743,
        10.931334
      ],
      "faces": {
        "east": {
          "uv": [
            7.5625,
            1.9375,
            7.1875,
            2.3125
          ],
          "tintindex": 0,
          "rotation": 0,
          "texture": "#0"
        },
        "south": {
          "uv": [
            7.5625,
            1,
            7.1875,
            1.375
          ],
          "tintindex": 0,
          "rotation": 0,
          "texture": "#0"
        },
        "north": {
          "uv": [
            4,
            7.125,
            3.625,
            7.5
          ],
          "tintindex": 0,
          "rotation": 0,
          "texture": "#0"
        },
        "west": {
          "uv": [
            5.6875,
            7.125,
            5.3125,
            7.5
          ],
          "tintindex": 0,
          "rotation": 0,
          "texture": "#0"
        },
        "up": {
          "uv": [
            7.1875,
            4.5625,
            7.5625,
            4.1875
          ],
          "tintindex": 0,
          "rotation": 0,
          "texture": "#0"
        },
        "down": {
          "uv": [
            7.1875,
            4.625,
            7.5625,
            5
          ],
          "tintindex": 0,
          "rotation": 0,
          "texture": "#0"
        }
      },
      "rotation": {
        "origin": [
          16.653378,
          10.552628,
          7.9188337
        ],
        "angle": 22.5,
        "axis": "z"
      }
    },
    {
      "from": [
        14.029384,
        4.704441,
        6.4313335
      ],
      "to": [
        20.029385,
        7.704441,
        9.431334
      ],
      "faces": {
        "east": {
          "uv": [
            1.25,
            8.9375,
            1.0625,
            9.125
          ],
          "tintindex": 0,
          "rotation": 0,
          "texture": "#0"
        },
        "south": {
          "uv": [
            8.375,
            2,
            8,
            2.1875
          ],
          "tintindex": 0,
          "rotation": 0,
          "texture": "#0"
        },
        "north": {
          "uv": [
            8.375,
            2,
            8,
            2.1875
          ],
          "tintindex": 0,
          "rotation": 0,
          "texture": "#0"
        },
        "west": {
          "uv": [
            1.0625,
            8.9375,
            1.25,
            9.125
          ],
          "tintindex": 0,
          "rotation": 0,
          "texture": "#0"
        },
        "up": {
          "uv": [
            8,
            4.5,
            8.375,
            4.3125
          ],
          "tintindex": 0,
          "rotation": 0,
          "texture": "#0"
        },
        "down": {
          "uv": [
            8,
            4.5,
            8.375,
            4.3125
          ],
          "tintindex": 0,
          "rotation": 0,
          "texture": "#0"
        }
      },
      "rotation": {
        "origin": [
          16.653378,
          10.552628,
          7.9188337
        ],
        "angle": -22.5,
        "axis": "z"
      }
    },
    {
      "from": [
        15.0946245,
        4.21212,
        7.406334
      ],
      "to": [
        21.094624,
        7.21212,
        9.406334
      ],
      "faces": {
        "east": {
          "uv": [
            6.8125,
            9,
            6.6875,
            9.1875
          ],
          "tintindex": 0,
          "rotation": 0,
          "texture": "#0"
        },
        "south": {
          "uv": [
            8.375,
            4.8125,
            8,
            5
          ],
          "tintindex": 0,
          "rotation": 0,
          "texture": "#0"
        },
        "north": {
          "uv": [
            8.375,
            4.8125,
            8,
            5
          ],
          "tintindex": 0,
          "rotation": 0,
          "texture": "#0"
        },
        "west": {
          "uv": [
            6.6875,
            9,
            6.8125,
            9.1875
          ],
          "tintindex": 0,
          "rotation": 0,
          "texture": "#0"
        },
        "up": {
          "uv": [
            8.5,
            6.9375,
            8.875,
            6.8125
          ],
          "tintindex": 0,
          "rotation": 0,
          "texture": "#0"
        },
        "down": {
          "uv": [
            8.5,
            6.9375,
            8.875,
            6.8125
          ],
          "tintindex": 0,
          "rotation": 0,
          "texture": "#0"
        }
      },
      "rotation": {
        "origin": [
          16.653378,
          10.552628,
          7.9188337
        ],
        "angle": 22.5,
        "axis": "z"
      }
    },
    {
      "from": [
        9.815557,
        7.1635246,
        6.4313335
      ],
      "to": [
        12.815557,
        13.163525,
        8.431334
      ],
      "faces": {
        "east": {
          "uv": [
            6.8125,
            8.5625,
            6.6875,
            8.9375
          ],
          "tintindex": 0,
          "rotation": 0,
          "texture": "#0"
        },
        "south": {
          "uv": [
            5.875,
            7.9375,
            5.6875,
            8.3125
          ],
          "tintindex": 0,
          "rotation": 0,
          "texture": "#0"
        },
        "north": {
          "uv": [
            1.6875,
            4.5,
            1.5,
            4.875
          ],
          "tintindex": 0,
          "rotation": 0,
          "texture": "#0"
        },
        "west": {
          "uv": [
            8.625,
            8.5,
            8.5,
            8.875
          ],
          "tintindex": 0,
          "rotation": 0,
          "texture": "#0"
        },
        "up": {
          "uv": [
            9,
            6.5625,
            9.1875,
            6.4375
          ],
          "tintindex": 0,
          "rotation": 0,
          "texture": "#0"
        },
        "down": {
          "uv": [
            9,
            7.9375,
            9.1875,
            8.0625
          ],
          "tintindex": 0,
          "rotation": 0,
          "texture": "#0"
        }
      },
      "rotation": {
        "origin": [
          16.653378,
          10.552628,
          7.9188337
        ],
        "angle": -22.5,
        "axis": "z"
      }
    }
  ],
  "display": {
    "gui": {
      "rotation": [
        30,
        225,
        0
      ]
    }
  }
}