{
  "textures": {
    "0": "modelengine:entity/nightharrow_wendigo_texture"
  },
  "elements": [
    {
      "from": [
        0.64396524,
        8.550064,
        1.7289863
      ],
      "to": [
        15.643965,
        17.550064,
        9.728986
      ],
      "faces": {
        "east": {
          "uv": [
            5.8125,
            0,
            6.3125,
            0.5625
          ],
          "tintindex": 0,
          "rotation": 0,
          "texture": "#0"
        },
        "south": {
          "uv": [
            1,
            3.1875,
            1.9375,
            3.75
          ],
          "tintindex": 0,
          "rotation": 0,
          "texture": "#0"
        },
        "north": {
          "uv": [
            0,
            3.0625,
            0.9375,
            3.625
          ],
          "tintindex": 0,
          "rotation": 0,
          "texture": "#0"
        },
        "west": {
          "uv": [
            5.8125,
            1.5625,
            6.3125,
            2.125
          ],
          "tintindex": 0,
          "rotation": 0,
          "texture": "#0"
        },
        "up": {
          "uv": [
            4.25,
            3.625,
            3.3125,
            3.125
          ],
          "tintindex": 0,
          "rotation": 0,
          "texture": "#0"
        },
        "down": {
          "uv": [
            0.9375,
            3.6875,
            0,
            4.1875
          ],
          "tintindex": 0,
          "rotation": 0,
          "texture": "#0"
        }
      },
      "rotation": {
        "origin": [
          7.6439652,
          12.550064,
          5.2539864
        ],
        "angle": -22.5,
        "axis": "x"
      }
    },
    {
      "from": [
        1.1439652,
        6.550064,
        2.2289858
      ],
      "to": [
        15.143965,
        19.550064,
        9.228986
      ],
      "faces": {
        "east": {
          "uv": [
            4.625,
            4.875,
            5.0625,
            5.6875
          ],
          "tintindex": 0,
          "rotation": 0,
          "texture": "#0"
        },
        "south": {
          "uv": [
            1.1875,
            0,
            2.0625,
            0.8125
          ],
          "tintindex": 0,
          "rotation": 0,
          "texture": "#0"
        },
        "north": {
          "uv": [
            1.1875,
            0,
            2.0625,
            0.8125
          ],
          "tintindex": 0,
          "rotation": 0,
          "texture": "#0"
        },
        "west": {
          "uv": [
            2.1875,
            4.9375,
            2.625,
            5.75
          ],
          "tintindex": 0,
          "rotation": 0,
          "texture": "#0"
        },
        "up": {
          "uv": [
            5.0625,
            3.0625,
            4.1875,
            2.625
          ],
          "tintindex": 0,
          "rotation": 0,
          "texture": "#0"
        },
        "down": {
          "uv": [
            5.0625,
            3.0625,
            4.1875,
            2.625
          ],
          "tintindex": 0,
          "rotation": 0,
          "texture": "#0"
        }
      },
      "rotation": {
        "origin": [
          8.143965,
          12.550064,
          5.2539864
        ],
        "angle": -22.5,
        "axis": "x"
      }
    }
  ],
  "display": {
    "gui": {
      "rotation": [
        30,
        225,
        0
      ]
    }
  }
}