{
    "model": {
        "type": "range_dispatch",
        "property": "custom_model_data",
        "fallback": {
            "type": "model",
            "model": "item/carrot_on_a_stick"
        },
        "entries": [
            {"threshold": -1003,"model": {"type": "model","model":"gui/main"}},
            {"threshold": -1002,"model": {"type": "model","model":"item/misc/suppressor"}},
            {"threshold": -1001,"model": {"type": "model","model":"item/misc/reflexsight"}},
            {"threshold": -1000,"model": {"type": "model","model":"item/weapons/reticle_pmii"}},
            {"threshold": -101,"model": {"type": "model","model":"item/weapons/ammo_nuke"}},
            {"threshold": -100,"model": {"type": "model","model":"item/weapons/ammo_rocket"}},
            {"threshold": -10,"model": {"type": "model","model":"item/weapons/combatknife"}},
            {"threshold": -1,"model": {"type": "model","model":"item/weapons/stim"}},
    
            {"threshold": 0,"model": {"type": "model", "model":"item/carrot_on_a_stick"}},
    
            {"threshold": 1,"model": {"type": "model","model":"item/weapons/ak47"}},
            {"threshold": 2,"model": {"type": "model","model":"item/weapons/awp"}},
            {"threshold": 3,"model": {"type": "model","model":"item/weapons/famas"}},
            {"threshold": 4,"model": {"type": "model","model":"item/weapons/glock"}},
            {"threshold": 5,"model": {"type": "model","model":"item/weapons/m1911"}},
            {"threshold": 6,"model": {"type": "model","model":"item/weapons/m4a1"}},
            {"threshold": 7,"model": {"type": "model","model":"item/weapons/mosin"}},
            {"threshold": 8,"model": {"type": "model","model":"item/weapons/mac10"}},
            {"threshold": 9,"model": {"type": "model","model":"item/weapons/m14"}},
            {"threshold": 10,"model": {"type": "model","model":"item/weapons/mossberg500"}},
            {"threshold": 11,"model": {"type": "model","model":"item/weapons/mac10"}},
            {"threshold": 12,"model": {"type": "model","model":"item/weapons/scarh"}},
            {"threshold": 13,"model": {"type": "model","model":"item/weapons/sks"}},
            {"threshold": 14,"model": {"type": "model","model":"item/weapons/ump45"}},
            {"threshold": 15,"model": {"type": "model","model":"item/weapons/vss"}},
            {"threshold": 16,"model": {"type": "model","model":"item/weapons/rpg7"}},
            {"threshold": 17,"model": {"type": "model","model":"item/weapons/fgc9"}},
            {"threshold": 18,"model": {"type": "model","model":"item/weapons/fnfal"}},
            {"threshold": 19,"model": {"type": "model","model":"item/weapons/barrett"}},
            {"threshold": 20,"model": {"type": "model","model":"item/weapons/a"}},
    
            {"threshold": 1001,"model": {"type": "model","model":"item/weapons/ads/ak47_ads"}},
            {"threshold": 1002,"model": {"type": "model","model":"item/weapons/ads/awp_ads"}},
            {"threshold": 1003,"model": {"type": "model","model":"item/weapons/ads/famas_ads"}},
            {"threshold": 1004,"model": {"type": "model","model":"item/weapons/ads/glock_ads"}},
            {"threshold": 1005,"model": {"type": "model","model":"item/weapons/ads/m1911_ads"}},
            {"threshold": 1006,"model": {"type": "model","model":"item/weapons/ads/m4a1_ads"}},
            {"threshold": 1007,"model": {"type": "model","model":"item/weapons/ads/mosin_ads"}},
            {"threshold": 1008,"model": {"type": "model","model":"item/weapons/ads/mac10_ads"}},
            {"threshold": 1009,"model": {"type": "model","model":"item/weapons/ads/m14_ads"}},
            {"threshold": 1010,"model": {"type": "model","model":"item/weapons/ads/mossberg500_ads"}},
            {"threshold": 1011,"model": {"type": "model","model":"item/weapons/ads/mac10_ads"}},
            {"threshold": 1012,"model": {"type": "model","model":"item/weapons/ads/scarh_ads"}},
            {"threshold": 1013,"model": {"type": "model","model":"item/weapons/ads/sks_ads"}},
            {"threshold": 1014,"model": {"type": "model","model":"item/weapons/ads/ump45_ads"}},
            {"threshold": 1015,"model": {"type": "model","model":"item/weapons/ads/vss_ads"}},
            {"threshold": 1016,"model": {"type": "model","model":"item/weapons/ads/rpg7_ads"}},
            {"threshold": 1017,"model": {"type": "model","model":"item/weapons/ads/fgc9_ads"}},
            {"threshold": 1018,"model": {"type": "model","model":"item/weapons/ads/fnfal_ads"}},
            {"threshold": 1019,"model": {"type": "model","model":"item/weapons/ads/barrett_ads"}},
            {"threshold": 1020,"model": {"type": "model","model":"item/weapons/a"}},
    
            {"threshold": 2001,"model": {"type": "model","model":"item/weapons/reload/ak47_reload"}},
            {"threshold": 2002,"model": {"type": "model","model":"item/weapons/reload/awp_reload"}},
            {"threshold": 2003,"model": {"type": "model","model":"item/weapons/reload/famas_reload"}},
            {"threshold": 2004,"model": {"type": "model","model":"item/weapons/reload/glock_reload"}},
            {"threshold": 2005,"model": {"type": "model","model":"item/weapons/reload/m1911_reload"}},
            {"threshold": 2006,"model": {"type": "model","model":"item/weapons/reload/m4a1_reload"}},
            {"threshold": 2007,"model": {"type": "model","model":"item/weapons/reload/mosin_reload"}},
            {"threshold": 2008,"model": {"type": "model","model":"item/weapons/reload/mac10_reload"}},
            {"threshold": 2009,"model": {"type": "model","model":"item/weapons/reload/m14_reload"}},
            {"threshold": 2010,"model": {"type": "model","model":"item/weapons/reload/mossberg500_reload"}},
            {"threshold": 2011,"model": {"type": "model","model":"item/weapons/reload/mac10_reload"}},
            {"threshold": 2012,"model": {"type": "model","model":"item/weapons/reload/scarh_reload"}},
            {"threshold": 2013,"model": {"type": "model","model":"item/weapons/reload/sks_reload"}},
            {"threshold": 2014,"model": {"type": "model","model":"item/weapons/reload/ump45_reload"}},
            {"threshold": 2015,"model": {"type": "model","model":"item/weapons/reload/vss_reload"}},
            {"threshold": 2016,"model": {"type": "model","model":"item/weapons/rpg7_reload"}},
            {"threshold": 2017,"model": {"type": "model","model":"item/weapons/reload/fgc9_reload"}},
            {"threshold": 2018,"model": {"type": "model","model":"item/weapons/reload/fnfal_reload"}},
            {"threshold": 2019,"model": {"type": "model","model":"item/weapons/reload/barrett_reload"}},
            {"threshold": 2020,"model": {"type": "model","model":"item/weapons/a"}},
    
            {"threshold": 3012,"model": {"type": "model","model":"item/weapons/a"}},
    
            {"threshold": 4016,"model": {"type": "model","model":"item/weapons/a"}},
            {"threshold": 4017,"model": {"type": "model","model":"item/weapons/a"}},
    
            {"threshold": 10004,"model": {"type": "model","model":"item/weapons/a"}},
            {"threshold": 10005,"model": {"type": "model","model":"item/weapons/a"}},
            {"threshold": 11004,"model": {"type": "model","model":"item/weapons/a"}},
            {"threshold": 11005,"model": {"type": "model","model":"item/weapons/a"}},
            {"threshold": 12004,"model": {"type": "model","model":"item/weapons/a"}},
            {"threshold": 12005,"model": {"type": "model","model":"item/weapons/a"}},
    
            {"threshold": 20004,"model": {"type": "model","model":"item/weapons/a"}},
            {"threshold": 20005,"model": {"type": "model","model":"item/weapons/a"}},
    
            {"threshold": 21004,"model": {"type": "model","model":"item/weapons/a"}},
            {"threshold": 21005,"model": {"type": "model","model":"item/weapons/a"}},
            
            {"threshold": 22004,"model": {"type": "model","model":"item/weapons/a"}},
            {"threshold": 22005,"model": {"type": "model","model":"item/weapons/a"}},
    
            {"threshold": 100007,"model": {"type": "model","model":"item/weapons/m4a1_reflexsight"}},
            {"threshold": 100015,"model": {"type": "model","model":"item/weapons/stg44_reflexsight"}},
    
            {"threshold": 101007,"model": {"type": "model","model":"item/weapons/m4a1_reflexsightaiming"}},
            {"threshold": 101015,"model": {"type": "model","model":"item/weapons/stg44_reflexsightaiming"}},
    
            {"threshold": 102007,"model": {"type": "model","model":"item/weapons/m4a1_reflexsightsprinting"}},
            {"threshold": 102015,"model": {"type": "model","model":"item/weapons/stg44_reflexsightsprinting"}},
    
            {"threshold": 1000007,"model": {"type": "model", "model":"item/weapons/m4a1_suppressor"}},
    
            {"threshold": 1001007,"model": {"type": "model","model":"item/weapons/m4a1_suppressoraiming"}},
            {"threshold": 1002007,"model": {"type": "model","model":"item/weapons/m4a1_suppressorsprinting"}},
    
            {"threshold": 1100007,"model": {"type": "model","model":"item/weapons/m4a1_reflexsight_suppressor"}},
    
            {"threshold": 1101007,"model": {"type": "model","model":"item/weapons/m4a1_reflexsight_suppressoraiming"}},
    
            {"threshold": 1102007,"model": {"type": "model","model":"item/weapons/m4a1_reflexsight_suppressorsprinting"}}
        ]
    }
}