{
  "overrides": [
    {
      "predicate": {
        "custom_model_data": 1
      },
      "model": "modelengine:ghoul/left_leg"
    },
    {
      "predicate": {
        "custom_model_data": 2
      },
      "model": "modelengine:ghoul/upper_body"
    },
    {
      "predicate": {
        "custom_model_data": 3
      },
      "model": "modelengine:ghoul/right_leg"
    },
    {
      "predicate": {
        "custom_model_data": 4
      },
      "model": "modelengine:ghoul/left_ankle"
    },
    {
      "predicate": {
        "custom_model_data": 5
      },
      "model": "modelengine:ghoul/chest"
    },
    {
      "predicate": {
        "custom_model_data": 6
      },
      "model": "modelengine:ghoul/right_ankle"
    },
    {
      "predicate": {
        "custom_model_data": 7
      },
      "model": "modelengine:ghoul/left_foot"
    },
    {
      "predicate": {
        "custom_model_data": 8
      },
      "model": "modelengine:ghoul/head"
    },
    {
      "predicate": {
        "custom_model_data": 9
      },
      "model": "modelengine:ghoul/right_arm"
    },
    {
      "predicate": {
        "custom_model_data": 10
      },
      "model": "modelengine:ghoul/left_arm"
    },
    {
      "predicate": {
        "custom_model_data": 11
      },
      "model": "modelengine:ghoul/right_foot"
    },
    {
      "predicate": {
        "custom_model_data": 12
      },
      "model": "modelengine:ghoul/jaw"
    },
    {
      "predicate": {
        "custom_model_data": 13
      },
      "model": "modelengine:ghoul/right_wrist"
    },
    {
      "predicate": {
        "custom_model_data": 14
      },
      "model": "modelengine:ghoul/left_wrist"
    },
    {
      "predicate": {
        "custom_model_data": 15
      },
      "model": "modelengine:ghoul/right_finger"
    },
    {
      "predicate": {
        "custom_model_data": 16
      },
      "model": "modelengine:ghoul/right_thumb"
    },
    {
      "predicate": {
        "custom_model_data": 17
      },
      "model": "modelengine:ghoul/left_thumb"
    },
    {
      "predicate": {
        "custom_model_data": 18
      },
      "model": "modelengine:ghoul/left_finger"
    },
    {
      "predicate": {
        "custom_model_data": 19
      },
      "model": "modelengine:nightharrow_wendigo/upper_body"
    },
    {
      "predicate": {
        "custom_model_data": 20
      },
      "model": "modelengine:nightharrow_wendigo/left_thigh"
    },
    {
      "predicate": {
        "custom_model_data": 21
      },
      "model": "modelengine:nightharrow_wendigo/right_thigh"
    },
    {
      "predicate": {
        "custom_model_data": 22
      },
      "model": "modelengine:nightharrow_wendigo/stomach"
    },
    {
      "predicate": {
        "custom_model_data": 23
      },
      "model": "modelengine:nightharrow_wendigo/left_leg"
    },
    {
      "predicate": {
        "custom_model_data": 24
      },
      "model": "modelengine:nightharrow_wendigo/right_leg"
    },
    {
      "predicate": {
        "custom_model_data": 25
      },
      "model": "modelengine:nightharrow_wendigo/chest"
    },
    {
      "predicate": {
        "custom_model_data": 26
      },
      "model": "modelengine:nightharrow_wendigo/left_ankle"
    },
    {
      "predicate": {
        "custom_model_data": 27
      },
      "model": "modelengine:nightharrow_wendigo/right_ankle"
    },
    {
      "predicate": {
        "custom_model_data": 28
      },
      "model": "modelengine:nightharrow_wendigo/head"
    },
    {
      "predicate": {
        "custom_model_data": 29
      },
      "model": "modelengine:nightharrow_wendigo/right_arm"
    },
    {
      "predicate": {
        "custom_model_data": 30
      },
      "model": "modelengine:nightharrow_wendigo/left_arm"
    },
    {
      "predicate": {
        "custom_model_data": 31
      },
      "model": "modelengine:nightharrow_wendigo/right_skull"
    },
    {
      "predicate": {
        "custom_model_data": 32
      },
      "model": "modelengine:nightharrow_wendigo/left_skull"
    },
    {
      "predicate": {
        "custom_model_data": 33
      },
      "model": "modelengine:nightharrow_wendigo/left_foot"
    },
    {
      "predicate": {
        "custom_model_data": 34
      },
      "model": "modelengine:nightharrow_wendigo/right_foot"
    },
    {
      "predicate": {
        "custom_model_data": 35
      },
      "model": "modelengine:nightharrow_wendigo/jaw"
    },
    {
      "predicate": {
        "custom_model_data": 36
      },
      "model": "modelengine:nightharrow_wendigo/right_wrist"
    },
    {
      "predicate": {
        "custom_model_data": 37
      },
      "model": "modelengine:nightharrow_wendigo/right_shoulder"
    },
    {
      "predicate": {
        "custom_model_data": 38
      },
      "model": "modelengine:nightharrow_wendigo/left_wrist"
    },
    {
      "predicate": {
        "custom_model_data": 39
      },
      "model": "modelengine:nightharrow_wendigo/left_shoulder"
    },
    {
      "predicate": {
        "custom_model_data": 40
      },
      "model": "modelengine:nightharrow_wendigo/right_hand"
    },
    {
      "predicate": {
        "custom_model_data": 41
      },
      "model": "modelengine:nightharrow_wendigo/left_hand"
    },
    {
      "predicate": {
        "custom_model_data": 42
      },
      "model": "modelengine:nightharrow_wendigo/weapon"
    },
    {
      "predicate": {
        "custom_model_data": 43
      },
      "model": "modelengine:nightharrow_wendigo/right_fingers"
    },
    {
      "predicate": {
        "custom_model_data": 44
      },
      "model": "modelengine:nightharrow_wendigo/left_fingers"
    },
    {
      "predicate": {
        "custom_model_data": 45
      },
      "model": "modelengine:nightharrow_wendigo_ghost/upper_body"
    },
    {
      "predicate": {
        "custom_model_data": 46
      },
      "model": "modelengine:nightharrow_wendigo_ghost/left_thigh"
    },
    {
      "predicate": {
        "custom_model_data": 47
      },
      "model": "modelengine:nightharrow_wendigo_ghost/right_thigh"
    },
    {
      "predicate": {
        "custom_model_data": 48
      },
      "model": "modelengine:nightharrow_wendigo_ghost/stomach"
    },
    {
      "predicate": {
        "custom_model_data": 49
      },
      "model": "modelengine:nightharrow_wendigo_ghost/left_leg"
    },
    {
      "predicate": {
        "custom_model_data": 50
      },
      "model": "modelengine:nightharrow_wendigo_ghost/right_leg"
    },
    {
      "predicate": {
        "custom_model_data": 51
      },
      "model": "modelengine:nightharrow_wendigo_ghost/chest"
    },
    {
      "predicate": {
        "custom_model_data": 52
      },
      "model": "modelengine:nightharrow_wendigo_ghost/left_ankle"
    },
    {
      "predicate": {
        "custom_model_data": 53
      },
      "model": "modelengine:nightharrow_wendigo_ghost/right_ankle"
    },
    {
      "predicate": {
        "custom_model_data": 54
      },
      "model": "modelengine:nightharrow_wendigo_ghost/head"
    },
    {
      "predicate": {
        "custom_model_data": 55
      },
      "model": "modelengine:nightharrow_wendigo_ghost/right_arm"
    },
    {
      "predicate": {
        "custom_model_data": 56
      },
      "model": "modelengine:nightharrow_wendigo_ghost/left_arm"
    },
    {
      "predicate": {
        "custom_model_data": 57
      },
      "model": "modelengine:nightharrow_wendigo_ghost/right_skull"
    },
    {
      "predicate": {
        "custom_model_data": 58
      },
      "model": "modelengine:nightharrow_wendigo_ghost/left_skull"
    },
    {
      "predicate": {
        "custom_model_data": 59
      },
      "model": "modelengine:nightharrow_wendigo_ghost/left_foot"
    },
    {
      "predicate": {
        "custom_model_data": 60
      },
      "model": "modelengine:nightharrow_wendigo_ghost/right_foot"
    },
    {
      "predicate": {
        "custom_model_data": 61
      },
      "model": "modelengine:nightharrow_wendigo_ghost/jaw"
    },
    {
      "predicate": {
        "custom_model_data": 62
      },
      "model": "modelengine:nightharrow_wendigo_ghost/right_wrist"
    },
    {
      "predicate": {
        "custom_model_data": 63
      },
      "model": "modelengine:nightharrow_wendigo_ghost/right_shoulder"
    },
    {
      "predicate": {
        "custom_model_data": 64
      },
      "model": "modelengine:nightharrow_wendigo_ghost/left_wrist"
    },
    {
      "predicate": {
        "custom_model_data": 65
      },
      "model": "modelengine:nightharrow_wendigo_ghost/left_shoulder"
    },
    {
      "predicate": {
        "custom_model_data": 66
      },
      "model": "modelengine:nightharrow_wendigo_ghost/right_hand"
    },
    {
      "predicate": {
        "custom_model_data": 67
      },
      "model": "modelengine:nightharrow_wendigo_ghost/left_hand"
    },
    {
      "predicate": {
        "custom_model_data": 68
      },
      "model": "modelengine:nightharrow_wendigo_ghost/weapon"
    },
    {
      "predicate": {
        "custom_model_data": 69
      },
      "model": "modelengine:nightharrow_wendigo_ghost/right_fingers"
    },
    {
      "predicate": {
        "custom_model_data": 70
      },
      "model": "modelengine:nightharrow_wendigo_ghost/left_fingers"
    },
    {
      "predicate": {
        "custom_model_data": 71
      },
      "model": "modelengine:specter/head"
    },
    {
      "predicate": {
        "custom_model_data": 72
      },
      "model": "modelengine:specter/upper_body"
    },
    {
      "predicate": {
        "custom_model_data": 73
      },
      "model": "modelengine:specter/right_arm"
    },
    {
      "predicate": {
        "custom_model_data": 74
      },
      "model": "modelengine:specter/left_arm"
    },
    {
      "predicate": {
        "custom_model_data": 75
      },
      "model": "modelengine:specter/jaw"
    },
    {
      "predicate": {
        "custom_model_data": 76
      },
      "model": "modelengine:specter/lower_body"
    },
    {
      "predicate": {
        "custom_model_data": 77
      },
      "model": "modelengine:specter/right_wrist"
    },
    {
      "predicate": {
        "custom_model_data": 78
      },
      "model": "modelengine:specter/left_wrist"
    },
    {
      "predicate": {
        "custom_model_data": 79
      },
      "model": "modelengine:specter/cloth"
    },
    {
      "predicate": {
        "custom_model_data": 80
      },
      "model": "modelengine:specter/right_fingers"
    },
    {
      "predicate": {
        "custom_model_data": 81
      },
      "model": "modelengine:specter/right_thumb"
    },
    {
      "predicate": {
        "custom_model_data": 82
      },
      "model": "modelengine:specter/left_thumb"
    },
    {
      "predicate": {
        "custom_model_data": 83
      },
      "model": "modelengine:specter/left_fingers"
    },
    {
      "predicate": {
        "custom_model_data": 84
      },
      "model": "modelengine:zombie_brute/upper_body"
    },
    {
      "predicate": {
        "custom_model_data": 85
      },
      "model": "modelengine:zombie_brute/left_leg"
    },
    {
      "predicate": {
        "custom_model_data": 86
      },
      "model": "modelengine:zombie_brute/right_leg"
    },
    {
      "predicate": {
        "custom_model_data": 87
      },
      "model": "modelengine:zombie_brute/stomach"
    },
    {
      "predicate": {
        "custom_model_data": 88
      },
      "model": "modelengine:zombie_brute/left_ankle"
    },
    {
      "predicate": {
        "custom_model_data": 89
      },
      "model": "modelengine:zombie_brute/right_ankle"
    },
    {
      "predicate": {
        "custom_model_data": 90
      },
      "model": "modelengine:zombie_brute/chest"
    },
    {
      "predicate": {
        "custom_model_data": 91
      },
      "model": "modelengine:zombie_brute/left_foot"
    },
    {
      "predicate": {
        "custom_model_data": 92
      },
      "model": "modelengine:zombie_brute/right_foot"
    },
    {
      "predicate": {
        "custom_model_data": 93
      },
      "model": "modelengine:zombie_brute/head"
    },
    {
      "predicate": {
        "custom_model_data": 94
      },
      "model": "modelengine:zombie_brute/right_arm"
    },
    {
      "predicate": {
        "custom_model_data": 95
      },
      "model": "modelengine:zombie_brute/left_arm"
    },
    {
      "predicate": {
        "custom_model_data": 96
      },
      "model": "modelengine:zombie_brute/jaw"
    },
    {
      "predicate": {
        "custom_model_data": 97
      },
      "model": "modelengine:zombie_brute/right_wrist"
    },
    {
      "predicate": {
        "custom_model_data": 98
      },
      "model": "modelengine:zombie_brute/left_wrist"
    },
    {
      "predicate": {
        "custom_model_data": 99
      },
      "model": "modelengine:zombie_brute/right_fist"
    },
    {
      "predicate": {
        "custom_model_data": 100
      },
      "model": "modelengine:zombie_brute/right_thumb"
    },
    {
      "predicate": {
        "custom_model_data": 101
      },
      "model": "modelengine:zombie_brute/right_fingers"
    },
    {
      "predicate": {
        "custom_model_data": 102
      },
      "model": "modelengine:awakened_shrub/upper_body"
    },
    {
      "predicate": {
        "custom_model_data": 103
      },
      "model": "modelengine:awakened_shrub/left_leg"
    },
    {
      "predicate": {
        "custom_model_data": 104
      },
      "model": "modelengine:awakened_shrub/right_leg"
    },
    {
      "predicate": {
        "custom_model_data": 105
      },
      "model": "modelengine:awakened_shrub/head"
    },
    {
      "predicate": {
        "custom_model_data": 106
      },
      "model": "modelengine:bug_swarm/body"
    },
    {
      "predicate": {
        "custom_model_data": 107
      },
      "model": "modelengine:bug_swarm/head"
    },
    {
      "predicate": {
        "custom_model_data": 108
      },
      "model": "modelengine:bug_swarm/left_leg"
    },
    {
      "predicate": {
        "custom_model_data": 109
      },
      "model": "modelengine:bug_swarm/right_wing"
    },
    {
      "predicate": {
        "custom_model_data": 110
      },
      "model": "modelengine:bug_swarm/right_leg"
    },
    {
      "predicate": {
        "custom_model_data": 111
      },
      "model": "modelengine:bug_swarm/left_wing"
    },
    {
      "predicate": {
        "custom_model_data": 112
      },
      "model": "modelengine:bug_swarm/tail"
    },
    {
      "predicate": {
        "custom_model_data": 113
      },
      "model": "modelengine:explosive_seed/bone"
    },
    {
      "predicate": {
        "custom_model_data": 114
      },
      "model": "modelengine:mutant_flower/left_leg"
    },
    {
      "predicate": {
        "custom_model_data": 115
      },
      "model": "modelengine:mutant_flower/upper_body"
    },
    {
      "predicate": {
        "custom_model_data": 116
      },
      "model": "modelengine:mutant_flower/right_leg"
    },
    {
      "predicate": {
        "custom_model_data": 117
      },
      "model": "modelengine:mutant_flower/back_leg"
    },
    {
      "predicate": {
        "custom_model_data": 118
      },
      "model": "modelengine:mutant_flower/front_leg"
    },
    {
      "predicate": {
        "custom_model_data": 119
      },
      "model": "modelengine:mutant_flower/back_right_leaf"
    },
    {
      "predicate": {
        "custom_model_data": 120
      },
      "model": "modelengine:mutant_flower/chest"
    },
    {
      "predicate": {
        "custom_model_data": 121
      },
      "model": "modelengine:mutant_flower/front_left_leaf"
    },
    {
      "predicate": {
        "custom_model_data": 122
      },
      "model": "modelengine:mutant_flower/back_left_leaf"
    },
    {
      "predicate": {
        "custom_model_data": 123
      },
      "model": "modelengine:mutant_flower/front_right_leaf"
    },
    {
      "predicate": {
        "custom_model_data": 124
      },
      "model": "modelengine:mutant_flower/head"
    },
    {
      "predicate": {
        "custom_model_data": 125
      },
      "model": "modelengine:mutant_flower/back_petal"
    },
    {
      "predicate": {
        "custom_model_data": 126
      },
      "model": "modelengine:mutant_flower/right_petal"
    },
    {
      "predicate": {
        "custom_model_data": 127
      },
      "model": "modelengine:mutant_flower/front_petal"
    },
    {
      "predicate": {
        "custom_model_data": 128
      },
      "model": "modelengine:mutant_flower/left_petal"
    },
    {
      "predicate": {
        "custom_model_data": 129
      },
      "model": "modelengine:mutant_flower/back_mouth"
    },
    {
      "predicate": {
        "custom_model_data": 130
      },
      "model": "modelengine:mutant_flower/front_mouth"
    },
    {
      "predicate": {
        "custom_model_data": 131
      },
      "model": "modelengine:mutant_flower/right_mouth"
    },
    {
      "predicate": {
        "custom_model_data": 132
      },
      "model": "modelengine:mutant_flower/left_mouth"
    },
    {
      "predicate": {
        "custom_model_data": 133
      },
      "model": "modelengine:mutant_flower/back_petal_end"
    },
    {
      "predicate": {
        "custom_model_data": 134
      },
      "model": "modelengine:mutant_flower/right_petal_end"
    },
    {
      "predicate": {
        "custom_model_data": 135
      },
      "model": "modelengine:mutant_flower/front_petal_end"
    },
    {
      "predicate": {
        "custom_model_data": 136
      },
      "model": "modelengine:mutant_flower/left_petal_end"
    },
    {
      "predicate": {
        "custom_model_data": 137
      },
      "model": "modelengine:mutant_flower_vine/body"
    },
    {
      "predicate": {
        "custom_model_data": 138
      },
      "model": "modelengine:mutant_flower_vine/middle"
    },
    {
      "predicate": {
        "custom_model_data": 139
      },
      "model": "modelengine:mutant_flower_vine/top"
    },
    {
      "predicate": {
        "custom_model_data": 140
      },
      "model": "modelengine:thorn_spitter/body"
    },
    {
      "predicate": {
        "custom_model_data": 141
      },
      "model": "modelengine:thorn_spitter/upper_body"
    },
    {
      "predicate": {
        "custom_model_data": 142
      },
      "model": "modelengine:thorn_spitter/back_petal"
    },
    {
      "predicate": {
        "custom_model_data": 143
      },
      "model": "modelengine:thorn_spitter/right_petal"
    },
    {
      "predicate": {
        "custom_model_data": 144
      },
      "model": "modelengine:thorn_spitter/stomach"
    },
    {
      "predicate": {
        "custom_model_data": 145
      },
      "model": "modelengine:thorn_spitter/front_petal"
    },
    {
      "predicate": {
        "custom_model_data": 146
      },
      "model": "modelengine:thorn_spitter/left_petal"
    },
    {
      "predicate": {
        "custom_model_data": 147
      },
      "model": "modelengine:thorn_spitter/chest"
    },
    {
      "predicate": {
        "custom_model_data": 148
      },
      "model": "modelengine:thorn_spitter/head"
    },
    {
      "predicate": {
        "custom_model_data": 149
      },
      "model": "modelengine:thorn_spitter/right_down_jaw"
    },
    {
      "predicate": {
        "custom_model_data": 150
      },
      "model": "modelengine:thorn_spitter/left_down_jaw"
    },
    {
      "predicate": {
        "custom_model_data": 151
      },
      "model": "modelengine:thorn_spitter/right_up_jaw"
    },
    {
      "predicate": {
        "custom_model_data": 152
      },
      "model": "modelengine:thorn_spitter/left_up_jaw"
    },
    {
      "predicate": {
        "custom_model_data": 153
      },
      "model": "modelengine:vine_guardian/upper_body"
    },
    {
      "predicate": {
        "custom_model_data": 154
      },
      "model": "modelengine:vine_guardian/left_leg"
    },
    {
      "predicate": {
        "custom_model_data": 155
      },
      "model": "modelengine:vine_guardian/right_leg"
    },
    {
      "predicate": {
        "custom_model_data": 156
      },
      "model": "modelengine:vine_guardian/head"
    },
    {
      "predicate": {
        "custom_model_data": 157
      },
      "model": "modelengine:vine_guardian/right_arm"
    },
    {
      "predicate": {
        "custom_model_data": 158
      },
      "model": "modelengine:vine_guardian/left_arm"
    },
    {
      "predicate": {
        "custom_model_data": 159
      },
      "model": "modelengine:vine_guardian/left_ankle"
    },
    {
      "predicate": {
        "custom_model_data": 160
      },
      "model": "modelengine:vine_guardian/right_ankle"
    },
    {
      "predicate": {
        "custom_model_data": 161
      },
      "model": "modelengine:vine_guardian/jaw"
    },
    {
      "predicate": {
        "custom_model_data": 162
      },
      "model": "modelengine:vine_guardian/right_wrist"
    },
    {
      "predicate": {
        "custom_model_data": 163
      },
      "model": "modelengine:vine_guardian/left_wrist"
    },
    {
      "predicate": {
        "custom_model_data": 164
      },
      "model": "modelengine:vine_guardian/left_foot"
    },
    {
      "predicate": {
        "custom_model_data": 165
      },
      "model": "modelengine:vine_guardian/right_foot"
    },
    {
      "predicate": {
        "custom_model_data": 166
      },
      "model": "modelengine:vine_root/vine2"
    },
    {
      "predicate": {
        "custom_model_data": 167
      },
      "model": "modelengine:vine_root/vine"
    }
  ],
  "parent": "minecraft:item/generated",
  "textures": {
    "layer0": "minecraft:item/leather_horse_armor"
  }
}