{"textures":{"0":"modelengine:entity/mutant_flower","particle":"#0"},"elements":[{"from":[-11.71648,-3.990467,8.72274],"to":[27.71648,-3.990467,29.212404],"faces":{"up":{"uv":[5.0625,4.3125,3.8125,4.9375],"tintindex":0,"rotation":0,"texture":"#0"},"down":{"uv":[5.0625,4.9375,3.8125,4.3125],"tintindex":0,"rotation":0,"texture":"#0"}},"rotation":{"origin":[8.0,0.17975998,-22.640896],"angle":-22.5,"axis":"x"}}],"display":{"head":{"rotation":[0.0,0.0,0.0]},"firstperson_righthand":{"rotation":[0.0,0.0,0.0]},"thirdperson_lefthand":{"rotation":[0.0,-0.0,-0.0]},"firstperson_lefthand":{"rotation":[0.0,-0.0,-0.0]},"fixed":{"rotation":[0.0,0.0,0.0]},"ground":{"rotation":[0.0,0.0,0.0]},"thirdperson_righthand":{"rotation":[0.0,0.0,0.0]},"gui":{"rotation":[-150.0,-45.0,180.0]}}}