{"textures":{"0":"modelengine:entity/mutant_flower","particle":"#0"},"elements":[{"from":[-2.846242,14.078113,-14.7036705],"to":[16.870237,14.078113,3.041162],"faces":{"up":{"uv":[3.9375,2.3125,5.1875,1.1875],"tintindex":0,"rotation":0,"texture":"#0"},"down":{"uv":[3.9375,1.1875,5.1875,2.3125],"tintindex":0,"rotation":0,"texture":"#0"}},"rotation":{"origin":[7.997822,13.267442,7.970282],"angle":45.0,"axis":"y"}},{"from":[-0.87459373,14.078113,12.899403],"to":[18.841885,14.078113,30.644234],"faces":{"up":{"uv":[5.1875,1.1875,3.9375,2.3125],"tintindex":0,"rotation":0,"texture":"#0"},"down":{"uv":[5.1875,2.3125,3.9375,1.1875],"tintindex":0,"rotation":0,"texture":"#0"}},"rotation":{"origin":[7.997822,13.267442,7.970282],"angle":45.0,"axis":"y"}},{"from":[-0.3816824,8.113877,0.08369017],"to":[16.377327,14.028821,16.842697],"faces":{"east":{"uv":[8.5,1.0625,9.5625,1.4375],"tintindex":0,"rotation":0,"texture":"#0"},"south":{"uv":[8.5625,3.5625,9.625,3.9375],"tintindex":0,"rotation":0,"texture":"#0"},"north":{"uv":[8.5,0.625,9.5625,1.0],"tintindex":0,"rotation":0,"texture":"#0"},"west":{"uv":[8.6875,5.0625,9.75,5.4375],"tintindex":0,"rotation":0,"texture":"#0"},"up":{"uv":[1.0625,6.3125,0.0,5.25],"tintindex":0,"rotation":0,"texture":"#0"},"down":{"uv":[6.3125,0.0,5.25,1.0625],"tintindex":0,"rotation":0,"texture":"#0"}}},{"from":[-2.846242,14.078113,12.899403],"to":[16.870237,14.078113,30.644234],"faces":{"up":{"uv":[3.9375,1.1875,5.1875,2.3125],"tintindex":0,"rotation":0,"texture":"#0"},"down":{"uv":[3.9375,2.3125,5.1875,1.1875],"tintindex":0,"rotation":0,"texture":"#0"}},"rotation":{"origin":[7.997822,13.267442,7.970282],"angle":-45.0,"axis":"y"}},{"from":[-0.87459373,14.078113,-14.7036705],"to":[18.841885,14.078113,3.041162],"faces":{"up":{"uv":[5.1875,2.3125,3.9375,1.1875],"tintindex":0,"rotation":0,"texture":"#0"},"down":{"uv":[5.1875,1.1875,3.9375,2.3125],"tintindex":0,"rotation":0,"texture":"#0"}},"rotation":{"origin":[7.997822,13.267442,7.970282],"angle":-45.0,"axis":"y"}}],"display":{"head":{"rotation":[0.0,0.0,0.0]},"firstperson_righthand":{"rotation":[0.0,0.0,0.0]},"thirdperson_lefthand":{"rotation":[0.0,-0.0,-0.0]},"firstperson_lefthand":{"rotation":[0.0,-0.0,-0.0]},"fixed":{"rotation":[0.0,0.0,0.0]},"ground":{"rotation":[0.0,0.0,0.0]},"thirdperson_righthand":{"rotation":[0.0,0.0,0.0]},"gui":{"rotation":[-150.0,-45.0,180.0]}}}