{"textures":{"0":"modelengine:entity/mutant_flower","particle":"#0"},"elements":[{"from":[-11.71648,1.6690845,-6.9162846],"to":[27.71648,1.6690845,8.5733795],"faces":{"up":{"uv":[5.0625,4.3125,3.8125,3.8125],"tintindex":0,"rotation":0,"texture":"#0"},"down":{"uv":[5.0625,3.8125,3.8125,4.3125],"tintindex":0,"rotation":0,"texture":"#0"}},"rotation":{"origin":[8.0,5.8393135,24.937016],"angle":22.5,"axis":"x"}}],"display":{"head":{"rotation":[0.0,0.0,0.0]},"firstperson_righthand":{"rotation":[0.0,0.0,0.0]},"thirdperson_lefthand":{"rotation":[0.0,-0.0,-0.0]},"firstperson_lefthand":{"rotation":[0.0,-0.0,-0.0]},"fixed":{"rotation":[0.0,0.0,0.0]},"ground":{"rotation":[0.0,0.0,0.0]},"thirdperson_righthand":{"rotation":[0.0,0.0,0.0]},"gui":{"rotation":[-150.0,-45.0,180.0]}}}