{"textures":{"0":"modelengine:entity/mutant_flower","particle":"#0"},"elements":[{"from":[2.0850558,8.087124,18.706377],"to":[13.914944,21.888657,18.706377],"faces":{"south":{"uv":[10.75,6.5625,11.125,7.0],"tintindex":0,"rotation":0,"texture":"#0"},"north":{"uv":[10.75,5.375,11.125,5.8125],"tintindex":0,"rotation":0,"texture":"#0"}},"rotation":{"origin":[8.0,-19.289017,13.679718],"angle":-22.5,"axis":"x"}}],"display":{"head":{"rotation":[0.0,0.0,0.0]},"firstperson_righthand":{"rotation":[0.0,0.0,0.0]},"thirdperson_lefthand":{"rotation":[0.0,-0.0,-0.0]},"firstperson_lefthand":{"rotation":[0.0,-0.0,-0.0]},"fixed":{"rotation":[0.0,0.0,0.0]},"ground":{"rotation":[0.0,0.0,0.0]},"thirdperson_righthand":{"rotation":[0.0,0.0,0.0]},"gui":{"rotation":[-150.0,-45.0,180.0]}}}