{"textures":{"0":"modelengine:entity/mutant_flower","particle":"#0"},"elements":[{"from":[-7.1662846,1.6690845,-11.71648],"to":[8.3233795,1.6690845,27.71648],"faces":{"up":{"uv":[5.0625,4.3125,3.8125,3.8125],"tintindex":0,"rotation":270,"texture":"#0"},"down":{"uv":[5.0625,3.8125,3.8125,4.3125],"tintindex":0,"rotation":90,"texture":"#0"}},"rotation":{"origin":[24.687016,5.8393135,8.0],"angle":-22.5,"axis":"z"}}],"display":{"head":{"rotation":[0.0,0.0,0.0]},"firstperson_righthand":{"rotation":[0.0,0.0,0.0]},"thirdperson_lefthand":{"rotation":[0.0,-0.0,-0.0]},"firstperson_lefthand":{"rotation":[0.0,-0.0,-0.0]},"fixed":{"rotation":[0.0,0.0,0.0]},"ground":{"rotation":[0.0,0.0,0.0]},"thirdperson_righthand":{"rotation":[0.0,0.0,0.0]},"gui":{"rotation":[-150.0,-45.0,180.0]}}}