{"textures":{"0":"modelengine:entity/mutant_flower","particle":"#0"},"elements":[{"from":[-13.212404,-3.8904648,-11.71648],"to":[7.27726,-3.8904648,27.71648],"faces":{"up":{"uv":[5.0625,4.9375,3.8125,4.3125],"tintindex":0,"rotation":270,"texture":"#0"},"down":{"uv":[5.0625,4.3125,3.8125,4.9375],"tintindex":0,"rotation":90,"texture":"#0"}},"rotation":{"origin":[38.640896,0.27976227,8.0],"angle":-22.5,"axis":"z"}}],"display":{"head":{"rotation":[0.0,0.0,0.0]},"firstperson_righthand":{"rotation":[0.0,0.0,0.0]},"thirdperson_lefthand":{"rotation":[0.0,-0.0,-0.0]},"firstperson_lefthand":{"rotation":[0.0,-0.0,-0.0]},"fixed":{"rotation":[0.0,0.0,0.0]},"ground":{"rotation":[0.0,0.0,0.0]},"thirdperson_righthand":{"rotation":[0.0,0.0,0.0]},"gui":{"rotation":[-150.0,-45.0,180.0]}}}