{"textures":{"0":"modelengine:entity/mutant_flower","particle":"#0"},"elements":[{"from":[-2.706377,8.137127,2.0850558],"to":[-2.706377,21.93866,13.914944],"faces":{"east":{"uv":[10.8125,10.25,11.1875,10.6875],"tintindex":0,"rotation":0,"texture":"#0"},"west":{"uv":[10.5625,10.8125,10.9375,11.25],"tintindex":0,"rotation":0,"texture":"#0"}},"rotation":{"origin":[2.3202825,-19.239014,8.0],"angle":-22.5,"axis":"z"}}],"display":{"head":{"rotation":[0.0,0.0,0.0]},"firstperson_righthand":{"rotation":[0.0,0.0,0.0]},"thirdperson_lefthand":{"rotation":[0.0,-0.0,-0.0]},"firstperson_lefthand":{"rotation":[0.0,-0.0,-0.0]},"fixed":{"rotation":[0.0,0.0,0.0]},"ground":{"rotation":[0.0,0.0,0.0]},"thirdperson_righthand":{"rotation":[0.0,0.0,0.0]},"gui":{"rotation":[-150.0,-45.0,180.0]}}}