{"textures":{"0":"modelengine:entity/mutant_flower","particle":"#0"},"elements":[{"from":[5.042528,8.108503,-1.9379187],"to":[10.957472,24.867512,2.991201],"faces":{"east":{"uv":[4.5625,9.625,4.875,10.6875],"tintindex":0,"rotation":0,"texture":"#0"},"south":{"uv":[1.5625,8.75,1.9375,9.8125],"tintindex":0,"rotation":0,"texture":"#0"},"north":{"uv":[5.1875,8.625,5.5625,9.6875],"tintindex":0,"rotation":0,"texture":"#0"},"west":{"uv":[8.6875,9.625,9.0,10.6875],"tintindex":0,"rotation":0,"texture":"#0"},"up":{"uv":[11.4375,1.3125,11.0625,1.0],"tintindex":0,"rotation":0,"texture":"#0"},"down":{"uv":[11.4375,5.875,11.0625,6.1875],"tintindex":0,"rotation":0,"texture":"#0"}},"rotation":{"origin":[8.0,28.54149,7.730446],"angle":-22.5,"axis":"x"}},{"from":[4.056704,8.108503,-2.9237432],"to":[11.943296,22.895864,3.977025],"faces":{"east":{"uv":[0.5625,8.0625,1.0,9.0],"tintindex":0,"rotation":0,"texture":"#0"},"south":{"uv":[0.0,8.0625,0.5,9.0],"tintindex":0,"rotation":0,"texture":"#0"},"north":{"uv":[4.125,7.875,4.625,8.8125],"tintindex":0,"rotation":0,"texture":"#0"},"west":{"uv":[8.5625,2.5625,9.0,3.5],"tintindex":0,"rotation":0,"texture":"#0"},"up":{"uv":[6.125,8.1875,5.625,7.75],"tintindex":0,"rotation":0,"texture":"#0"},"down":{"uv":[10.5625,0.0,10.0625,0.4375],"tintindex":0,"rotation":0,"texture":"#0"}},"rotation":{"origin":[8.0,28.54149,7.730446],"angle":-22.5,"axis":"x"}}],"display":{"head":{"rotation":[0.0,0.0,0.0]},"firstperson_righthand":{"rotation":[0.0,0.0,0.0]},"thirdperson_lefthand":{"rotation":[0.0,-0.0,-0.0]},"firstperson_lefthand":{"rotation":[0.0,-0.0,-0.0]},"fixed":{"rotation":[0.0,0.0,0.0]},"ground":{"rotation":[0.0,0.0,0.0]},"thirdperson_righthand":{"rotation":[0.0,0.0,0.0]},"gui":{"rotation":[-150.0,-45.0,180.0]}}}