{"textures":{"0":"modelengine:entity/bug_swarm","particle":"#0"},"elements":[{"from":[6.0,9.104843,-0.14847374],"to":[6.0,13.104843,4.8515267],"faces":{"east":{"uv":[5.5,6.25,4.25,7.25],"tintindex":0,"rotation":0,"texture":"#0"},"west":{"uv":[4.25,6.25,5.5,7.25],"tintindex":0,"rotation":0,"texture":"#0"}},"rotation":{"origin":[8.0,8.25,11.5],"angle":-22.5,"axis":"x"}},{"from":[5.0,6.4061127,4.3036976],"to":[11.0,10.406113,8.303698],"faces":{"east":{"uv":[5.75,6.5,6.75,7.5],"tintindex":0,"rotation":0,"texture":"#0"},"south":{"uv":[4.5,1.25,6.0,2.25],"tintindex":0,"rotation":0,"texture":"#0"},"north":{"uv":[4.5,0.0,6.0,1.0],"tintindex":0,"rotation":0,"texture":"#0"},"west":{"uv":[0.0,7.0,1.0,8.0],"tintindex":0,"rotation":0,"texture":"#0"},"up":{"uv":[6.0,5.0,4.5,4.0],"tintindex":0,"rotation":0,"texture":"#0"},"down":{"uv":[4.0,5.25,2.5,6.25],"tintindex":0,"rotation":0,"texture":"#0"}}},{"from":[10.0,11.828286,6.289718],"to":[10.0,15.828286,10.289719],"faces":{"east":{"uv":[8.25,0.0,7.25,1.0],"tintindex":0,"rotation":0,"texture":"#0"},"west":{"uv":[7.25,0.0,8.25,1.0],"tintindex":0,"rotation":0,"texture":"#0"}},"rotation":{"origin":[8.0,8.25,11.5],"angle":-22.5,"axis":"x"}},{"from":[10.0,9.104843,-0.14847374],"to":[10.0,13.104843,4.8515267],"faces":{"east":{"uv":[5.5,6.25,4.25,7.25],"tintindex":0,"rotation":0,"texture":"#0"},"west":{"uv":[4.25,6.25,5.5,7.25],"tintindex":0,"rotation":0,"texture":"#0"}},"rotation":{"origin":[8.0,8.25,11.5],"angle":-22.5,"axis":"x"}},{"from":[6.0,11.828286,6.289718],"to":[6.0,15.828286,10.289719],"faces":{"east":{"uv":[8.25,0.0,7.25,1.0],"tintindex":0,"rotation":0,"texture":"#0"},"west":{"uv":[7.25,0.0,8.25,1.0],"tintindex":0,"rotation":0,"texture":"#0"}},"rotation":{"origin":[8.0,8.25,11.5],"angle":-22.5,"axis":"x"}}],"display":{"head":{"rotation":[0.0,0.0,0.0]},"firstperson_righthand":{"rotation":[0.0,0.0,0.0]},"thirdperson_lefthand":{"rotation":[0.0,-0.0,-0.0]},"firstperson_lefthand":{"rotation":[0.0,-0.0,-0.0]},"fixed":{"rotation":[0.0,0.0,0.0]},"ground":{"rotation":[0.0,0.0,0.0]},"thirdperson_righthand":{"rotation":[0.0,0.0,0.0]},"gui":{"rotation":[-150.0,-45.0,180.0]}}}