{"textures":{"0":"modelengine:entity/thorn_spitter"},"elements":[{"from":[1.0,9.274061,-3.877674],"to":[15.0,9.274061,5.122326],"faces":{"up":{"uv":[5.0,3.75,3.25,4.875],"tintindex":0,"rotation":0,"texture":"#0"},"down":{"uv":[6.625,1.125,4.875,0.0],"tintindex":0,"rotation":0,"texture":"#0"}},"rotation":{"origin":[8.0,19.784199,4.9812903],"angle":-45.0,"axis":"x"}},{"from":[1.0,15.891826,14.744438],"to":[15.0,15.891826,23.744438],"faces":{"up":{"uv":[6.625,1.25,4.875,2.375],"tintindex":0,"rotation":0,"texture":"#0"},"down":{"uv":[6.625,3.625,4.875,2.5],"tintindex":0,"rotation":0,"texture":"#0"}},"rotation":{"origin":[8.0,19.784199,4.9812903],"angle":22.5,"axis":"x"}}],"display":{"gui":{"rotation":[30,225,0]}}}