{"textures":{"0":"modelengine:entity/thorn_spitter"},"elements":[{"from":[19.43198,0.4325161,7.0],"to":[26.43198,2.432516,9.0],"faces":{"east":{"uv":[8.5,5.375,8.75,5.625],"tintindex":0,"rotation":0,"texture":"#0"},"south":{"uv":[12.625,3.375,13.5,3.625],"tintindex":0,"rotation":0,"texture":"#0"},"north":{"uv":[12.625,3.0,13.5,3.25],"tintindex":0,"rotation":0,"texture":"#0"},"west":{"uv":[9.25,0.875,9.5,1.125],"tintindex":0,"rotation":0,"texture":"#0"},"up":{"uv":[13.5,4.625,12.625,4.375],"tintindex":0,"rotation":0,"texture":"#0"},"down":{"uv":[13.5,4.75,12.625,5.0],"tintindex":0,"rotation":0,"texture":"#0"}},"rotation":{"origin":[8.0,8.010942,8.0],"angle":22.5,"axis":"z"}},{"from":[-5.4571066,10.52871,6.0],"to":[1.5428934,14.52871,10.0],"faces":{"east":{"uv":[5.75,12.375,5.25,12.875],"tintindex":0,"rotation":0,"texture":"#0"},"south":{"uv":[12.875,7.875,12.0,8.375],"tintindex":0,"rotation":0,"texture":"#0"},"north":{"uv":[12.875,5.375,12.0,5.875],"tintindex":0,"rotation":0,"texture":"#0"},"west":{"uv":[3.125,12.375,2.625,12.875],"tintindex":0,"rotation":0,"texture":"#0"},"up":{"uv":[12.0,9.0,12.875,8.5],"tintindex":0,"rotation":0,"texture":"#0"},"down":{"uv":[12.0,9.125,12.875,9.625],"tintindex":0,"rotation":0,"texture":"#0"}},"rotation":{"origin":[8.0,8.010942,8.0],"angle":22.5,"axis":"z"}},{"from":[-10.43198,0.4325161,7.0],"to":[-3.4319801,2.432516,9.0],"faces":{"east":{"uv":[9.5,0.875,9.25,1.125],"tintindex":0,"rotation":0,"texture":"#0"},"south":{"uv":[13.5,3.375,12.625,3.625],"tintindex":0,"rotation":0,"texture":"#0"},"north":{"uv":[13.5,3.0,12.625,3.25],"tintindex":0,"rotation":0,"texture":"#0"},"west":{"uv":[8.75,5.375,8.5,5.625],"tintindex":0,"rotation":0,"texture":"#0"},"up":{"uv":[12.625,4.625,13.5,4.375],"tintindex":0,"rotation":0,"texture":"#0"},"down":{"uv":[12.625,4.75,13.5,5.0],"tintindex":0,"rotation":0,"texture":"#0"}},"rotation":{"origin":[8.0,8.010942,8.0],"angle":-22.5,"axis":"z"}},{"from":[14.457107,10.52871,6.0],"to":[21.457108,14.52871,10.0],"faces":{"east":{"uv":[2.625,12.375,3.125,12.875],"tintindex":0,"rotation":0,"texture":"#0"},"south":{"uv":[12.0,7.875,12.875,8.375],"tintindex":0,"rotation":0,"texture":"#0"},"north":{"uv":[12.0,5.375,12.875,5.875],"tintindex":0,"rotation":0,"texture":"#0"},"west":{"uv":[5.25,12.375,5.75,12.875],"tintindex":0,"rotation":0,"texture":"#0"},"up":{"uv":[12.875,9.0,12.0,8.5],"tintindex":0,"rotation":0,"texture":"#0"},"down":{"uv":[12.875,9.125,12.0,9.625],"tintindex":0,"rotation":0,"texture":"#0"}},"rotation":{"origin":[8.0,8.010942,8.0],"angle":-22.5,"axis":"z"}},{"from":[5.0,3.432516,8.43198],"to":[11.0,8.432516,17.43198],"faces":{"east":{"uv":[10.75,0.0,11.875,0.625],"tintindex":0,"rotation":0,"texture":"#0"},"south":{"uv":[11.75,0.75,12.5,1.375],"tintindex":0,"rotation":0,"texture":"#0"},"north":{"uv":[11.0,11.625,11.75,12.25],"tintindex":0,"rotation":0,"texture":"#0"},"west":{"uv":[10.75,6.875,11.875,7.5],"tintindex":0,"rotation":0,"texture":"#0"},"up":{"uv":[2.5,11.375,1.75,10.25],"tintindex":0,"rotation":0,"texture":"#0"},"down":{"uv":[3.375,10.25,2.625,11.375],"tintindex":0,"rotation":0,"texture":"#0"}},"rotation":{"origin":[8.0,8.010942,8.0],"angle":-22.5,"axis":"x"}},{"from":[7.0,0.4325161,-10.431982],"to":[9.0,2.432516,-3.4319801],"faces":{"east":{"uv":[10.75,12.375,11.625,12.625],"tintindex":0,"rotation":0,"texture":"#0"},"south":{"uv":[7.0,5.75,7.25,6.0],"tintindex":0,"rotation":0,"texture":"#0"},"north":{"uv":[1.5,6.875,1.75,7.125],"tintindex":0,"rotation":0,"texture":"#0"},"west":{"uv":[12.375,11.125,13.25,11.375],"tintindex":0,"rotation":0,"texture":"#0"},"up":{"uv":[4.375,8.75,4.125,7.875],"tintindex":0,"rotation":0,"texture":"#0"},"down":{"uv":[3.75,10.25,3.5,11.125],"tintindex":0,"rotation":0,"texture":"#0"}},"rotation":{"origin":[8.0,8.010942,8.0],"angle":22.5,"axis":"x"}},{"from":[6.0,10.52871,-5.4571066],"to":[10.0,14.52871,1.5428934],"faces":{"east":{"uv":[11.75,3.75,12.625,4.25],"tintindex":0,"rotation":0,"texture":"#0"},"south":{"uv":[0.0,12.375,0.5,12.875],"tintindex":0,"rotation":0,"texture":"#0"},"north":{"uv":[9.5,12.25,10.0,12.75],"tintindex":0,"rotation":0,"texture":"#0"},"west":{"uv":[11.75,9.875,12.625,10.375],"tintindex":0,"rotation":0,"texture":"#0"},"up":{"uv":[1.375,10.0,0.875,9.125],"tintindex":0,"rotation":0,"texture":"#0"},"down":{"uv":[12.25,10.5,11.75,11.375],"tintindex":0,"rotation":0,"texture":"#0"}},"rotation":{"origin":[8.0,8.010942,8.0],"angle":-22.5,"axis":"x"}},{"from":[5.0,3.432516,-1.4319801],"to":[11.0,8.432516,7.5680194],"faces":{"east":{"uv":[10.5,6.125,11.625,6.75],"tintindex":0,"rotation":0,"texture":"#0"},"south":{"uv":[10.125,11.625,10.875,12.25],"tintindex":0,"rotation":0,"texture":"#0"},"north":{"uv":[9.375,4.625,10.125,5.25],"tintindex":0,"rotation":0,"texture":"#0"},"west":{"uv":[6.0,10.625,7.125,11.25],"tintindex":0,"rotation":0,"texture":"#0"},"up":{"uv":[1.625,11.25,0.875,10.125],"tintindex":0,"rotation":0,"texture":"#0"},"down":{"uv":[10.75,10.125,10.0,11.25],"tintindex":0,"rotation":0,"texture":"#0"}},"rotation":{"origin":[8.0,8.010942,8.0],"angle":22.5,"axis":"x"}},{"from":[6.0,10.52871,14.457107],"to":[10.0,14.52871,21.457108],"faces":{"east":{"uv":[11.875,11.5,12.75,12.0],"tintindex":0,"rotation":0,"texture":"#0"},"south":{"uv":[2.0,12.375,2.5,12.875],"tintindex":0,"rotation":0,"texture":"#0"},"north":{"uv":[1.375,12.375,1.875,12.875],"tintindex":0,"rotation":0,"texture":"#0"},"west":{"uv":[12.0,0.0,12.875,0.5],"tintindex":0,"rotation":0,"texture":"#0"},"up":{"uv":[12.5,5.25,12.0,4.375],"tintindex":0,"rotation":0,"texture":"#0"},"down":{"uv":[12.5,6.875,12.0,7.75],"tintindex":0,"rotation":0,"texture":"#0"}},"rotation":{"origin":[8.0,8.010942,8.0],"angle":22.5,"axis":"x"}},{"from":[7.0,0.4325161,19.43198],"to":[9.0,2.432516,26.43198],"faces":{"east":{"uv":[7.75,12.5,8.625,12.75],"tintindex":0,"rotation":0,"texture":"#0"},"south":{"uv":[8.125,2.375,8.375,2.625],"tintindex":0,"rotation":0,"texture":"#0"},"north":{"uv":[7.625,7.125,7.875,7.375],"tintindex":0,"rotation":0,"texture":"#0"},"west":{"uv":[12.625,0.625,13.5,0.875],"tintindex":0,"rotation":0,"texture":"#0"},"up":{"uv":[12.875,1.875,12.625,1.0],"tintindex":0,"rotation":0,"texture":"#0"},"down":{"uv":[12.875,2.0,12.625,2.875],"tintindex":0,"rotation":0,"texture":"#0"}},"rotation":{"origin":[8.0,8.010942,8.0],"angle":-22.5,"axis":"x"}},{"from":[8.43198,3.432516,5.0],"to":[17.43198,8.432516,11.0],"faces":{"east":{"uv":[11.75,1.5,12.5,2.125],"tintindex":0,"rotation":0,"texture":"#0"},"south":{"uv":[10.75,8.375,11.875,9.0],"tintindex":0,"rotation":0,"texture":"#0"},"north":{"uv":[10.75,7.625,11.875,8.25],"tintindex":0,"rotation":0,"texture":"#0"},"west":{"uv":[11.75,2.25,12.5,2.875],"tintindex":0,"rotation":0,"texture":"#0"},"up":{"uv":[11.625,1.625,10.5,0.875],"tintindex":0,"rotation":0,"texture":"#0"},"down":{"uv":[11.625,1.75,10.5,2.5],"tintindex":0,"rotation":0,"texture":"#0"}},"rotation":{"origin":[8.0,8.010942,8.0],"angle":22.5,"axis":"z"}},{"from":[-1.4319801,3.432516,5.0],"to":[7.5680194,8.432516,11.0],"faces":{"east":{"uv":[12.5,2.25,11.75,2.875],"tintindex":0,"rotation":0,"texture":"#0"},"south":{"uv":[11.875,8.375,10.75,9.0],"tintindex":0,"rotation":0,"texture":"#0"},"north":{"uv":[11.875,7.625,10.75,8.25],"tintindex":0,"rotation":0,"texture":"#0"},"west":{"uv":[12.5,1.5,11.75,2.125],"tintindex":0,"rotation":0,"texture":"#0"},"up":{"uv":[10.5,1.625,11.625,0.875],"tintindex":0,"rotation":0,"texture":"#0"},"down":{"uv":[10.5,1.75,11.625,2.5],"tintindex":0,"rotation":0,"texture":"#0"}},"rotation":{"origin":[8.0,8.010942,8.0],"angle":-22.5,"axis":"z"}}],"display":{"gui":{"rotation":[30,225,0]}}}