{"textures":{"0":"modelengine:entity/thorn_spitter"},"elements":[{"from":[1.0,9.274061,10.877674],"to":[15.0,9.274061,19.877674],"faces":{"up":{"uv":[5.0,4.875,3.25,3.75],"tintindex":0,"rotation":0,"texture":"#0"},"down":{"uv":[6.625,0.0,4.875,1.125],"tintindex":0,"rotation":0,"texture":"#0"}},"rotation":{"origin":[8.0,19.784199,11.018709],"angle":45.0,"axis":"x"}},{"from":[1.0,15.891826,-7.744438],"to":[15.0,15.891826,1.2555614],"faces":{"up":{"uv":[6.625,2.375,4.875,1.25],"tintindex":0,"rotation":0,"texture":"#0"},"down":{"uv":[6.625,2.5,4.875,3.625],"tintindex":0,"rotation":0,"texture":"#0"}},"rotation":{"origin":[8.0,19.784199,11.018709],"angle":-22.5,"axis":"x"}}],"display":{"gui":{"rotation":[30,225,0]}}}