{"textures":{"0":"modelengine:entity/thorn_spitter"},"elements":[{"from":[2.75,7.25025,-3.0124998],"to":[2.75,13.25025,7.9875],"faces":{"east":{"uv":[8.125,2.25,9.5,1.5],"tintindex":0,"rotation":0,"texture":"#0"},"west":{"uv":[0.0,9.0,1.375,8.25],"tintindex":0,"rotation":0,"texture":"#0"}}},{"from":[2.75,7.2492485,-2.9874983],"to":[8.75,13.2492485,-2.9874983],"faces":{"south":{"uv":[11.625,9.875,10.875,10.625],"tintindex":0,"rotation":0,"texture":"#0"},"north":{"uv":[10.875,9.875,11.625,10.625],"tintindex":0,"rotation":0,"texture":"#0"}}},{"from":[2.75,13.25025,-2.9875002],"to":[8.75,13.25025,8.0125],"faces":{"up":{"uv":[9.25,3.75,8.5,2.375],"tintindex":0,"rotation":0,"texture":"#0"},"down":{"uv":[9.0,7.125,8.25,8.5],"tintindex":0,"rotation":0,"texture":"#0"}}},{"from":[2.75,7.25025,7.9875],"to":[8.75,13.25025,7.9875],"faces":{"south":{"uv":[11.125,6.0,11.875,5.25],"tintindex":0,"rotation":0,"texture":"#0"},"north":{"uv":[11.125,5.125,11.875,4.375],"tintindex":0,"rotation":0,"texture":"#0"}}}],"display":{"gui":{"rotation":[30,225,0]}}}