{"textures":{"0":"modelengine:entity/thorn_spitter"},"elements":[{"from":[4.0,6.805915,10.195424],"to":[12.0,17.805916,18.195423],"faces":{"east":{"uv":[7.125,7.625,8.125,9.0],"tintindex":0,"rotation":0,"texture":"#0"},"south":{"uv":[3.0,7.875,4.0,9.25],"tintindex":0,"rotation":0,"texture":"#0"},"north":{"uv":[6.0,7.625,7.0,9.0],"tintindex":0,"rotation":0,"texture":"#0"},"west":{"uv":[8.125,0.0,9.125,1.375],"tintindex":0,"rotation":0,"texture":"#0"},"up":{"uv":[10.375,3.375,9.375,2.375],"tintindex":0,"rotation":0,"texture":"#0"},"down":{"uv":[10.375,3.5,9.375,4.5],"tintindex":0,"rotation":0,"texture":"#0"}},"rotation":{"origin":[8.0,23.840536,8.417627],"angle":22.5,"axis":"x"}}],"display":{"gui":{"rotation":[30,225,0]}}}