{"textures":{"0":"modelengine:entity/bug_swarm"},"elements":[{"from":[6.0,5.140056,5.1337323],"to":[10.0,9.140057,12.133732],"faces":{"east":{"uv":[0.0,2.75,1.75,3.75],"tintindex":0,"rotation":0,"texture":"#0"},"south":{"uv":[2.0,6.5,3.0,7.5],"tintindex":0,"rotation":0,"texture":"#0"},"north":{"uv":[6.25,5.25,7.25,6.25],"tintindex":0,"rotation":0,"texture":"#0"},"west":{"uv":[2.0,2.75,3.75,3.75],"tintindex":0,"rotation":0,"texture":"#0"},"up":{"uv":[1.0,5.75,0.0,4.0],"tintindex":0,"rotation":0,"texture":"#0"},"down":{"uv":[2.25,4.0,1.25,5.75],"tintindex":0,"rotation":0,"texture":"#0"}}}],"display":{"gui":{"rotation":[30,225,0]}}}