{
	"format_version": "1.21.6",
	"credit": "Made with Blockbench",
	"textures": {
		"0": "item/thorn",
		"particle": "item/thorn"
	},
	"elements": [
		{
			"from": [7.625, 8.75, 6],
			"to": [8.5, 9.5, 6.625],
			"faces": {
				"north": {"uv": [13.5, 3.125, 16, 9.5], "texture": "#0"},
				"east": {"uv": [13.5, 3.125, 16, 9.5], "texture": "#0"},
				"south": {"uv": [13.5, 3.125, 16, 9.5], "texture": "#0"},
				"west": {"uv": [13.5, 3.125, 16, 9.5], "texture": "#0"},
				"up": {"uv": [13.5, 3.125, 16, 9.5], "texture": "#0"},
				"down": {"uv": [13.5, 3.125, 16, 9.5], "texture": "#0"}
			}
		},
		{
			"from": [7.625, 8.875, 4],
			"to": [8.5, 9.875, 4.25],
			"faces": {
				"north": {"uv": [0, 8.875, 1.875, 11.75], "texture": "#0"},
				"east": {"uv": [0, 8.875, 1.875, 11.75], "texture": "#0"},
				"south": {"uv": [0, 8.875, 1.875, 11.75], "texture": "#0"},
				"west": {"uv": [0, 8.875, 1.875, 11.75], "texture": "#0"},
				"up": {"uv": [0, 8.875, 1.875, 11.75], "texture": "#0"},
				"down": {"uv": [0, 8.875, 1.875, 11.75], "texture": "#0"}
			}
		},
		{
			"from": [7.625, 8.875, 4.25],
			"to": [8.5, 9.375, 6],
			"faces": {
				"north": {"uv": [0, 8.875, 8.25, 12.375], "texture": "#0"},
				"east": {"uv": [0, 8.875, 8.25, 12.375], "texture": "#0"},
				"south": {"uv": [0, 8.875, 8.25, 12.375], "texture": "#0"},
				"west": {"uv": [0, 8.875, 8.25, 12.375], "texture": "#0"},
				"up": {"uv": [0, 8.875, 8.25, 12.375], "texture": "#0"},
				"down": {"uv": [0, 8.875, 8.25, 12.375], "texture": "#0"}
			}
		},
		{
			"from": [7.625, 9.375, 4.75],
			"to": [8.5, 9.875, 5.125],
			"faces": {
				"north": {"uv": [0.625, 7.25, 3.625, 10.125], "texture": "#0"},
				"east": {"uv": [0.625, 7.25, 3.625, 10.125], "texture": "#0"},
				"south": {"uv": [0.625, 7.25, 3.625, 10.125], "texture": "#0"},
				"west": {"uv": [0.625, 7.25, 3.625, 10.125], "texture": "#0"},
				"up": {"uv": [0.625, 7.25, 3.625, 10.125], "texture": "#0"},
				"down": {"uv": [0.625, 7.25, 3.625, 10.125], "texture": "#0"}
			}
		},
		{
			"from": [7.625, 9.375, 5.625],
			"to": [8.5, 9.875, 6],
			"faces": {
				"north": {"uv": [5.625, 0.75, 8, 2.5], "texture": "#0"},
				"east": {"uv": [5.625, 0.75, 8, 2.5], "texture": "#0"},
				"south": {"uv": [5.625, 0.75, 8, 2.5], "texture": "#0"},
				"west": {"uv": [5.625, 0.75, 8, 2.5], "texture": "#0"},
				"up": {"uv": [5.625, 0.75, 8, 2.5], "texture": "#0"},
				"down": {"uv": [5.625, 0.75, 8, 2.5], "texture": "#0"}
			}
		},
		{
			"from": [7.625, 9.75, 4.25],
			"to": [8.5, 9.875, 4.75],
			"faces": {
				"north": {"uv": [9, 0.375, 12, 1.75], "texture": "#0"},
				"east": {"uv": [9, 0.375, 12, 1.75], "texture": "#0"},
				"south": {"uv": [9, 0.375, 12, 1.75], "texture": "#0"},
				"west": {"uv": [9, 0.375, 12, 1.75], "texture": "#0"},
				"up": {"uv": [9, 0.375, 12, 1.75], "texture": "#0"},
				"down": {"uv": [9, 0.375, 12, 1.75], "texture": "#0"}
			}
		},
		{
			"from": [7.625, 9.75, 5.125],
			"to": [8.5, 9.875, 5.625],
			"faces": {
				"north": {"uv": [9, 0.375, 12, 1.75], "texture": "#0"},
				"east": {"uv": [9, 0.375, 12, 1.75], "texture": "#0"},
				"south": {"uv": [9, 0.375, 12, 1.75], "texture": "#0"},
				"west": {"uv": [9, 0.375, 12, 1.75], "texture": "#0"},
				"up": {"uv": [9, 0.375, 12, 1.75], "texture": "#0"},
				"down": {"uv": [9, 0.375, 12, 1.75], "texture": "#0"}
			}
		},
		{
			"from": [7.75, 8.625, 6],
			"to": [8.375, 8.75, 6.625],
			"faces": {
				"north": {"uv": [0, 15.625, 2.875, 16], "texture": "#0"},
				"east": {"uv": [0, 15.625, 2.875, 16], "texture": "#0"},
				"south": {"uv": [0, 15.625, 2.875, 16], "texture": "#0"},
				"west": {"uv": [0, 15.625, 2.875, 16], "texture": "#0"},
				"up": {"uv": [0, 15.625, 2.875, 16], "texture": "#0"},
				"down": {"uv": [0, 15.625, 2.875, 16], "texture": "#0"}
			}
		},
		{
			"from": [7.75, 8.625, 7.75],
			"to": [8.375, 9.5, 11.5],
			"faces": {
				"north": {"uv": [8.375, 3, 16, 9.625], "texture": "#0"},
				"east": {"uv": [8.375, 3, 16, 9.625], "texture": "#0"},
				"south": {"uv": [8.375, 3, 16, 9.625], "texture": "#0"},
				"west": {"uv": [8.375, 3, 16, 9.625], "texture": "#0"},
				"up": {"uv": [8.375, 3, 16, 9.625], "texture": "#0"},
				"down": {"uv": [8.375, 3, 16, 9.625], "texture": "#0"}
			}
		},
		{
			"from": [7.65, 8.75, 3.875],
			"to": [7.85, 10, 4],
			"rotation": {"angle": 0, "axis": "y", "origin": [-0.1, 0, 0]},
			"faces": {
				"north": {"uv": [11.875, 2.75, 10.875, 1.625], "texture": "#0"},
				"east": {"uv": [11.875, 2.75, 10.875, 1.625], "texture": "#0"},
				"south": {"uv": [11.875, 2.75, 10.875, 1.625], "texture": "#0"},
				"west": {"uv": [11.875, 2.75, 10.875, 1.625], "texture": "#0"},
				"up": {"uv": [11.875, 2.75, 10.875, 1.625], "texture": "#0"},
				"down": {"uv": [11.875, 2.75, 10.875, 1.625], "texture": "#0"}
			}
		},
		{
			"from": [7.75, 8.75, 4],
			"to": [8.375, 8.875, 6],
			"faces": {
				"north": {"uv": [0.375, 14.25, 1.25, 15.375], "texture": "#0"},
				"east": {"uv": [0.375, 14.25, 1.25, 15.375], "texture": "#0"},
				"south": {"uv": [0.375, 14.25, 1.25, 15.375], "texture": "#0"},
				"west": {"uv": [0.375, 14.25, 1.25, 15.375], "texture": "#0"},
				"up": {"uv": [0.375, 14.25, 1.25, 15.375], "texture": "#0"},
				"down": {"uv": [0.375, 14.25, 1.25, 15.375], "texture": "#0"}
			}
		},
		{
			"from": [7.75, 8.75, 6.625],
			"to": [8.375, 9.5, 7.75],
			"faces": {
				"north": {"uv": [8.25, 3.25, 13, 9.625], "texture": "#0"},
				"east": {"uv": [8.25, 3.25, 13, 9.625], "texture": "#0"},
				"south": {"uv": [8.25, 3.25, 13, 9.625], "texture": "#0"},
				"west": {"uv": [8.25, 3.25, 13, 9.625], "texture": "#0"},
				"up": {"uv": [8.25, 3.25, 13, 9.625], "texture": "#0"},
				"down": {"uv": [8.25, 3.25, 13, 9.625], "texture": "#0"}
			}
		},
		{
			"from": [7.75, 9.375, 4.25],
			"to": [8.375, 9.5, 4.75],
			"faces": {
				"north": {"uv": [10.75, 1.875, 12.625, 2.75], "texture": "#0"},
				"east": {"uv": [10.75, 1.875, 12.625, 2.75], "texture": "#0"},
				"south": {"uv": [10.75, 1.875, 12.625, 2.75], "texture": "#0"},
				"west": {"uv": [10.75, 1.875, 12.625, 2.75], "texture": "#0"},
				"up": {"uv": [10.75, 1.875, 12.625, 2.75], "texture": "#0"},
				"down": {"uv": [10.75, 1.875, 12.625, 2.75], "texture": "#0"}
			}
		},
		{
			"from": [7.75, 9.375, 5.125],
			"to": [8.375, 9.5, 5.625],
			"faces": {
				"north": {"uv": [9.5, 1.5, 12.625, 2.375], "texture": "#0"},
				"east": {"uv": [9.5, 1.5, 12.625, 2.375], "texture": "#0"},
				"south": {"uv": [9.5, 1.5, 12.625, 2.375], "texture": "#0"},
				"west": {"uv": [9.5, 1.5, 12.625, 2.375], "texture": "#0"},
				"up": {"uv": [9.5, 1.5, 12.625, 2.375], "texture": "#0"},
				"down": {"uv": [9.5, 1.5, 12.625, 2.375], "texture": "#0"}
			}
		},
		{
			"from": [7.75, 9.475, 6],
			"to": [8.375, 10, 6.625],
			"faces": {
				"north": {"uv": [12.5, 0.25, 16, 2.75], "texture": "#0"},
				"east": {"uv": [12.5, 0.25, 16, 2.75], "texture": "#0"},
				"south": {"uv": [12.5, 0.25, 16, 2.75], "texture": "#0"},
				"west": {"uv": [12.5, 0.25, 16, 2.75], "texture": "#0"},
				"up": {"uv": [12.5, 0.25, 16, 2.75], "texture": "#0"},
				"down": {"uv": [12.5, 0.25, 16, 2.75], "texture": "#0"}
			}
		},
		{
			"from": [7.75, 9.625, 4.25],
			"to": [8.375, 9.75, 4.75],
			"faces": {
				"north": {"uv": [0.375, 14.25, 1.25, 15.375], "texture": "#0"},
				"east": {"uv": [0.375, 14.25, 1.25, 15.375], "texture": "#0"},
				"south": {"uv": [0.375, 14.25, 1.25, 15.375], "texture": "#0"},
				"west": {"uv": [0.375, 14.25, 1.25, 15.375], "texture": "#0"},
				"up": {"uv": [0.375, 14.25, 1.25, 15.375], "texture": "#0"},
				"down": {"uv": [0.375, 14.25, 1.25, 15.375], "texture": "#0"}
			}
		},
		{
			"from": [7.75, 9.625, 5.125],
			"to": [8.375, 9.75, 5.625],
			"faces": {
				"north": {"uv": [0.375, 14.25, 1.25, 15.375], "texture": "#0"},
				"east": {"uv": [0.375, 14.25, 1.25, 15.375], "texture": "#0"},
				"south": {"uv": [0.375, 14.25, 1.25, 15.375], "texture": "#0"},
				"west": {"uv": [0.375, 14.25, 1.25, 15.375], "texture": "#0"},
				"up": {"uv": [0.375, 14.25, 1.25, 15.375], "texture": "#0"},
				"down": {"uv": [0.375, 14.25, 1.25, 15.375], "texture": "#0"}
			}
		},
		{
			"from": [7.75, 9.6, 6.625],
			"to": [8.375, 10, 7],
			"faces": {
				"north": {"uv": [12.5, 0.25, 16, 2.75], "texture": "#0"},
				"east": {"uv": [12.5, 0.25, 16, 2.75], "texture": "#0"},
				"south": {"uv": [12.5, 0.25, 16, 2.75], "texture": "#0"},
				"west": {"uv": [12.5, 0.25, 16, 2.75], "texture": "#0"},
				"up": {"uv": [12.5, 0.25, 16, 2.75], "texture": "#0"},
				"down": {"uv": [12.5, 0.25, 16, 2.75], "texture": "#0"}
			}
		},
		{
			"from": [7.75, 9.85, 4],
			"to": [8.375, 10, 6],
			"faces": {
				"north": {"uv": [8.375, 3.125, 16, 4.75], "texture": "#0"},
				"east": {"uv": [8.375, 3.125, 16, 4.75], "texture": "#0"},
				"south": {"uv": [8.375, 3.125, 16, 4.75], "texture": "#0"},
				"west": {"uv": [8.375, 3.125, 16, 4.75], "texture": "#0"},
				"up": {"uv": [8.375, 3.125, 16, 4.75], "texture": "#0"},
				"down": {"uv": [8.375, 3.125, 16, 4.75], "texture": "#0"}
			}
		},
		{
			"from": [7.875, 8.525, 11.5],
			"to": [8.2, 9.5, 11.7],
			"rotation": {"angle": 0, "axis": "y", "origin": [13.6, 2, 19.8]},
			"faces": {
				"north": {"uv": [0, 4.85, 1.6, 13.95], "texture": "#0"},
				"east": {"uv": [0, 4.85, 1.6, 13.95], "texture": "#0"},
				"south": {"uv": [0, 4.85, 1.6, 13.95], "texture": "#0"},
				"west": {"uv": [0, 4.85, 1.6, 13.95], "texture": "#0"},
				"up": {"uv": [0, 4.85, 1.6, 13.95], "texture": "#0"},
				"down": {"uv": [0, 4.85, 1.6, 13.95], "texture": "#0"}
			}
		},
		{
			"from": [7.875, 8.425, 11.7],
			"to": [8.2, 9.4, 11.8],
			"rotation": {"angle": 0, "axis": "y", "origin": [13.6, 2, 19.8]},
			"faces": {
				"north": {"uv": [0, 4.85, 1.6, 13.95], "texture": "#0"},
				"east": {"uv": [0, 4.85, 1.6, 13.95], "texture": "#0"},
				"south": {"uv": [0, 4.85, 1.6, 13.95], "texture": "#0"},
				"west": {"uv": [0, 4.85, 1.6, 13.95], "texture": "#0"},
				"up": {"uv": [0, 4.85, 1.6, 13.95], "texture": "#0"},
				"down": {"uv": [0, 4.85, 1.6, 13.95], "texture": "#0"}
			}
		},
		{
			"from": [7.875, 8.425, 11.8],
			"to": [8.2, 9.4, 11.9],
			"rotation": {"angle": 0, "axis": "y", "origin": [13.6, 2, 19.9]},
			"faces": {
				"north": {"uv": [0.125, 4.225, 1.35, 13.325], "texture": "#0"},
				"east": {"uv": [0.125, 4.225, 1.35, 13.325], "texture": "#0"},
				"south": {"uv": [0.125, 4.225, 1.35, 13.325], "texture": "#0"},
				"west": {"uv": [0.125, 4.225, 1.35, 13.325], "texture": "#0"},
				"up": {"uv": [0.125, 4.225, 1.35, 13.325], "texture": "#0"},
				"down": {"uv": [0.125, 4.225, 1.35, 13.325], "texture": "#0"}
			}
		},
		{
			"from": [7.875, 8.325, 11.9],
			"to": [8.2, 9.3, 12],
			"rotation": {"angle": 0, "axis": "y", "origin": [13.6, 2, 20]},
			"faces": {
				"north": {"uv": [0.625, 2.1, 1.85, 11.2], "texture": "#0"},
				"east": {"uv": [0.625, 2.1, 1.85, 11.2], "texture": "#0"},
				"south": {"uv": [0.625, 2.1, 1.85, 11.2], "texture": "#0"},
				"west": {"uv": [0.625, 2.1, 1.85, 11.2], "texture": "#0"},
				"up": {"uv": [0.625, 2.1, 1.85, 11.2], "texture": "#0"},
				"down": {"uv": [0.625, 2.1, 1.85, 11.2], "texture": "#0"}
			}
		},
		{
			"from": [7.875, 8.325, 12],
			"to": [8.2, 9.3, 12.1],
			"rotation": {"angle": 0, "axis": "y", "origin": [13.6, 2, 20.1]},
			"faces": {
				"north": {"uv": [0, 0.1, 1.225, 9.2], "texture": "#0"},
				"east": {"uv": [0, 0.1, 1.225, 9.2], "texture": "#0"},
				"south": {"uv": [0, 0.1, 1.225, 9.2], "texture": "#0"},
				"west": {"uv": [0, 0.1, 1.225, 9.2], "texture": "#0"},
				"up": {"uv": [0, 0.1, 1.225, 9.2], "texture": "#0"},
				"down": {"uv": [0, 0.1, 1.225, 9.2], "texture": "#0"}
			}
		},
		{
			"from": [7.875, 8.225, 12.1],
			"to": [8.2, 9.2, 12.2],
			"rotation": {"angle": 0, "axis": "y", "origin": [13.6, 2, 20.2]},
			"faces": {
				"north": {"uv": [0, 0.1, 1.225, 9.2], "texture": "#0"},
				"east": {"uv": [0, 0.1, 1.225, 9.2], "texture": "#0"},
				"south": {"uv": [0, 0.1, 1.225, 9.2], "texture": "#0"},
				"west": {"uv": [0, 0.1, 1.225, 9.2], "texture": "#0"},
				"up": {"uv": [0, 0.1, 1.225, 9.2], "texture": "#0"},
				"down": {"uv": [0, 0.1, 1.225, 9.2], "texture": "#0"}
			}
		},
		{
			"from": [7.875, 8.225, 12.2],
			"to": [8.2, 9.2, 12.3],
			"rotation": {"angle": 0, "axis": "y", "origin": [13.6, 2, 20.3]},
			"faces": {
				"north": {"uv": [0, 0.1, 1.225, 9.2], "texture": "#0"},
				"east": {"uv": [0, 0.1, 1.225, 9.2], "texture": "#0"},
				"south": {"uv": [0, 0.1, 1.225, 9.2], "texture": "#0"},
				"west": {"uv": [0, 0.1, 1.225, 9.2], "texture": "#0"},
				"up": {"uv": [0, 0.1, 1.225, 9.2], "texture": "#0"},
				"down": {"uv": [0, 0.1, 1.225, 9.2], "texture": "#0"}
			}
		},
		{
			"from": [7.875, 8.125, 12.3],
			"to": [8.2, 9.2, 12.4],
			"rotation": {"angle": 0, "axis": "y", "origin": [13.6, 2, 20.4]},
			"faces": {
				"north": {"uv": [0.625, 0.225, 1.85, 9.325], "texture": "#0"},
				"east": {"uv": [0.625, 0.225, 1.85, 9.325], "texture": "#0"},
				"south": {"uv": [0.625, 0.225, 1.85, 9.325], "texture": "#0"},
				"west": {"uv": [0.625, 0.225, 1.85, 9.325], "texture": "#0"},
				"up": {"uv": [0.625, 0.225, 1.85, 9.325], "texture": "#0"},
				"down": {"uv": [0.625, 0.225, 1.85, 9.325], "texture": "#0"}
			}
		},
		{
			"from": [7.875, 8.125, 12.4],
			"to": [8.2, 9.2, 12.5],
			"rotation": {"angle": 0, "axis": "y", "origin": [13.6, 2, 20.5]},
			"faces": {
				"north": {"uv": [0.625, 0.225, 1.85, 9.325], "texture": "#0"},
				"east": {"uv": [0.625, 0.225, 1.85, 9.325], "texture": "#0"},
				"south": {"uv": [0.625, 0.225, 1.85, 9.325], "texture": "#0"},
				"west": {"uv": [0.625, 0.225, 1.85, 9.325], "texture": "#0"},
				"up": {"uv": [0.625, 0.225, 1.85, 9.325], "texture": "#0"},
				"down": {"uv": [0.625, 0.225, 1.85, 9.325], "texture": "#0"}
			}
		},
		{
			"from": [7.875, 8.025, 12.5],
			"to": [8.2, 9.2, 12.6],
			"rotation": {"angle": 0, "axis": "y", "origin": [13.6, 2, 20.6]},
			"faces": {
				"north": {"uv": [0, 0.1, 1.225, 9.2], "texture": "#0"},
				"east": {"uv": [0, 0.1, 1.225, 9.2], "texture": "#0"},
				"south": {"uv": [0, 0.1, 1.225, 9.2], "texture": "#0"},
				"west": {"uv": [0, 0.1, 1.225, 9.2], "texture": "#0"},
				"up": {"uv": [0, 0.1, 1.225, 9.2], "texture": "#0"},
				"down": {"uv": [0, 0.1, 1.225, 9.2], "texture": "#0"}
			}
		},
		{
			"from": [7.875, 8.025, 12.6],
			"to": [8.2, 9.2, 12.7],
			"rotation": {"angle": 0, "axis": "y", "origin": [13.6, 2, 20.7]},
			"faces": {
				"north": {"uv": [0, 0.1, 1.225, 9.2], "texture": "#0"},
				"east": {"uv": [0, 0.1, 1.225, 9.2], "texture": "#0"},
				"south": {"uv": [0, 0.1, 1.225, 9.2], "texture": "#0"},
				"west": {"uv": [0, 0.1, 1.225, 9.2], "texture": "#0"},
				"up": {"uv": [0, 0.1, 1.225, 9.2], "texture": "#0"},
				"down": {"uv": [0, 0.1, 1.225, 9.2], "texture": "#0"}
			}
		},
		{
			"from": [7.875, 8.025, 12.7],
			"to": [8.2, 9.3, 12.8],
			"rotation": {"angle": 0, "axis": "y", "origin": [13.6, 2, 20.8]},
			"faces": {
				"north": {"uv": [0, 0.1, 1.225, 9.2], "texture": "#0"},
				"east": {"uv": [0, 0.1, 1.225, 9.2], "texture": "#0"},
				"south": {"uv": [0, 0.1, 1.225, 9.2], "texture": "#0"},
				"west": {"uv": [0, 0.1, 1.225, 9.2], "texture": "#0"},
				"up": {"uv": [0, 0.1, 1.225, 9.2], "texture": "#0"},
				"down": {"uv": [0, 0.1, 1.225, 9.2], "texture": "#0"}
			}
		},
		{
			"from": [7.875, 7.925, 12.8],
			"to": [8.2, 9.3, 12.9],
			"rotation": {"angle": 0, "axis": "y", "origin": [13.6, 2, 20.9]},
			"faces": {
				"north": {"uv": [0, 0.1, 1.225, 9.2], "texture": "#0"},
				"east": {"uv": [0, 0.1, 1.225, 9.2], "texture": "#0"},
				"south": {"uv": [0, 0.1, 1.225, 9.2], "texture": "#0"},
				"west": {"uv": [0, 0.1, 1.225, 9.2], "texture": "#0"},
				"up": {"uv": [0, 0.1, 1.225, 9.2], "texture": "#0"},
				"down": {"uv": [0, 0.1, 1.225, 9.2], "texture": "#0"}
			}
		},
		{
			"from": [7.875, 7.925, 12.9],
			"to": [8.2, 9.3, 13],
			"rotation": {"angle": 0, "axis": "y", "origin": [13.6, 2, 21]},
			"faces": {
				"north": {"uv": [0.625, 0.225, 1.85, 9.325], "texture": "#0"},
				"east": {"uv": [0.625, 0.225, 1.85, 9.325], "texture": "#0"},
				"south": {"uv": [0.625, 0.225, 1.85, 9.325], "texture": "#0"},
				"west": {"uv": [0.625, 0.225, 1.85, 9.325], "texture": "#0"},
				"up": {"uv": [0.625, 0.225, 1.85, 9.325], "texture": "#0"},
				"down": {"uv": [0.625, 0.225, 1.85, 9.325], "texture": "#0"}
			}
		},
		{
			"from": [7.875, 7.925, 13],
			"to": [8.2, 9.4, 13.1],
			"rotation": {"angle": 0, "axis": "y", "origin": [13.6, 2, 21.1]},
			"faces": {
				"north": {"uv": [0.625, 0.225, 1.85, 9.325], "texture": "#0"},
				"east": {"uv": [0.625, 0.225, 1.85, 9.325], "texture": "#0"},
				"south": {"uv": [0.625, 0.225, 1.85, 9.325], "texture": "#0"},
				"west": {"uv": [0.625, 0.225, 1.85, 9.325], "texture": "#0"},
				"up": {"uv": [0.625, 0.225, 1.85, 9.325], "texture": "#0"},
				"down": {"uv": [0.625, 0.225, 1.85, 9.325], "texture": "#0"}
			}
		},
		{
			"from": [7.875, 7.825, 13.1],
			"to": [8.2, 9.4, 13.2],
			"rotation": {"angle": 0, "axis": "y", "origin": [13.6, 2, 21.2]},
			"faces": {
				"north": {"uv": [0, 0.1, 1.225, 9.2], "texture": "#0"},
				"east": {"uv": [0, 0.1, 1.225, 9.2], "texture": "#0"},
				"south": {"uv": [0, 0.1, 1.225, 9.2], "texture": "#0"},
				"west": {"uv": [0, 0.1, 1.225, 9.2], "texture": "#0"},
				"up": {"uv": [0, 0.1, 1.225, 9.2], "texture": "#0"},
				"down": {"uv": [0, 0.1, 1.225, 9.2], "texture": "#0"}
			}
		},
		{
			"from": [7.875, 7.825, 13.2],
			"to": [8.2, 9.4, 13.3],
			"rotation": {"angle": 0, "axis": "y", "origin": [13.6, 2, 21.3]},
			"faces": {
				"north": {"uv": [0.625, 0.225, 1.85, 9.325], "texture": "#0"},
				"east": {"uv": [0.625, 0.225, 1.85, 9.325], "texture": "#0"},
				"south": {"uv": [0.625, 0.225, 1.85, 9.325], "texture": "#0"},
				"west": {"uv": [0.625, 0.225, 1.85, 9.325], "texture": "#0"},
				"up": {"uv": [0.625, 0.225, 1.85, 9.325], "texture": "#0"},
				"down": {"uv": [0.625, 0.225, 1.85, 9.325], "texture": "#0"}
			}
		},
		{
			"from": [7.875, 7.825, 13.3],
			"to": [8.2, 9.4, 13.4],
			"rotation": {"angle": 0, "axis": "y", "origin": [13.6, 2, 21.4]},
			"faces": {
				"north": {"uv": [0, 0.1, 1.225, 9.2], "texture": "#0"},
				"east": {"uv": [0, 0.1, 1.225, 9.2], "texture": "#0"},
				"south": {"uv": [0, 0.1, 1.225, 9.2], "texture": "#0"},
				"west": {"uv": [0, 0.1, 1.225, 9.2], "texture": "#0"},
				"up": {"uv": [0, 0.1, 1.225, 9.2], "texture": "#0"},
				"down": {"uv": [0, 0.1, 1.225, 9.2], "texture": "#0"}
			}
		},
		{
			"from": [7.875, 7.725, 13.4],
			"to": [8.2, 9.5, 13.5],
			"rotation": {"angle": 0, "axis": "y", "origin": [13.6, 2, 21.5]},
			"faces": {
				"north": {"uv": [0, 0.1, 1.225, 9.2], "texture": "#0"},
				"east": {"uv": [0, 0.1, 1.225, 9.2], "texture": "#0"},
				"south": {"uv": [0, 0.1, 1.225, 9.2], "texture": "#0"},
				"west": {"uv": [0, 0.1, 1.225, 9.2], "texture": "#0"},
				"up": {"uv": [0, 0.1, 1.225, 9.2], "texture": "#0"},
				"down": {"uv": [0, 0.1, 1.225, 9.2], "texture": "#0"}
			}
		},
		{
			"from": [7.875, 7.725, 13.5],
			"to": [8.2, 9.5, 13.6],
			"rotation": {"angle": 0, "axis": "y", "origin": [13.6, 2, 21.6]},
			"faces": {
				"north": {"uv": [0.625, 0.225, 1.85, 9.325], "texture": "#0"},
				"east": {"uv": [0.625, 0.225, 1.85, 9.325], "texture": "#0"},
				"south": {"uv": [0.625, 0.225, 1.85, 9.325], "texture": "#0"},
				"west": {"uv": [0.625, 0.225, 1.85, 9.325], "texture": "#0"},
				"up": {"uv": [0.625, 0.225, 1.85, 9.325], "texture": "#0"},
				"down": {"uv": [0.625, 0.225, 1.85, 9.325], "texture": "#0"}
			}
		},
		{
			"from": [7.875, 7.725, 13.6],
			"to": [8.2, 9.5, 13.7],
			"rotation": {"angle": 0, "axis": "y", "origin": [13.6, 2, 21.7]},
			"faces": {
				"north": {"uv": [0, 0.1, 1.225, 9.2], "texture": "#0"},
				"east": {"uv": [0, 0.1, 1.225, 9.2], "texture": "#0"},
				"south": {"uv": [0, 0.1, 1.225, 9.2], "texture": "#0"},
				"west": {"uv": [0, 0.1, 1.225, 9.2], "texture": "#0"},
				"up": {"uv": [0, 0.1, 1.225, 9.2], "texture": "#0"},
				"down": {"uv": [0, 0.1, 1.225, 9.2], "texture": "#0"}
			}
		},
		{
			"from": [7.875, 7.725, 13.7],
			"to": [8.2, 9.5, 13.8],
			"rotation": {"angle": 0, "axis": "y", "origin": [13.6, 2, 21.8]},
			"faces": {
				"north": {"uv": [0, 0.1, 1.225, 9.2], "texture": "#0"},
				"east": {"uv": [0, 0.1, 1.225, 9.2], "texture": "#0"},
				"south": {"uv": [0, 0.1, 1.225, 9.2], "texture": "#0"},
				"west": {"uv": [0, 0.1, 1.225, 9.2], "texture": "#0"},
				"up": {"uv": [0, 0.1, 1.225, 9.2], "texture": "#0"},
				"down": {"uv": [0, 0.1, 1.225, 9.2], "texture": "#0"}
			}
		},
		{
			"from": [7.875, 7.625, 13.8],
			"to": [8.2, 9.5, 13.9],
			"rotation": {"angle": 0, "axis": "y", "origin": [13.6, 2, 21.9]},
			"faces": {
				"north": {"uv": [0.625, 0.225, 1.85, 9.325], "texture": "#0"},
				"east": {"uv": [0.625, 0.225, 1.85, 9.325], "texture": "#0"},
				"south": {"uv": [0.625, 0.225, 1.85, 9.325], "texture": "#0"},
				"west": {"uv": [0.625, 0.225, 1.85, 9.325], "texture": "#0"},
				"up": {"uv": [0.625, 0.225, 1.85, 9.325], "texture": "#0"},
				"down": {"uv": [0.625, 0.225, 1.85, 9.325], "texture": "#0"}
			}
		},
		{
			"from": [7.875, 7.625, 13.9],
			"to": [8.2, 9.5, 14],
			"rotation": {"angle": 0, "axis": "y", "origin": [13.6, 2, 22]},
			"faces": {
				"north": {"uv": [0, 0.1, 1.225, 9.2], "texture": "#0"},
				"east": {"uv": [0, 0.1, 1.225, 9.2], "texture": "#0"},
				"south": {"uv": [0, 0.1, 1.225, 9.2], "texture": "#0"},
				"west": {"uv": [0, 0.1, 1.225, 9.2], "texture": "#0"},
				"up": {"uv": [0, 0.1, 1.225, 9.2], "texture": "#0"},
				"down": {"uv": [0, 0.1, 1.225, 9.2], "texture": "#0"}
			}
		},
		{
			"from": [7.875, 7.625, 14],
			"to": [8.2, 9.5, 14.1],
			"rotation": {"angle": 0, "axis": "y", "origin": [13.6, 2, 22.1]},
			"faces": {
				"north": {"uv": [0, 0.1, 1.225, 9.2], "texture": "#0"},
				"east": {"uv": [0, 0.1, 1.225, 9.2], "texture": "#0"},
				"south": {"uv": [0, 0.1, 1.225, 9.2], "texture": "#0"},
				"west": {"uv": [0, 0.1, 1.225, 9.2], "texture": "#0"},
				"up": {"uv": [0, 0.1, 1.225, 9.2], "texture": "#0"},
				"down": {"uv": [0, 0.1, 1.225, 9.2], "texture": "#0"}
			}
		},
		{
			"from": [7.875, 7.625, 14.1],
			"to": [8.2, 9.6, 14.2],
			"rotation": {"angle": 0, "axis": "y", "origin": [13.6, 2, 22.2]},
			"faces": {
				"north": {"uv": [0, 0.1, 1.225, 9.2], "texture": "#0"},
				"east": {"uv": [0, 0.1, 1.225, 9.2], "texture": "#0"},
				"south": {"uv": [0, 0.1, 1.225, 9.2], "texture": "#0"},
				"west": {"uv": [0, 0.1, 1.225, 9.2], "texture": "#0"},
				"up": {"uv": [0, 0.1, 1.225, 9.2], "texture": "#0"},
				"down": {"uv": [0, 0.1, 1.225, 9.2], "texture": "#0"}
			}
		},
		{
			"from": [7.875, 7.525, 14.2],
			"to": [8.2, 9.6, 14.3],
			"rotation": {"angle": 0, "axis": "y", "origin": [13.6, 2, 22.3]},
			"faces": {
				"north": {"uv": [0.625, 0.225, 1.85, 9.325], "texture": "#0"},
				"east": {"uv": [0.625, 0.225, 1.85, 9.325], "texture": "#0"},
				"south": {"uv": [0.625, 0.225, 1.85, 9.325], "texture": "#0"},
				"west": {"uv": [0.625, 0.225, 1.85, 9.325], "texture": "#0"},
				"up": {"uv": [0.625, 0.225, 1.85, 9.325], "texture": "#0"},
				"down": {"uv": [0.625, 0.225, 1.85, 9.325], "texture": "#0"}
			}
		},
		{
			"from": [7.875, 7.525, 14.3],
			"to": [8.2, 9.6, 14.4],
			"rotation": {"angle": 0, "axis": "y", "origin": [13.6, 2, 22.4]},
			"faces": {
				"north": {"uv": [0.625, 0.225, 1.85, 9.325], "texture": "#0"},
				"east": {"uv": [0.625, 0.225, 1.85, 9.325], "texture": "#0"},
				"south": {"uv": [0.625, 0.225, 1.85, 9.325], "texture": "#0"},
				"west": {"uv": [0.625, 0.225, 1.85, 9.325], "texture": "#0"},
				"up": {"uv": [0.625, 0.225, 1.85, 9.325], "texture": "#0"},
				"down": {"uv": [0.625, 0.225, 1.85, 9.325], "texture": "#0"}
			}
		},
		{
			"from": [7.875, 7.525, 14.4],
			"to": [8.2, 9.6, 14.5],
			"rotation": {"angle": 0, "axis": "y", "origin": [13.6, 2, 22.5]},
			"faces": {
				"north": {"uv": [0, 0.1, 1.225, 9.2], "texture": "#0"},
				"east": {"uv": [0, 0.1, 1.225, 9.2], "texture": "#0"},
				"south": {"uv": [0, 0.1, 1.225, 9.2], "texture": "#0"},
				"west": {"uv": [0, 0.1, 1.225, 9.2], "texture": "#0"},
				"up": {"uv": [0, 0.1, 1.225, 9.2], "texture": "#0"},
				"down": {"uv": [0, 0.1, 1.225, 9.2], "texture": "#0"}
			}
		},
		{
			"from": [7.875, 7.525, 14.5],
			"to": [8.2, 9.6, 14.6],
			"rotation": {"angle": 0, "axis": "y", "origin": [13.6, 2, 22.6]},
			"faces": {
				"north": {"uv": [0, 0.1, 1.225, 9.2], "texture": "#0"},
				"east": {"uv": [0, 0.1, 1.225, 9.2], "texture": "#0"},
				"south": {"uv": [0, 0.1, 1.225, 9.2], "texture": "#0"},
				"west": {"uv": [0, 0.1, 1.225, 9.2], "texture": "#0"},
				"up": {"uv": [0, 0.1, 1.225, 9.2], "texture": "#0"},
				"down": {"uv": [0, 0.1, 1.225, 9.2], "texture": "#0"}
			}
		},
		{
			"from": [7.875, 7.525, 14.6],
			"to": [8.2, 9.6, 14.7],
			"rotation": {"angle": 0, "axis": "y", "origin": [13.6, 2, 22.7]},
			"faces": {
				"north": {"uv": [0.625, 0.225, 1.85, 9.325], "texture": "#0"},
				"east": {"uv": [0.625, 0.225, 1.85, 9.325], "texture": "#0"},
				"south": {"uv": [0.625, 0.225, 1.85, 9.325], "texture": "#0"},
				"west": {"uv": [0.625, 0.225, 1.85, 9.325], "texture": "#0"},
				"up": {"uv": [0.625, 0.225, 1.85, 9.325], "texture": "#0"},
				"down": {"uv": [0.625, 0.225, 1.85, 9.325], "texture": "#0"}
			}
		},
		{
			"from": [7.875, 7.625, 14.7],
			"to": [8.2, 9.5, 14.8],
			"rotation": {"angle": 0, "axis": "y", "origin": [13.6, 2, 22.8]},
			"faces": {
				"north": {"uv": [0, 0.1, 1.225, 9.2], "texture": "#0"},
				"east": {"uv": [0, 0.1, 1.225, 9.2], "texture": "#0"},
				"south": {"uv": [0, 0.1, 1.225, 9.2], "texture": "#0"},
				"west": {"uv": [0, 0.1, 1.225, 9.2], "texture": "#0"},
				"up": {"uv": [0, 0.1, 1.225, 9.2], "texture": "#0"},
				"down": {"uv": [0, 0.1, 1.225, 9.2], "texture": "#0"}
			}
		},
		{
			"from": [7.875, 6.75, 10.75],
			"to": [8.25, 8.625, 11.25],
			"faces": {
				"north": {"uv": [5.25, 0, 7.375, 2.75], "texture": "#0"},
				"east": {"uv": [5.25, 0, 7.375, 2.75], "texture": "#0"},
				"south": {"uv": [5.25, 0, 7.375, 2.75], "texture": "#0"},
				"west": {"uv": [5.25, 0, 7.375, 2.75], "texture": "#0"},
				"up": {"uv": [5.25, 0, 7.375, 2.75], "texture": "#0"},
				"down": {"uv": [5.25, 0, 7.375, 2.75], "texture": "#0"}
			}
		},
		{
			"from": [7.875, 6.75, 11.25],
			"to": [8.25, 8, 11.375],
			"faces": {
				"north": {"uv": [5.375, 5.375, 7.5, 8.125], "texture": "#0"},
				"east": {"uv": [5.375, 5.375, 7.5, 8.125], "texture": "#0"},
				"south": {"uv": [5.375, 5.375, 7.5, 8.125], "texture": "#0"},
				"west": {"uv": [5.375, 5.375, 7.5, 8.125], "texture": "#0"},
				"up": {"uv": [5.375, 5.375, 7.5, 8.125], "texture": "#0"},
				"down": {"uv": [5.375, 5.375, 7.5, 8.125], "texture": "#0"}
			}
		},
		{
			"from": [7.875, 6.75, 11.375],
			"to": [8.25, 7.75, 11.5],
			"faces": {
				"north": {"uv": [3.875, 10, 6, 12.75], "texture": "#0"},
				"east": {"uv": [3.875, 10, 6, 12.75], "texture": "#0"},
				"south": {"uv": [3.875, 10, 6, 12.75], "texture": "#0"},
				"west": {"uv": [3.875, 10, 6, 12.75], "texture": "#0"},
				"up": {"uv": [3.875, 10, 6, 12.75], "texture": "#0"},
				"down": {"uv": [3.875, 10, 6, 12.75], "texture": "#0"}
			}
		},
		{
			"from": [7.875, 6.875, 11.5],
			"to": [8.25, 7.5, 11.625],
			"faces": {
				"north": {"uv": [1.75, 11.875, 3, 14.625], "texture": "#0"},
				"east": {"uv": [1.75, 11.875, 3, 14.625], "texture": "#0"},
				"south": {"uv": [1.75, 11.875, 3, 14.625], "texture": "#0"},
				"west": {"uv": [1.75, 11.875, 3, 14.625], "texture": "#0"},
				"up": {"uv": [1.75, 11.875, 3, 14.625], "texture": "#0"},
				"down": {"uv": [1.75, 11.875, 3, 14.625], "texture": "#0"}
			}
		},
		{
			"from": [7.875, 7.25, 10.625],
			"to": [8.25, 8.625, 10.75],
			"faces": {
				"north": {"uv": [5.25, 0, 7.375, 2.75], "texture": "#0"},
				"east": {"uv": [5.25, 0, 7.375, 2.75], "texture": "#0"},
				"south": {"uv": [5.25, 0, 7.375, 2.75], "texture": "#0"},
				"west": {"uv": [5.25, 0, 7.375, 2.75], "texture": "#0"},
				"up": {"uv": [5.25, 0, 7.375, 2.75], "texture": "#0"},
				"down": {"uv": [5.25, 0, 7.375, 2.75], "texture": "#0"}
			}
		},
		{
			"from": [7.875, 7.625, 10.5],
			"to": [8.25, 8.625, 10.625],
			"faces": {
				"north": {"uv": [5.25, 0, 7.375, 2.75], "texture": "#0"},
				"east": {"uv": [5.25, 0, 7.375, 2.75], "texture": "#0"},
				"south": {"uv": [5.25, 0, 7.375, 2.75], "texture": "#0"},
				"west": {"uv": [5.25, 0, 7.375, 2.75], "texture": "#0"},
				"up": {"uv": [5.25, 0, 7.375, 2.75], "texture": "#0"},
				"down": {"uv": [5.25, 0, 7.375, 2.75], "texture": "#0"}
			}
		},
		{
			"from": [7.875, 7.875, 10.375],
			"to": [8.25, 8.625, 10.5],
			"faces": {
				"north": {"uv": [5.25, 0, 7.375, 2.75], "texture": "#0"},
				"east": {"uv": [5.25, 0, 7.375, 2.75], "texture": "#0"},
				"south": {"uv": [5.25, 0, 7.375, 2.75], "texture": "#0"},
				"west": {"uv": [5.25, 0, 7.375, 2.75], "texture": "#0"},
				"up": {"uv": [5.25, 0, 7.375, 2.75], "texture": "#0"},
				"down": {"uv": [5.25, 0, 7.375, 2.75], "texture": "#0"}
			}
		},
		{
			"from": [7.875, 8, 9],
			"to": [8.25, 8.625, 9.25],
			"faces": {
				"north": {"uv": [7.375, 13.5, 7.625, 14.125], "texture": "#0"},
				"east": {"uv": [7.375, 13.5, 7.625, 14.125], "texture": "#0"},
				"south": {"uv": [7.375, 13.5, 7.625, 14.125], "texture": "#0"},
				"west": {"uv": [7.375, 13.5, 7.625, 14.125], "texture": "#0"},
				"up": {"uv": [7.375, 13.5, 7.625, 14.125], "texture": "#0"},
				"down": {"uv": [7.375, 13.5, 7.625, 14.125], "texture": "#0"}
			}
		},
		{
			"from": [7.875, 8, 9.25],
			"to": [8.25, 8.125, 10.125],
			"faces": {
				"north": {"uv": [7.375, 13.5, 7.625, 14.125], "texture": "#0"},
				"east": {"uv": [7.375, 13.5, 7.625, 14.125], "texture": "#0"},
				"south": {"uv": [7.375, 13.5, 7.625, 14.125], "texture": "#0"},
				"west": {"uv": [7.375, 13.5, 7.625, 14.125], "texture": "#0"},
				"up": {"uv": [7.375, 13.5, 7.625, 14.125], "texture": "#0"},
				"down": {"uv": [7.375, 13.5, 7.625, 14.125], "texture": "#0"}
			}
		},
		{
			"from": [7.875, 8.125, 10.125],
			"to": [8.25, 8.625, 10.375],
			"faces": {
				"north": {"uv": [7.375, 13.5, 7.625, 14.125], "texture": "#0"},
				"east": {"uv": [7.375, 13.5, 7.625, 14.125], "texture": "#0"},
				"south": {"uv": [7.375, 13.5, 7.625, 14.125], "texture": "#0"},
				"west": {"uv": [7.375, 13.5, 7.625, 14.125], "texture": "#0"},
				"up": {"uv": [7.375, 13.5, 7.625, 14.125], "texture": "#0"},
				"down": {"uv": [7.375, 13.5, 7.625, 14.125], "texture": "#0"}
			}
		},
		{
			"from": [7.875, 8.625, 6.625],
			"to": [8.25, 8.75, 7.75],
			"faces": {
				"north": {"uv": [0, 15.5, 3.625, 16], "texture": "#0"},
				"east": {"uv": [0, 15.5, 3.625, 16], "texture": "#0"},
				"south": {"uv": [0, 15.5, 3.625, 16], "texture": "#0"},
				"west": {"uv": [0, 15.5, 3.625, 16], "texture": "#0"},
				"up": {"uv": [0, 15.5, 3.625, 16], "texture": "#0"},
				"down": {"uv": [0, 15.5, 3.625, 16], "texture": "#0"}
			}
		},
		{
			"from": [7.875, 9.125, 0],
			"to": [8.25, 9.525, 3.875],
			"faces": {
				"north": {"uv": [10.25, 1.375, 12.25, 2.5], "texture": "#0", "cullface": "north"},
				"east": {"uv": [10.25, 1.375, 12.25, 2.5], "texture": "#0"},
				"south": {"uv": [10.25, 1.375, 12.25, 2.5], "texture": "#0"},
				"west": {"uv": [10.25, 1.375, 12.25, 2.5], "texture": "#0"},
				"up": {"uv": [10.25, 1.375, 12.25, 2.5], "texture": "#0"},
				"down": {"uv": [10.25, 1.375, 12.25, 2.5], "texture": "#0"}
			}
		},
		{
			"from": [7.85, 9.5, 6.625],
			"to": [8.275, 9.625, 11.5],
			"faces": {
				"north": {"uv": [10.5, 2.125, 15.375, 3], "texture": "#0"},
				"east": {"uv": [10.5, 2.125, 15.375, 3], "texture": "#0"},
				"south": {"uv": [10.5, 2.125, 15.375, 3], "texture": "#0"},
				"west": {"uv": [10.5, 2.125, 15.375, 3], "texture": "#0"},
				"up": {"uv": [10.5, 2.125, 15.375, 3], "texture": "#0"},
				"down": {"uv": [10.5, 2.125, 15.375, 3], "texture": "#0"}
			}
		},
		{
			"from": [7.875, 9.6, 7],
			"to": [8.25, 9.875, 11.25],
			"faces": {
				"north": {"uv": [8.375, 1.75, 16, 0], "texture": "#0"},
				"east": {"uv": [8.375, 1.75, 16, 0], "texture": "#0"},
				"south": {"uv": [8.375, 1.75, 16, 0], "texture": "#0"},
				"west": {"uv": [8.375, 1.75, 16, 0], "texture": "#0"},
				"up": {"uv": [11.625, 1.5, 14, 0.375], "texture": "#0"},
				"down": {"uv": [8.375, 1.75, 16, 0], "texture": "#0"}
			}
		},
		{
			"from": [7.875, 9.625, 11.25],
			"to": [8.25, 9.75, 11.375],
			"faces": {
				"north": {"uv": [10.75, 9, 10.875, 9.125], "texture": "#0"},
				"east": {"uv": [10.75, 9, 10.875, 9.125], "texture": "#0"},
				"south": {"uv": [10.75, 9, 10.875, 9.125], "texture": "#0"},
				"west": {"uv": [10.75, 9, 10.875, 9.125], "texture": "#0"},
				"up": {"uv": [10.75, 9, 10.875, 9.125], "texture": "#0"},
				"down": {"uv": [10.75, 9, 10.875, 9.125], "texture": "#0"}
			}
		},
		{
			"from": [7.875, 10, 3.875],
			"to": [8.25, 10.125, 5.875],
			"faces": {
				"north": {"uv": [1.625, 2.5, 4, 0], "texture": "#0"},
				"east": {"uv": [1.625, 2.5, 4, 0], "texture": "#0"},
				"south": {"uv": [1.625, 2.5, 4, 0], "texture": "#0"},
				"west": {"uv": [1.625, 2.5, 4, 0], "texture": "#0"},
				"up": {"uv": [1.625, 2.5, 4, 0], "texture": "#0"},
				"down": {"uv": [1.625, 2.5, 4, 0], "texture": "#0"}
			}
		},
		{
			"from": [7.875, 10, 6],
			"to": [8.25, 10.125, 7.25],
			"faces": {
				"north": {"uv": [9, 1.25, 10.625, 0], "texture": "#0"},
				"east": {"uv": [9, 1.25, 10.625, 0], "texture": "#0"},
				"south": {"uv": [9, 1.25, 10.625, 0], "texture": "#0"},
				"west": {"uv": [9, 1.25, 10.625, 0], "texture": "#0"},
				"up": {"uv": [9, 1.25, 10.625, 0], "texture": "#0"},
				"down": {"uv": [9, 1.25, 10.625, 0], "texture": "#0"}
			}
		},
		{
			"from": [7.875, 10.125, 7.125],
			"to": [8, 10.25, 7.25],
			"faces": {
				"north": {"uv": [4.625, 8.5, 4.75, 8.625], "texture": "#0"},
				"east": {"uv": [4.625, 8.5, 4.75, 8.625], "texture": "#0"},
				"south": {"uv": [4.625, 8.5, 4.75, 8.625], "texture": "#0"},
				"west": {"uv": [4.625, 8.5, 4.75, 8.625], "texture": "#0"},
				"up": {"uv": [4.625, 8.5, 4.75, 8.625], "texture": "#0"},
				"down": {"uv": [4.625, 8.5, 4.75, 8.625], "texture": "#0"}
			}
		},
		{
			"from": [8, 8.375, 9.75],
			"to": [8.125, 8.625, 9.875],
			"faces": {
				"north": {"uv": [4.5, 1.25, 4.625, 1.5], "texture": "#0"},
				"east": {"uv": [4.5, 1.25, 4.625, 1.5], "texture": "#0"},
				"south": {"uv": [4.5, 1.25, 4.625, 1.5], "texture": "#0"},
				"west": {"uv": [4.5, 1.25, 4.625, 1.5], "texture": "#0"},
				"up": {"uv": [4.5, 1.25, 4.625, 1.5], "texture": "#0"},
				"down": {"uv": [4.5, 1.25, 4.625, 1.5], "texture": "#0"}
			}
		},
		{
			"from": [8, 8.875, 0.25],
			"to": [8.125, 9.125, 0.375],
			"faces": {
				"north": {"uv": [13.625, 1.75, 15.125, 2.625], "texture": "#0"},
				"east": {"uv": [13.625, 1.75, 15.125, 2.625], "texture": "#0"},
				"south": {"uv": [13.625, 1.75, 15.125, 2.625], "texture": "#0"},
				"west": {"uv": [13.625, 1.75, 15.125, 2.625], "texture": "#0"},
				"up": {"uv": [13.625, 1.75, 15.125, 2.625], "texture": "#0"},
				"down": {"uv": [13.625, 1.75, 15.125, 2.625], "texture": "#0"}
			}
		},
		{
			"from": [8, 8.875, 0.375],
			"to": [8.125, 9, 3.875],
			"faces": {
				"north": {"uv": [8.625, 3.375, 16, 1.75], "texture": "#0"},
				"east": {"uv": [8.625, 3.375, 16, 1.75], "texture": "#0"},
				"south": {"uv": [8.625, 3.375, 16, 1.75], "texture": "#0"},
				"west": {"uv": [8.625, 3.375, 16, 1.75], "texture": "#0"},
				"up": {"uv": [8.625, 3.375, 16, 1.75], "texture": "#0"},
				"down": {"uv": [8.625, 3.375, 16, 1.75], "texture": "#0"}
			}
		},
		{
			"from": [8, 9, 0.625],
			"to": [8.125, 9.125, 0.75],
			"faces": {
				"north": {"uv": [11.75, 1.75, 10.875, 2.375], "texture": "#0"},
				"east": {"uv": [11.75, 1.75, 10.875, 2.375], "texture": "#0"},
				"south": {"uv": [11.75, 1.75, 10.875, 2.375], "texture": "#0"},
				"west": {"uv": [11.75, 1.75, 10.875, 2.375], "texture": "#0"},
				"up": {"uv": [11.75, 1.75, 10.875, 2.375], "texture": "#0"},
				"down": {"uv": [11.75, 1.75, 10.875, 2.375], "texture": "#0"}
			}
		},
		{
			"from": [8, 9, 3.5],
			"to": [8.125, 9.125, 3.875],
			"faces": {
				"north": {"uv": [14.375, 1.875, 15.25, 2.5], "texture": "#0"},
				"east": {"uv": [14.375, 1.875, 15.25, 2.5], "texture": "#0"},
				"south": {"uv": [14.375, 1.875, 15.25, 2.5], "texture": "#0"},
				"west": {"uv": [14.375, 1.875, 15.25, 2.5], "texture": "#0"},
				"up": {"uv": [14.375, 1.875, 15.25, 2.5], "texture": "#0"},
				"down": {"uv": [14.375, 1.875, 15.25, 2.5], "texture": "#0"}
			}
		},
		{
			"from": [8, 9.5, 0.25],
			"to": [8.125, 9.75, 0.75],
			"faces": {
				"north": {"uv": [10.5, 3.25, 11.625, 4.125], "texture": "#0"},
				"east": {"uv": [10.5, 3.25, 11.625, 4.125], "texture": "#0"},
				"south": {"uv": [10.5, 3.25, 11.625, 4.125], "texture": "#0"},
				"west": {"uv": [10.5, 3.25, 11.625, 4.125], "texture": "#0"},
				"up": {"uv": [10.5, 3.25, 11.625, 4.125], "texture": "#0"},
				"down": {"uv": [10.5, 3.25, 11.625, 4.125], "texture": "#0"}
			}
		},
		{
			"from": [8, 9.5, 3.5],
			"to": [8.125, 10, 3.875],
			"faces": {
				"north": {"uv": [11.875, 2.75, 10.875, 1.625], "texture": "#0"},
				"east": {"uv": [11.875, 2.75, 10.875, 1.625], "texture": "#0"},
				"south": {"uv": [11.875, 2.75, 10.875, 1.625], "texture": "#0"},
				"west": {"uv": [11.875, 2.75, 10.875, 1.625], "texture": "#0"},
				"up": {"uv": [11.875, 2.75, 10.875, 1.625], "texture": "#0"},
				"down": {"uv": [11.875, 2.75, 10.875, 1.625], "texture": "#0"}
			}
		},
		{
			"from": [8, 9.75, 0.375],
			"to": [8.125, 10.25, 0.5],
			"faces": {
				"north": {"uv": [10, 1, 10.625, 1.75], "texture": "#0"},
				"east": {"uv": [10, 1, 10.625, 1.75], "texture": "#0"},
				"south": {"uv": [10, 1, 10.625, 1.75], "texture": "#0"},
				"west": {"uv": [10, 1, 10.625, 1.75], "texture": "#0"},
				"up": {"uv": [10, 1, 10.625, 1.75], "texture": "#0"},
				"down": {"uv": [10, 1, 10.625, 1.75], "texture": "#0"}
			}
		},
		{
			"from": [8, 9.75, 0.5],
			"to": [8.125, 10, 0.625],
			"faces": {
				"north": {"uv": [10, 1, 10.625, 1.75], "texture": "#0"},
				"east": {"uv": [10, 1, 10.625, 1.75], "texture": "#0"},
				"south": {"uv": [10, 1, 10.625, 1.75], "texture": "#0"},
				"west": {"uv": [10, 1, 10.625, 1.75], "texture": "#0"},
				"up": {"uv": [10, 1, 10.625, 1.75], "texture": "#0"},
				"down": {"uv": [10, 1, 10.625, 1.75], "texture": "#0"}
			}
		},
		{
			"from": [8, 9.95, 3.1],
			"to": [8.1, 10.15, 3.2],
			"rotation": {"angle": 0, "axis": "y", "origin": [0, 0.1, 2.6]},
			"faces": {
				"north": {"uv": [0, 0.5, 0.5, 1], "texture": "#0"},
				"east": {"uv": [0, 0.5, 0.5, 1], "texture": "#0"},
				"south": {"uv": [0, 0.5, 0.5, 1], "texture": "#0"},
				"west": {"uv": [0, 0.5, 0.5, 1], "texture": "#0"},
				"up": {"uv": [0, 0.5, 0.5, 1], "texture": "#0"},
				"down": {"uv": [0, 0.5, 0.5, 1], "texture": "#0"}
			}
		},
		{
			"from": [8, 9.95, 3.2],
			"to": [8.1, 10.05, 3.3],
			"rotation": {"angle": 0, "axis": "y", "origin": [0, 0.1, 0]},
			"faces": {
				"north": {"uv": [0, 0.5, 0.5, 1], "texture": "#0"},
				"east": {"uv": [0, 0.5, 0.5, 1], "texture": "#0"},
				"south": {"uv": [0, 0.5, 0.5, 1], "texture": "#0"},
				"west": {"uv": [0, 0.5, 0.5, 1], "texture": "#0"},
				"up": {"uv": [0, 0.5, 0.5, 1], "texture": "#0"},
				"down": {"uv": [0, 0.5, 0.5, 1], "texture": "#0"}
			}
		},
		{
			"from": [8, 9.85, 3],
			"to": [8.1, 9.95, 3.4],
			"rotation": {"angle": 0, "axis": "y", "origin": [0, 0, -0.2]},
			"faces": {
				"north": {"uv": [0, 0.5, 0.5, 1], "texture": "#0"},
				"east": {"uv": [0, 0.5, 0.5, 1], "texture": "#0"},
				"south": {"uv": [0, 0.5, 0.5, 1], "texture": "#0"},
				"west": {"uv": [0, 0.5, 0.5, 1], "texture": "#0"},
				"up": {"uv": [0, 0.5, 0.5, 1], "texture": "#0"},
				"down": {"uv": [0, 0.5, 0.5, 1], "texture": "#0"}
			}
		},
		{
			"from": [8, 9.75, 2.9],
			"to": [8.1, 9.85, 3],
			"rotation": {"angle": 0, "axis": "y", "origin": [0, -0.1, -0.3]},
			"faces": {
				"north": {"uv": [0, 0.5, 0.5, 1], "texture": "#0"},
				"east": {"uv": [0, 0.5, 0.5, 1], "texture": "#0"},
				"south": {"uv": [0, 0.5, 0.5, 1], "texture": "#0"},
				"west": {"uv": [0, 0.5, 0.5, 1], "texture": "#0"},
				"up": {"uv": [0, 0.5, 0.5, 1], "texture": "#0"},
				"down": {"uv": [0, 0.5, 0.5, 1], "texture": "#0"}
			}
		},
		{
			"from": [8, 9.65, 2.8],
			"to": [8.1, 9.75, 2.9],
			"rotation": {"angle": 0, "axis": "y", "origin": [0, -0.2, -0.4]},
			"faces": {
				"north": {"uv": [0, 0.5, 0.5, 1], "texture": "#0"},
				"east": {"uv": [0, 0.5, 0.5, 1], "texture": "#0"},
				"south": {"uv": [0, 0.5, 0.5, 1], "texture": "#0"},
				"west": {"uv": [0, 0.5, 0.5, 1], "texture": "#0"},
				"up": {"uv": [0, 0.5, 0.5, 1], "texture": "#0"},
				"down": {"uv": [0, 0.5, 0.5, 1], "texture": "#0"}
			}
		},
		{
			"from": [8, 9.65, 3.3],
			"to": [8.1, 9.75, 3.4],
			"rotation": {"angle": 0, "axis": "y", "origin": [0, -0.2, 0.1]},
			"faces": {
				"north": {"uv": [0, 0.5, 0.5, 1], "texture": "#0"},
				"east": {"uv": [0, 0.5, 0.5, 1], "texture": "#0"},
				"south": {"uv": [0, 0.5, 0.5, 1], "texture": "#0"},
				"west": {"uv": [0, 0.5, 0.5, 1], "texture": "#0"},
				"up": {"uv": [0, 0.5, 0.5, 1], "texture": "#0"},
				"down": {"uv": [0, 0.5, 0.5, 1], "texture": "#0"}
			}
		},
		{
			"from": [8, 9.55, 2.7],
			"to": [8.1, 9.65, 2.8],
			"rotation": {"angle": 0, "axis": "y", "origin": [0, -0.3, -0.5]},
			"faces": {
				"north": {"uv": [0, 0.5, 0.5, 1], "texture": "#0"},
				"east": {"uv": [0, 0.5, 0.5, 1], "texture": "#0"},
				"south": {"uv": [0, 0.5, 0.5, 1], "texture": "#0"},
				"west": {"uv": [0, 0.5, 0.5, 1], "texture": "#0"},
				"up": {"uv": [0, 0.5, 0.5, 1], "texture": "#0"},
				"down": {"uv": [0, 0.5, 0.5, 1], "texture": "#0"}
			}
		},
		{
			"from": [7.9, 9.55, 2.8],
			"to": [8, 9.65, 2.9],
			"rotation": {"angle": 0, "axis": "y", "origin": [-0.1, -0.3, -0.4]},
			"faces": {
				"north": {"uv": [0, 0.5, 0.5, 1], "texture": "#0"},
				"east": {"uv": [0, 0.5, 0.5, 1], "texture": "#0"},
				"south": {"uv": [0, 0.5, 0.5, 1], "texture": "#0"},
				"west": {"uv": [0, 0.5, 0.5, 1], "texture": "#0"},
				"up": {"uv": [0, 0.5, 0.5, 1], "texture": "#0"},
				"down": {"uv": [0, 0.5, 0.5, 1], "texture": "#0"}
			}
		},
		{
			"from": [7.8, 9.45, 2.8],
			"to": [7.9, 9.55, 2.9],
			"rotation": {"angle": 0, "axis": "y", "origin": [-0.2, -0.4, -0.4]},
			"faces": {
				"north": {"uv": [0, 0.5, 0.5, 1], "texture": "#0"},
				"east": {"uv": [0, 0.5, 0.5, 1], "texture": "#0"},
				"south": {"uv": [0, 0.5, 0.5, 1], "texture": "#0"},
				"west": {"uv": [0, 0.5, 0.5, 1], "texture": "#0"},
				"up": {"uv": [0, 0.5, 0.5, 1], "texture": "#0"},
				"down": {"uv": [0, 0.5, 0.5, 1], "texture": "#0"}
			}
		},
		{
			"from": [7.7, 9.45, 2.9],
			"to": [7.8, 9.55, 3.05],
			"rotation": {"angle": 0, "axis": "y", "origin": [-0.3, -0.4, -0.3]},
			"faces": {
				"north": {"uv": [0, 0.5, 0.5, 1], "texture": "#0"},
				"east": {"uv": [0, 0.5, 0.5, 1], "texture": "#0"},
				"south": {"uv": [0, 0.5, 0.5, 1], "texture": "#0"},
				"west": {"uv": [0, 0.5, 0.5, 1], "texture": "#0"},
				"up": {"uv": [0, 0.5, 0.5, 1], "texture": "#0"},
				"down": {"uv": [0, 0.5, 0.5, 1], "texture": "#0"}
			}
		},
		{
			"from": [7.7, 9.35, 3],
			"to": [7.8, 9.45, 3.15],
			"rotation": {"angle": 0, "axis": "y", "origin": [-0.3, -0.5, -0.2]},
			"faces": {
				"north": {"uv": [0, 0.5, 0.5, 1], "texture": "#0"},
				"east": {"uv": [0, 0.5, 0.5, 1], "texture": "#0"},
				"south": {"uv": [0, 0.5, 0.5, 1], "texture": "#0"},
				"west": {"uv": [0, 0.5, 0.5, 1], "texture": "#0"},
				"up": {"uv": [0, 0.5, 0.5, 1], "texture": "#0"},
				"down": {"uv": [0, 0.5, 0.5, 1], "texture": "#0"}
			}
		},
		{
			"from": [7.7, 9.35, 3.4],
			"to": [7.8, 9.45, 3.6],
			"rotation": {"angle": 0, "axis": "y", "origin": [-0.3, -0.5, 0.2]},
			"faces": {
				"north": {"uv": [0, 0.5, 0.5, 1], "texture": "#0"},
				"east": {"uv": [0, 0.5, 0.5, 1], "texture": "#0"},
				"south": {"uv": [0, 0.5, 0.5, 1], "texture": "#0"},
				"west": {"uv": [0, 0.5, 0.5, 1], "texture": "#0"},
				"up": {"uv": [0, 0.5, 0.5, 1], "texture": "#0"},
				"down": {"uv": [0, 0.5, 0.5, 1], "texture": "#0"}
			}
		},
		{
			"from": [7.6, 9.35, 3.6],
			"to": [7.7, 9.45, 3.75],
			"rotation": {"angle": 0, "axis": "y", "origin": [-0.4, -0.5, 0.4]},
			"faces": {
				"north": {"uv": [0, 0.5, 0.5, 1], "texture": "#0"},
				"east": {"uv": [0, 0.5, 0.5, 1], "texture": "#0"},
				"south": {"uv": [0, 0.5, 0.5, 1], "texture": "#0"},
				"west": {"uv": [0, 0.5, 0.5, 1], "texture": "#0"},
				"up": {"uv": [0, 0.5, 0.5, 1], "texture": "#0"},
				"down": {"uv": [0, 0.5, 0.5, 1], "texture": "#0"}
			}
		},
		{
			"from": [7.6, 9.45, 3.7],
			"to": [7.7, 9.55, 3.8],
			"rotation": {"angle": 0, "axis": "y", "origin": [-0.4, -0.4, 0.5]},
			"faces": {
				"north": {"uv": [0, 0.5, 0.5, 1], "texture": "#0"},
				"east": {"uv": [0, 0.5, 0.5, 1], "texture": "#0"},
				"south": {"uv": [0, 0.5, 0.5, 1], "texture": "#0"},
				"west": {"uv": [0, 0.5, 0.5, 1], "texture": "#0"},
				"up": {"uv": [0, 0.5, 0.5, 1], "texture": "#0"},
				"down": {"uv": [0, 0.5, 0.5, 1], "texture": "#0"}
			}
		},
		{
			"from": [7.6, 9.55, 3.8],
			"to": [7.7, 9.65, 4],
			"rotation": {"angle": 0, "axis": "y", "origin": [-0.4, -0.3, 0.6]},
			"faces": {
				"north": {"uv": [0, 0.5, 0.5, 1], "texture": "#0"},
				"east": {"uv": [0, 0.5, 0.5, 1], "texture": "#0"},
				"south": {"uv": [0, 0.5, 0.5, 1], "texture": "#0"},
				"west": {"uv": [0, 0.5, 0.5, 1], "texture": "#0"},
				"up": {"uv": [0, 0.5, 0.5, 1], "texture": "#0"},
				"down": {"uv": [0, 0.5, 0.5, 1], "texture": "#0"}
			}
		},
		{
			"from": [7.5, 9.45, 4],
			"to": [7.6, 9.55, 4.2],
			"rotation": {"angle": 0, "axis": "y", "origin": [-0.5, -0.4, 0.8]},
			"faces": {
				"north": {"uv": [0, 0.5, 0.5, 1], "texture": "#0"},
				"east": {"uv": [0, 0.5, 0.5, 1], "texture": "#0"},
				"south": {"uv": [0, 0.5, 0.5, 1], "texture": "#0"},
				"west": {"uv": [0, 0.5, 0.5, 1], "texture": "#0"},
				"up": {"uv": [0, 0.5, 0.5, 1], "texture": "#0"},
				"down": {"uv": [0, 0.5, 0.5, 1], "texture": "#0"}
			}
		},
		{
			"from": [7.5, 9.35, 4.2],
			"to": [7.6, 9.45, 4.3],
			"rotation": {"angle": 0, "axis": "y", "origin": [-0.5, -0.5, 1]},
			"faces": {
				"north": {"uv": [0, 0.5, 0.5, 1], "texture": "#0"},
				"east": {"uv": [0, 0.5, 0.5, 1], "texture": "#0"},
				"south": {"uv": [0, 0.5, 0.5, 1], "texture": "#0"},
				"west": {"uv": [0, 0.5, 0.5, 1], "texture": "#0"},
				"up": {"uv": [0, 0.5, 0.5, 1], "texture": "#0"},
				"down": {"uv": [0, 0.5, 0.5, 1], "texture": "#0"}
			}
		},
		{
			"from": [7.6, 9.35, 4.3],
			"to": [7.7, 9.45, 4.4],
			"rotation": {"angle": 0, "axis": "y", "origin": [-0.4, -0.5, 1.1]},
			"faces": {
				"north": {"uv": [0, 0.5, 0.5, 1], "texture": "#0"},
				"east": {"uv": [0, 0.5, 0.5, 1], "texture": "#0"},
				"south": {"uv": [0, 0.5, 0.5, 1], "texture": "#0"},
				"west": {"uv": [0, 0.5, 0.5, 1], "texture": "#0"},
				"up": {"uv": [0, 0.5, 0.5, 1], "texture": "#0"},
				"down": {"uv": [0, 0.5, 0.5, 1], "texture": "#0"}
			}
		},
		{
			"from": [7.65, 9.45, 4.3],
			"to": [7.7, 9.55, 4.45],
			"rotation": {"angle": 0, "axis": "y", "origin": [-0.4, -0.4, 1.1]},
			"faces": {
				"north": {"uv": [0, 0.5, 0.5, 1], "texture": "#0"},
				"east": {"uv": [0, 0.5, 0.5, 1], "texture": "#0"},
				"south": {"uv": [0, 0.5, 0.5, 1], "texture": "#0"},
				"west": {"uv": [0, 0.5, 0.5, 1], "texture": "#0"},
				"up": {"uv": [0, 0.5, 0.5, 1], "texture": "#0"},
				"down": {"uv": [0, 0.5, 0.5, 1], "texture": "#0"}
			}
		},
		{
			"from": [7.55, 9.35, 4.3],
			"to": [7.6, 9.45, 4.35],
			"rotation": {"angle": 0, "axis": "y", "origin": [-0.5, -0.5, 1.1]},
			"faces": {
				"north": {"uv": [0, 0.5, 0.5, 1], "texture": "#0"},
				"east": {"uv": [0, 0.5, 0.5, 1], "texture": "#0"},
				"south": {"uv": [0, 0.5, 0.5, 1], "texture": "#0"},
				"west": {"uv": [0, 0.5, 0.5, 1], "texture": "#0"},
				"up": {"uv": [0, 0.5, 0.5, 1], "texture": "#0"},
				"down": {"uv": [0, 0.5, 0.5, 1], "texture": "#0"}
			}
		},
		{
			"from": [7.7, 9.45, 4.4],
			"to": [7.8, 9.65, 4.5],
			"rotation": {"angle": 0, "axis": "y", "origin": [-0.3, -0.4, 1.2]},
			"faces": {
				"north": {"uv": [0, 0.5, 0.5, 1], "texture": "#0"},
				"east": {"uv": [0, 0.5, 0.5, 1], "texture": "#0"},
				"south": {"uv": [0, 0.5, 0.5, 1], "texture": "#0"},
				"west": {"uv": [0, 0.5, 0.5, 1], "texture": "#0"},
				"up": {"uv": [0, 0.5, 0.5, 1], "texture": "#0"},
				"down": {"uv": [0, 0.5, 0.5, 1], "texture": "#0"}
			}
		},
		{
			"from": [7.6, 9.25, 3.5],
			"to": [7.7, 9.35, 3.7],
			"rotation": {"angle": 0, "axis": "y", "origin": [-0.4, -0.6, 0.3]},
			"faces": {
				"north": {"uv": [0, 0.5, 0.5, 1], "texture": "#0"},
				"east": {"uv": [0, 0.5, 0.5, 1], "texture": "#0"},
				"south": {"uv": [0, 0.5, 0.5, 1], "texture": "#0"},
				"west": {"uv": [0, 0.5, 0.5, 1], "texture": "#0"},
				"up": {"uv": [0, 0.5, 0.5, 1], "texture": "#0"},
				"down": {"uv": [0, 0.5, 0.5, 1], "texture": "#0"}
			}
		},
		{
			"from": [7.7, 9.2, 3.2],
			"to": [7.8, 9.25, 3.3],
			"rotation": {"angle": 0, "axis": "y", "origin": [-0.3, -0.7, 0]},
			"faces": {
				"north": {"uv": [0, 0.5, 0.5, 1], "texture": "#0"},
				"east": {"uv": [0, 0.5, 0.5, 1], "texture": "#0"},
				"south": {"uv": [0, 0.5, 0.5, 1], "texture": "#0"},
				"west": {"uv": [0, 0.5, 0.5, 1], "texture": "#0"},
				"up": {"uv": [0, 0.5, 0.5, 1], "texture": "#0"},
				"down": {"uv": [0, 0.5, 0.5, 1], "texture": "#0"}
			}
		},
		{
			"from": [7.7, 9.25, 3.1],
			"to": [7.8, 9.35, 3.4],
			"rotation": {"angle": 0, "axis": "y", "origin": [-0.3, -0.6, -0.1]},
			"faces": {
				"north": {"uv": [0, 0.5, 0.5, 1], "texture": "#0"},
				"east": {"uv": [0, 0.5, 0.5, 1], "texture": "#0"},
				"south": {"uv": [0, 0.5, 0.5, 1], "texture": "#0"},
				"west": {"uv": [0, 0.5, 0.5, 1], "texture": "#0"},
				"up": {"uv": [0, 0.5, 0.5, 1], "texture": "#0"},
				"down": {"uv": [0, 0.5, 0.5, 1], "texture": "#0"}
			}
		},
		{
			"from": [8, 9.75, 3.2],
			"to": [8.1, 9.85, 3.5],
			"rotation": {"angle": 0, "axis": "y", "origin": [0, -0.1, 0]},
			"faces": {
				"north": {"uv": [0, 0.5, 0.5, 1], "texture": "#0"},
				"east": {"uv": [0, 0.5, 0.5, 1], "texture": "#0"},
				"south": {"uv": [0, 0.5, 0.5, 1], "texture": "#0"},
				"west": {"uv": [0, 0.5, 0.5, 1], "texture": "#0"},
				"up": {"uv": [0, 0.5, 0.5, 1], "texture": "#0"},
				"down": {"uv": [0, 0.5, 0.5, 1], "texture": "#0"}
			}
		},
		{
			"from": [7.9, 9.65, 3.4],
			"to": [8.1, 9.75, 3.5],
			"rotation": {"angle": 0, "axis": "y", "origin": [-0.1, -0.2, 0.2]},
			"faces": {
				"north": {"uv": [0, 0.5, 0.5, 1], "texture": "#0"},
				"east": {"uv": [0, 0.5, 0.5, 1], "texture": "#0"},
				"south": {"uv": [0, 0.5, 0.5, 1], "texture": "#0"},
				"west": {"uv": [0, 0.5, 0.5, 1], "texture": "#0"},
				"up": {"uv": [0, 0.5, 0.5, 1], "texture": "#0"},
				"down": {"uv": [0, 0.5, 0.5, 1], "texture": "#0"}
			}
		},
		{
			"from": [7.9, 9.75, 3.5],
			"to": [8, 9.85, 3.7],
			"rotation": {"angle": 0, "axis": "y", "origin": [-0.1, -0.1, 0.3]},
			"faces": {
				"north": {"uv": [0, 0.5, 0.5, 1], "texture": "#0"},
				"east": {"uv": [0, 0.5, 0.5, 1], "texture": "#0"},
				"south": {"uv": [0, 0.5, 0.5, 1], "texture": "#0"},
				"west": {"uv": [0, 0.5, 0.5, 1], "texture": "#0"},
				"up": {"uv": [0, 0.5, 0.5, 1], "texture": "#0"},
				"down": {"uv": [0, 0.5, 0.5, 1], "texture": "#0"}
			}
		},
		{
			"from": [7.9, 9.85, 3.6],
			"to": [8, 9.95, 3.9],
			"rotation": {"angle": 0, "axis": "y", "origin": [-0.1, 0, 0.4]},
			"faces": {
				"north": {"uv": [0, 0.5, 0.5, 1], "texture": "#0"},
				"east": {"uv": [0, 0.5, 0.5, 1], "texture": "#0"},
				"south": {"uv": [0, 0.5, 0.5, 1], "texture": "#0"},
				"west": {"uv": [0, 0.5, 0.5, 1], "texture": "#0"},
				"up": {"uv": [0, 0.5, 0.5, 1], "texture": "#0"},
				"down": {"uv": [0, 0.5, 0.5, 1], "texture": "#0"}
			}
		},
		{
			"from": [8, 10.15, 3.1],
			"to": [8.1, 10.2, 3.15],
			"rotation": {"angle": 0, "axis": "y", "origin": [0, 0.3, -0.1]},
			"faces": {
				"north": {"uv": [0, 0.1, 0.1, 0.2], "texture": "#0"},
				"east": {"uv": [0, 0.1, 0.1, 0.2], "texture": "#0"},
				"south": {"uv": [0, 0.1, 0.1, 0.2], "texture": "#0"},
				"west": {"uv": [0, 0.1, 0.1, 0.2], "texture": "#0"},
				"up": {"uv": [0, 0.1, 0.1, 0.2], "texture": "#0"},
				"down": {"uv": [0, 0.1, 0.1, 0.2], "texture": "#0"}
			}
		},
		{
			"from": [8, 9.85, 2.95],
			"to": [8.1, 9.9, 3],
			"rotation": {"angle": 0, "axis": "y", "origin": [0, 0, -0.3]},
			"faces": {
				"north": {"uv": [0, 0.1, 0.1, 0.2], "texture": "#0"},
				"east": {"uv": [0, 0.1, 0.1, 0.2], "texture": "#0"},
				"south": {"uv": [0, 0.1, 0.1, 0.2], "texture": "#0"},
				"west": {"uv": [0, 0.1, 0.1, 0.2], "texture": "#0"},
				"up": {"uv": [0, 0.1, 0.1, 0.2], "texture": "#0"},
				"down": {"uv": [0, 0.1, 0.1, 0.2], "texture": "#0"}
			}
		},
		{
			"from": [8, 9.95, 3.05],
			"to": [8.1, 10, 3.1],
			"rotation": {"angle": 0, "axis": "y", "origin": [0, 0.1, -0.2]},
			"faces": {
				"north": {"uv": [0, 0.1, 0.1, 0.2], "texture": "#0"},
				"east": {"uv": [0, 0.1, 0.1, 0.2], "texture": "#0"},
				"south": {"uv": [0, 0.1, 0.1, 0.2], "texture": "#0"},
				"west": {"uv": [0, 0.1, 0.1, 0.2], "texture": "#0"},
				"up": {"uv": [0, 0.1, 0.1, 0.2], "texture": "#0"},
				"down": {"uv": [0, 0.1, 0.1, 0.2], "texture": "#0"}
			}
		},
		{
			"from": [8, 9.75, 2.85],
			"to": [8.1, 9.8, 2.9],
			"rotation": {"angle": 0, "axis": "y", "origin": [0, -0.1, -0.4]},
			"faces": {
				"north": {"uv": [0, 0.1, 0.1, 0.2], "texture": "#0"},
				"east": {"uv": [0, 0.1, 0.1, 0.2], "texture": "#0"},
				"south": {"uv": [0, 0.1, 0.1, 0.2], "texture": "#0"},
				"west": {"uv": [0, 0.1, 0.1, 0.2], "texture": "#0"},
				"up": {"uv": [0, 0.1, 0.1, 0.2], "texture": "#0"},
				"down": {"uv": [0, 0.1, 0.1, 0.2], "texture": "#0"}
			}
		},
		{
			"from": [8, 9.8, 3.15],
			"to": [8.1, 9.85, 3.2],
			"rotation": {"angle": 0, "axis": "y", "origin": [0, -0.1, -0.1]},
			"faces": {
				"north": {"uv": [0, 0.1, 0.1, 0.2], "texture": "#0"},
				"east": {"uv": [0, 0.1, 0.1, 0.2], "texture": "#0"},
				"south": {"uv": [0, 0.1, 0.1, 0.2], "texture": "#0"},
				"west": {"uv": [0, 0.1, 0.1, 0.2], "texture": "#0"},
				"up": {"uv": [0, 0.1, 0.1, 0.2], "texture": "#0"},
				"down": {"uv": [0, 0.1, 0.1, 0.2], "texture": "#0"}
			}
		},
		{
			"from": [8, 10.05, 3.2],
			"to": [8.1, 10.1, 3.25],
			"rotation": {"angle": 0, "axis": "y", "origin": [0, 0.2, 0]},
			"faces": {
				"north": {"uv": [0, 0.1, 0.1, 0.2], "texture": "#0"},
				"east": {"uv": [0, 0.1, 0.1, 0.2], "texture": "#0"},
				"south": {"uv": [0, 0.1, 0.1, 0.2], "texture": "#0"},
				"west": {"uv": [0, 0.1, 0.1, 0.2], "texture": "#0"},
				"up": {"uv": [0, 0.1, 0.1, 0.2], "texture": "#0"},
				"down": {"uv": [0, 0.1, 0.1, 0.2], "texture": "#0"}
			}
		},
		{
			"from": [8, 9.85, 3.4],
			"to": [8.1, 9.9, 3.45],
			"rotation": {"angle": 0, "axis": "y", "origin": [0, 0, 0.2]},
			"faces": {
				"north": {"uv": [0, 0.1, 0.1, 0.2], "texture": "#0"},
				"east": {"uv": [0, 0.1, 0.1, 0.2], "texture": "#0"},
				"south": {"uv": [0, 0.1, 0.1, 0.2], "texture": "#0"},
				"west": {"uv": [0, 0.1, 0.1, 0.2], "texture": "#0"},
				"up": {"uv": [0, 0.1, 0.1, 0.2], "texture": "#0"},
				"down": {"uv": [0, 0.1, 0.1, 0.2], "texture": "#0"}
			}
		},
		{
			"from": [8, 9.8, 3],
			"to": [8.1, 9.85, 3.05],
			"rotation": {"angle": 0, "axis": "y", "origin": [0, -0.1, -0.2]},
			"faces": {
				"north": {"uv": [0, 0.1, 0.1, 0.2], "texture": "#0"},
				"east": {"uv": [0, 0.1, 0.1, 0.2], "texture": "#0"},
				"south": {"uv": [0, 0.1, 0.1, 0.2], "texture": "#0"},
				"west": {"uv": [0, 0.1, 0.1, 0.2], "texture": "#0"},
				"up": {"uv": [0, 0.1, 0.1, 0.2], "texture": "#0"},
				"down": {"uv": [0, 0.1, 0.1, 0.2], "texture": "#0"}
			}
		},
		{
			"from": [8, 9.7, 2.9],
			"to": [8.1, 9.75, 2.95],
			"rotation": {"angle": 0, "axis": "y", "origin": [0, -0.2, -0.3]},
			"faces": {
				"north": {"uv": [0, 0.1, 0.1, 0.2], "texture": "#0"},
				"east": {"uv": [0, 0.1, 0.1, 0.2], "texture": "#0"},
				"south": {"uv": [0, 0.1, 0.1, 0.2], "texture": "#0"},
				"west": {"uv": [0, 0.1, 0.1, 0.2], "texture": "#0"},
				"up": {"uv": [0, 0.1, 0.1, 0.2], "texture": "#0"},
				"down": {"uv": [0, 0.1, 0.1, 0.2], "texture": "#0"}
			}
		},
		{
			"from": [8, 9.95, 3.3],
			"to": [8.1, 10, 3.35],
			"rotation": {"angle": 0, "axis": "y", "origin": [0, 0.1, 0.1]},
			"faces": {
				"north": {"uv": [0, 0.1, 0.1, 0.2], "texture": "#0"},
				"east": {"uv": [0, 0.1, 0.1, 0.2], "texture": "#0"},
				"south": {"uv": [0, 0.1, 0.1, 0.2], "texture": "#0"},
				"west": {"uv": [0, 0.1, 0.1, 0.2], "texture": "#0"},
				"up": {"uv": [0, 0.1, 0.1, 0.2], "texture": "#0"},
				"down": {"uv": [0, 0.1, 0.1, 0.2], "texture": "#0"}
			}
		},
		{
			"from": [7.9, 9.75, 3.45],
			"to": [8, 9.8, 3.5],
			"rotation": {"angle": 0, "axis": "y", "origin": [-0.1, -0.1, 0.2]},
			"faces": {
				"north": {"uv": [0, 0.1, 0.1, 0.2], "texture": "#0"},
				"east": {"uv": [0, 0.1, 0.1, 0.2], "texture": "#0"},
				"south": {"uv": [0, 0.1, 0.1, 0.2], "texture": "#0"},
				"west": {"uv": [0, 0.1, 0.1, 0.2], "texture": "#0"},
				"up": {"uv": [0, 0.1, 0.1, 0.2], "texture": "#0"},
				"down": {"uv": [0, 0.1, 0.1, 0.2], "texture": "#0"}
			}
		},
		{
			"from": [7.5, 9.55, 3.95],
			"to": [7.6, 9.6, 4],
			"rotation": {"angle": 0, "axis": "y", "origin": [-0.5, -0.3, 0.7]},
			"faces": {
				"north": {"uv": [0, 0.1, 0.1, 0.2], "texture": "#0"},
				"east": {"uv": [0, 0.1, 0.1, 0.2], "texture": "#0"},
				"south": {"uv": [0, 0.1, 0.1, 0.2], "texture": "#0"},
				"west": {"uv": [0, 0.1, 0.1, 0.2], "texture": "#0"},
				"up": {"uv": [0, 0.1, 0.1, 0.2], "texture": "#0"},
				"down": {"uv": [0, 0.1, 0.1, 0.2], "texture": "#0"}
			}
		},
		{
			"from": [7.875, 9.9, 4.2],
			"to": [8.25, 10.025, 6.2],
			"rotation": {"angle": 0, "axis": "y", "origin": [0, -0.1, 0.3]},
			"faces": {
				"north": {"uv": [1.625, 2.5, 4, 0], "texture": "#0"},
				"east": {"uv": [1.625, 2.5, 4, 0], "texture": "#0"},
				"south": {"uv": [1.625, 2.5, 4, 0], "texture": "#0"},
				"west": {"uv": [1.625, 2.5, 4, 0], "texture": "#0"},
				"up": {"uv": [1.625, 2.5, 4, 0], "texture": "#0"},
				"down": {"uv": [1.625, 2.5, 4, 0], "texture": "#0"}
			}
		},
		{
			"from": [7.5, 9.45, 4.2],
			"to": [7.6, 9.5, 4.25],
			"rotation": {"angle": 0, "axis": "y", "origin": [-0.5, -0.4, 1]},
			"faces": {
				"north": {"uv": [0, 0.1, 0.1, 0.2], "texture": "#0"},
				"east": {"uv": [0, 0.1, 0.1, 0.2], "texture": "#0"},
				"south": {"uv": [0, 0.1, 0.1, 0.2], "texture": "#0"},
				"west": {"uv": [0, 0.1, 0.1, 0.2], "texture": "#0"},
				"up": {"uv": [0, 0.1, 0.1, 0.2], "texture": "#0"},
				"down": {"uv": [0, 0.1, 0.1, 0.2], "texture": "#0"}
			}
		},
		{
			"from": [7.6, 9.45, 3.65],
			"to": [7.7, 9.5, 3.7],
			"rotation": {"angle": 0, "axis": "y", "origin": [-0.4, -0.4, 0.4]},
			"faces": {
				"north": {"uv": [0, 0.1, 0.1, 0.2], "texture": "#0"},
				"east": {"uv": [0, 0.1, 0.1, 0.2], "texture": "#0"},
				"south": {"uv": [0, 0.1, 0.1, 0.2], "texture": "#0"},
				"west": {"uv": [0, 0.1, 0.1, 0.2], "texture": "#0"},
				"up": {"uv": [0, 0.1, 0.1, 0.2], "texture": "#0"},
				"down": {"uv": [0, 0.1, 0.1, 0.2], "texture": "#0"}
			}
		},
		{
			"from": [7.5, 9.4, 4.15],
			"to": [7.6, 9.45, 4.2],
			"rotation": {"angle": 0, "axis": "y", "origin": [-0.5, -0.5, 0.9]},
			"faces": {
				"north": {"uv": [0, 0.1, 0.1, 0.2], "texture": "#0"},
				"east": {"uv": [0, 0.1, 0.1, 0.2], "texture": "#0"},
				"south": {"uv": [0, 0.1, 0.1, 0.2], "texture": "#0"},
				"west": {"uv": [0, 0.1, 0.1, 0.2], "texture": "#0"},
				"up": {"uv": [0, 0.1, 0.1, 0.2], "texture": "#0"},
				"down": {"uv": [0, 0.1, 0.1, 0.2], "texture": "#0"}
			}
		},
		{
			"from": [7.6, 9.55, 3.75],
			"to": [7.7, 9.6, 3.8],
			"rotation": {"angle": 0, "axis": "y", "origin": [-0.4, -0.3, 0.5]},
			"faces": {
				"north": {"uv": [0, 0.1, 0.1, 0.2], "texture": "#0"},
				"east": {"uv": [0, 0.1, 0.1, 0.2], "texture": "#0"},
				"south": {"uv": [0, 0.1, 0.1, 0.2], "texture": "#0"},
				"west": {"uv": [0, 0.1, 0.1, 0.2], "texture": "#0"},
				"up": {"uv": [0, 0.1, 0.1, 0.2], "texture": "#0"},
				"down": {"uv": [0, 0.1, 0.1, 0.2], "texture": "#0"}
			}
		},
		{
			"from": [7.6, 9.35, 3.55],
			"to": [7.7, 9.4, 3.6],
			"rotation": {"angle": 0, "axis": "y", "origin": [-0.4, -0.5, 0.3]},
			"faces": {
				"north": {"uv": [0, 0.1, 0.1, 0.2], "texture": "#0"},
				"east": {"uv": [0, 0.1, 0.1, 0.2], "texture": "#0"},
				"south": {"uv": [0, 0.1, 0.1, 0.2], "texture": "#0"},
				"west": {"uv": [0, 0.1, 0.1, 0.2], "texture": "#0"},
				"up": {"uv": [0, 0.1, 0.1, 0.2], "texture": "#0"},
				"down": {"uv": [0, 0.1, 0.1, 0.2], "texture": "#0"}
			}
		},
		{
			"from": [7.7, 9.35, 3.35],
			"to": [7.8, 9.4, 3.4],
			"rotation": {"angle": 0, "axis": "y", "origin": [-0.3, -0.5, 0.1]},
			"faces": {
				"north": {"uv": [0, 0.1, 0.1, 0.2], "texture": "#0"},
				"east": {"uv": [0, 0.1, 0.1, 0.2], "texture": "#0"},
				"south": {"uv": [0, 0.1, 0.1, 0.2], "texture": "#0"},
				"west": {"uv": [0, 0.1, 0.1, 0.2], "texture": "#0"},
				"up": {"uv": [0, 0.1, 0.1, 0.2], "texture": "#0"},
				"down": {"uv": [0, 0.1, 0.1, 0.2], "texture": "#0"}
			}
		},
		{
			"from": [7.9, 9.85, 3.55],
			"to": [8, 9.9, 3.6],
			"rotation": {"angle": 0, "axis": "y", "origin": [-0.1, 0, 0.3]},
			"faces": {
				"north": {"uv": [0, 0.1, 0.1, 0.2], "texture": "#0"},
				"east": {"uv": [0, 0.1, 0.1, 0.2], "texture": "#0"},
				"south": {"uv": [0, 0.1, 0.1, 0.2], "texture": "#0"},
				"west": {"uv": [0, 0.1, 0.1, 0.2], "texture": "#0"},
				"up": {"uv": [0, 0.1, 0.1, 0.2], "texture": "#0"},
				"down": {"uv": [0, 0.1, 0.1, 0.2], "texture": "#0"}
			}
		},
		{
			"from": [8, 10.1, 3.05],
			"to": [8.1, 10.25, 3.1],
			"rotation": {"angle": 0, "axis": "y", "origin": [0, 0.2, -0.2]},
			"faces": {
				"north": {"uv": [0, 0.1, 0.1, 0.2], "texture": "#0"},
				"east": {"uv": [0, 0.1, 0.1, 0.2], "texture": "#0"},
				"south": {"uv": [0, 0.1, 0.1, 0.2], "texture": "#0"},
				"west": {"uv": [0, 0.1, 0.1, 0.2], "texture": "#0"},
				"up": {"uv": [0, 0.1, 0.1, 0.2], "texture": "#0"},
				"down": {"uv": [0, 0.1, 0.1, 0.2], "texture": "#0"}
			}
		},
		{
			"from": [8, 10.2, 2.95],
			"to": [8.1, 10.35, 3],
			"rotation": {"angle": 0, "axis": "y", "origin": [0, 0.3, -0.3]},
			"faces": {
				"north": {"uv": [0, 0.1, 0.1, 0.2], "texture": "#0"},
				"east": {"uv": [0, 0.1, 0.1, 0.2], "texture": "#0"},
				"south": {"uv": [0, 0.1, 0.1, 0.2], "texture": "#0"},
				"west": {"uv": [0, 0.1, 0.1, 0.2], "texture": "#0"},
				"up": {"uv": [0, 0.1, 0.1, 0.2], "texture": "#0"},
				"down": {"uv": [0, 0.1, 0.1, 0.2], "texture": "#0"}
			}
		},
		{
			"from": [8, 10.15, 3],
			"to": [8.1, 10.3, 3.05],
			"rotation": {"angle": 0, "axis": "y", "origin": [0, 0.3, -0.2]},
			"faces": {
				"north": {"uv": [0, 0.1, 0.1, 0.2], "texture": "#0"},
				"east": {"uv": [0, 0.1, 0.1, 0.2], "texture": "#0"},
				"south": {"uv": [0, 0.1, 0.1, 0.2], "texture": "#0"},
				"west": {"uv": [0, 0.1, 0.1, 0.2], "texture": "#0"},
				"up": {"uv": [0, 0.1, 0.1, 0.2], "texture": "#0"},
				"down": {"uv": [0, 0.1, 0.1, 0.2], "texture": "#0"}
			}
		},
		{
			"from": [8, 10.3, 2.9],
			"to": [8.1, 10.4, 2.95],
			"rotation": {"angle": 0, "axis": "y", "origin": [0, 0.4, -0.3]},
			"faces": {
				"north": {"uv": [0, 0.1, 0.1, 0.2], "texture": "#0"},
				"east": {"uv": [0, 0.1, 0.1, 0.2], "texture": "#0"},
				"south": {"uv": [0, 0.1, 0.1, 0.2], "texture": "#0"},
				"west": {"uv": [0, 0.1, 0.1, 0.2], "texture": "#0"},
				"up": {"uv": [0, 0.1, 0.1, 0.2], "texture": "#0"},
				"down": {"uv": [0, 0.1, 0.1, 0.2], "texture": "#0"}
			}
		},
		{
			"from": [8, 10.35, 2.85],
			"to": [8.1, 10.45, 2.9],
			"rotation": {"angle": 0, "axis": "y", "origin": [0, 0.4, -0.4]},
			"faces": {
				"north": {"uv": [0, 0.1, 0.1, 0.2], "texture": "#0"},
				"east": {"uv": [0, 0.1, 0.1, 0.2], "texture": "#0"},
				"south": {"uv": [0, 0.1, 0.1, 0.2], "texture": "#0"},
				"west": {"uv": [0, 0.1, 0.1, 0.2], "texture": "#0"},
				"up": {"uv": [0, 0.1, 0.1, 0.2], "texture": "#0"},
				"down": {"uv": [0, 0.1, 0.1, 0.2], "texture": "#0"}
			}
		},
		{
			"from": [8.2, 9.95, 2.65],
			"to": [8.3, 10.15, 2.7],
			"rotation": {"angle": 0, "axis": "y", "origin": [0.2, 0, -0.6]},
			"faces": {
				"north": {"uv": [0, 0.1, 0.1, 0.2], "texture": "#0"},
				"east": {"uv": [0, 0.1, 0.1, 0.2], "texture": "#0"},
				"south": {"uv": [0, 0.1, 0.1, 0.2], "texture": "#0"},
				"west": {"uv": [0, 0.1, 0.1, 0.2], "texture": "#0"},
				"up": {"uv": [0, 0.1, 0.1, 0.2], "texture": "#0"},
				"down": {"uv": [0, 0.1, 0.1, 0.2], "texture": "#0"}
			}
		},
		{
			"from": [8.2, 9.9, 2.7],
			"to": [8.3, 10.05, 2.75],
			"rotation": {"angle": 0, "axis": "y", "origin": [0.2, 0, -0.5]},
			"faces": {
				"north": {"uv": [0, 0.1, 0.1, 0.2], "texture": "#0"},
				"east": {"uv": [0, 0.1, 0.1, 0.2], "texture": "#0"},
				"south": {"uv": [0, 0.1, 0.1, 0.2], "texture": "#0"},
				"west": {"uv": [0, 0.1, 0.1, 0.2], "texture": "#0"},
				"up": {"uv": [0, 0.1, 0.1, 0.2], "texture": "#0"},
				"down": {"uv": [0, 0.1, 0.1, 0.2], "texture": "#0"}
			}
		},
		{
			"from": [8.2, 9.8, 2.75],
			"to": [8.3, 9.95, 2.8],
			"rotation": {"angle": 0, "axis": "y", "origin": [0.2, -0.1, -0.5]},
			"faces": {
				"north": {"uv": [0, 0.1, 0.1, 0.2], "texture": "#0"},
				"east": {"uv": [0, 0.1, 0.1, 0.2], "texture": "#0"},
				"south": {"uv": [0, 0.1, 0.1, 0.2], "texture": "#0"},
				"west": {"uv": [0, 0.1, 0.1, 0.2], "texture": "#0"},
				"up": {"uv": [0, 0.1, 0.1, 0.2], "texture": "#0"},
				"down": {"uv": [0, 0.1, 0.1, 0.2], "texture": "#0"}
			}
		},
		{
			"from": [8.2, 9.75, 2.8],
			"to": [8.3, 9.9, 2.85],
			"rotation": {"angle": 0, "axis": "y", "origin": [0.2, -0.1, -0.4]},
			"faces": {
				"north": {"uv": [0, 0.1, 0.1, 0.2], "texture": "#0"},
				"east": {"uv": [0, 0.1, 0.1, 0.2], "texture": "#0"},
				"south": {"uv": [0, 0.1, 0.1, 0.2], "texture": "#0"},
				"west": {"uv": [0, 0.1, 0.1, 0.2], "texture": "#0"},
				"up": {"uv": [0, 0.1, 0.1, 0.2], "texture": "#0"},
				"down": {"uv": [0, 0.1, 0.1, 0.2], "texture": "#0"}
			}
		},
		{
			"from": [8.2, 9.7, 2.85],
			"to": [8.3, 9.85, 2.9],
			"rotation": {"angle": 0, "axis": "y", "origin": [0.2, -0.2, -0.4]},
			"faces": {
				"north": {"uv": [0, 0.1, 0.1, 0.2], "texture": "#0"},
				"east": {"uv": [0, 0.1, 0.1, 0.2], "texture": "#0"},
				"south": {"uv": [0, 0.1, 0.1, 0.2], "texture": "#0"},
				"west": {"uv": [0, 0.1, 0.1, 0.2], "texture": "#0"},
				"up": {"uv": [0, 0.1, 0.1, 0.2], "texture": "#0"},
				"down": {"uv": [0, 0.1, 0.1, 0.2], "texture": "#0"}
			}
		},
		{
			"from": [7.7, 9.4, 9.25],
			"to": [7.8, 9.55, 9.3],
			"rotation": {"angle": 0, "axis": "y", "origin": [-0.3, -0.5, 6]},
			"faces": {
				"north": {"uv": [0, 0.1, 0.1, 0.2], "texture": "#0"},
				"east": {"uv": [0, 0.1, 0.1, 0.2], "texture": "#0"},
				"south": {"uv": [0, 0.1, 0.1, 0.2], "texture": "#0"},
				"west": {"uv": [0, 0.1, 0.1, 0.2], "texture": "#0"},
				"up": {"uv": [0, 0.1, 0.1, 0.2], "texture": "#0"},
				"down": {"uv": [0, 0.1, 0.1, 0.2], "texture": "#0"}
			}
		},
		{
			"from": [7.7, 9.45, 9.2],
			"to": [7.8, 9.6, 9.25],
			"rotation": {"angle": 0, "axis": "y", "origin": [-0.3, -0.4, 6]},
			"faces": {
				"north": {"uv": [0, 0.1, 0.1, 0.2], "texture": "#0"},
				"east": {"uv": [0, 0.1, 0.1, 0.2], "texture": "#0"},
				"south": {"uv": [0, 0.1, 0.1, 0.2], "texture": "#0"},
				"west": {"uv": [0, 0.1, 0.1, 0.2], "texture": "#0"},
				"up": {"uv": [0, 0.1, 0.1, 0.2], "texture": "#0"},
				"down": {"uv": [0, 0.1, 0.1, 0.2], "texture": "#0"}
			}
		},
		{
			"from": [7.7, 9.5, 9.15],
			"to": [7.8, 9.65, 9.2],
			"rotation": {"angle": 0, "axis": "y", "origin": [-0.3, -0.4, 5.9]},
			"faces": {
				"north": {"uv": [0, 0.1, 0.1, 0.2], "texture": "#0"},
				"east": {"uv": [0, 0.1, 0.1, 0.2], "texture": "#0"},
				"south": {"uv": [0, 0.1, 0.1, 0.2], "texture": "#0"},
				"west": {"uv": [0, 0.1, 0.1, 0.2], "texture": "#0"},
				"up": {"uv": [0, 0.1, 0.1, 0.2], "texture": "#0"},
				"down": {"uv": [0, 0.1, 0.1, 0.2], "texture": "#0"}
			}
		},
		{
			"from": [7.7, 9.6, 9.1],
			"to": [7.8, 9.75, 9.15],
			"rotation": {"angle": 0, "axis": "y", "origin": [-0.3, -0.3, 5.9]},
			"faces": {
				"north": {"uv": [0, 0.1, 0.1, 0.2], "texture": "#0"},
				"east": {"uv": [0, 0.1, 0.1, 0.2], "texture": "#0"},
				"south": {"uv": [0, 0.1, 0.1, 0.2], "texture": "#0"},
				"west": {"uv": [0, 0.1, 0.1, 0.2], "texture": "#0"},
				"up": {"uv": [0, 0.1, 0.1, 0.2], "texture": "#0"},
				"down": {"uv": [0, 0.1, 0.1, 0.2], "texture": "#0"}
			}
		},
		{
			"from": [7.7, 9.65, 9.05],
			"to": [7.8, 9.85, 9.1],
			"rotation": {"angle": 0, "axis": "y", "origin": [-0.3, -0.3, 5.8]},
			"faces": {
				"north": {"uv": [0, 0.1, 0.1, 0.2], "texture": "#0"},
				"east": {"uv": [0, 0.1, 0.1, 0.2], "texture": "#0"},
				"south": {"uv": [0, 0.1, 0.1, 0.2], "texture": "#0"},
				"west": {"uv": [0, 0.1, 0.1, 0.2], "texture": "#0"},
				"up": {"uv": [0, 0.1, 0.1, 0.2], "texture": "#0"},
				"down": {"uv": [0, 0.1, 0.1, 0.2], "texture": "#0"}
			}
		},
		{
			"from": [8.2, 9.55, 2.9],
			"to": [8.3, 9.75, 3],
			"rotation": {"angle": 0, "axis": "y", "origin": [0.2, -0.3, 2.4]},
			"faces": {
				"north": {"uv": [0, 0.5, 0.5, 1], "texture": "#0"},
				"east": {"uv": [0, 0.5, 0.5, 1], "texture": "#0"},
				"south": {"uv": [0, 0.5, 0.5, 1], "texture": "#0"},
				"west": {"uv": [0, 0.5, 0.5, 1], "texture": "#0"},
				"up": {"uv": [0, 0.5, 0.5, 1], "texture": "#0"},
				"down": {"uv": [0, 0.5, 0.5, 1], "texture": "#0"}
			}
		},
		{
			"from": [8.2, 9.75, 2.9],
			"to": [8.3, 9.8, 2.95],
			"rotation": {"angle": 0, "axis": "y", "origin": [0.2, -0.1, -0.3]},
			"faces": {
				"north": {"uv": [0, 0.1, 0.1, 0.2], "texture": "#0"},
				"east": {"uv": [0, 0.1, 0.1, 0.2], "texture": "#0"},
				"south": {"uv": [0, 0.1, 0.1, 0.2], "texture": "#0"},
				"west": {"uv": [0, 0.1, 0.1, 0.2], "texture": "#0"},
				"up": {"uv": [0, 0.1, 0.1, 0.2], "texture": "#0"},
				"down": {"uv": [0, 0.1, 0.1, 0.2], "texture": "#0"}
			}
		},
		{
			"from": [8.1, 9.55, 3],
			"to": [8.3, 9.65, 3.1],
			"rotation": {"angle": 0, "axis": "y", "origin": [0.1, -0.3, -0.2]},
			"faces": {
				"north": {"uv": [0, 0.5, 0.5, 1], "texture": "#0"},
				"east": {"uv": [0, 0.5, 0.5, 1], "texture": "#0"},
				"south": {"uv": [0, 0.5, 0.5, 1], "texture": "#0"},
				"west": {"uv": [0, 0.5, 0.5, 1], "texture": "#0"},
				"up": {"uv": [0, 0.5, 0.5, 1], "texture": "#0"},
				"down": {"uv": [0, 0.5, 0.5, 1], "texture": "#0"}
			}
		},
		{
			"from": [7.8, 10.25, 5],
			"to": [7.9, 10.35, 5.1],
			"rotation": {"angle": 0, "axis": "y", "origin": [-0.2, 0.4, 1.8]},
			"faces": {
				"north": {"uv": [0, 0.5, 0.5, 1], "texture": "#0"},
				"east": {"uv": [0, 0.5, 0.5, 1], "texture": "#0"},
				"south": {"uv": [0, 0.5, 0.5, 1], "texture": "#0"},
				"west": {"uv": [0, 0.5, 0.5, 1], "texture": "#0"},
				"up": {"uv": [0, 0.5, 0.5, 1], "texture": "#0"},
				"down": {"uv": [0, 0.5, 0.5, 1], "texture": "#0"}
			}
		},
		{
			"from": [7.8, 10.25, 5.1],
			"to": [7.9, 10.3, 5.15],
			"rotation": {"angle": 0, "axis": "y", "origin": [-0.2, 0.4, 1.9]},
			"faces": {
				"north": {"uv": [0, 0.1, 0.1, 0.2], "texture": "#0"},
				"east": {"uv": [0, 0.1, 0.1, 0.2], "texture": "#0"},
				"south": {"uv": [0, 0.1, 0.1, 0.2], "texture": "#0"},
				"west": {"uv": [0, 0.1, 0.1, 0.2], "texture": "#0"},
				"up": {"uv": [0, 0.1, 0.1, 0.2], "texture": "#0"},
				"down": {"uv": [0, 0.1, 0.1, 0.2], "texture": "#0"}
			}
		},
		{
			"from": [7.8, 10.35, 5],
			"to": [7.9, 10.4, 5.05],
			"rotation": {"angle": 0, "axis": "y", "origin": [-0.2, 0.5, 1.8]},
			"faces": {
				"north": {"uv": [0, 0.1, 0.1, 0.2], "texture": "#0"},
				"east": {"uv": [0, 0.1, 0.1, 0.2], "texture": "#0"},
				"south": {"uv": [0, 0.1, 0.1, 0.2], "texture": "#0"},
				"west": {"uv": [0, 0.1, 0.1, 0.2], "texture": "#0"},
				"up": {"uv": [0, 0.1, 0.1, 0.2], "texture": "#0"},
				"down": {"uv": [0, 0.1, 0.1, 0.2], "texture": "#0"}
			}
		},
		{
			"from": [7.8, 10.35, 4.95],
			"to": [7.9, 10.4, 5],
			"rotation": {"angle": 0, "axis": "y", "origin": [-0.2, 0.5, 1.7]},
			"faces": {
				"north": {"uv": [0, 0.1, 0.1, 0.2], "texture": "#0"},
				"east": {"uv": [0, 0.1, 0.1, 0.2], "texture": "#0"},
				"south": {"uv": [0, 0.1, 0.1, 0.2], "texture": "#0"},
				"west": {"uv": [0, 0.1, 0.1, 0.2], "texture": "#0"},
				"up": {"uv": [0, 0.1, 0.1, 0.2], "texture": "#0"},
				"down": {"uv": [0, 0.1, 0.1, 0.2], "texture": "#0"}
			}
		},
		{
			"from": [7.8, 10.2, 5.05],
			"to": [7.9, 10.25, 5.1],
			"rotation": {"angle": 0, "axis": "y", "origin": [-0.2, 0.3, 1.8]},
			"faces": {
				"north": {"uv": [0, 0.1, 0.1, 0.2], "texture": "#0"},
				"east": {"uv": [0, 0.1, 0.1, 0.2], "texture": "#0"},
				"south": {"uv": [0, 0.1, 0.1, 0.2], "texture": "#0"},
				"west": {"uv": [0, 0.1, 0.1, 0.2], "texture": "#0"},
				"up": {"uv": [0, 0.1, 0.1, 0.2], "texture": "#0"},
				"down": {"uv": [0, 0.1, 0.1, 0.2], "texture": "#0"}
			}
		},
		{
			"from": [7.8, 10.4, 4.95],
			"to": [7.9, 10.45, 5],
			"rotation": {"angle": 0, "axis": "y", "origin": [-0.2, 0.5, 1.7]},
			"faces": {
				"north": {"uv": [0, 0.1, 0.1, 0.2], "texture": "#0"},
				"east": {"uv": [0, 0.1, 0.1, 0.2], "texture": "#0"},
				"south": {"uv": [0, 0.1, 0.1, 0.2], "texture": "#0"},
				"west": {"uv": [0, 0.1, 0.1, 0.2], "texture": "#0"},
				"up": {"uv": [0, 0.1, 0.1, 0.2], "texture": "#0"},
				"down": {"uv": [0, 0.1, 0.1, 0.2], "texture": "#0"}
			}
		},
		{
			"from": [7.8, 10.15, 5.1],
			"to": [7.9, 10.25, 5.2],
			"rotation": {"angle": 0, "axis": "y", "origin": [-0.2, 0.3, 1.9]},
			"faces": {
				"north": {"uv": [0, 0.5, 0.5, 1], "texture": "#0"},
				"east": {"uv": [0, 0.5, 0.5, 1], "texture": "#0"},
				"south": {"uv": [0, 0.5, 0.5, 1], "texture": "#0"},
				"west": {"uv": [0, 0.5, 0.5, 1], "texture": "#0"},
				"up": {"uv": [0, 0.5, 0.5, 1], "texture": "#0"},
				"down": {"uv": [0, 0.5, 0.5, 1], "texture": "#0"}
			}
		},
		{
			"from": [7.7, 9.35, 7.7],
			"to": [7.75, 9.4, 7.75],
			"rotation": {"angle": 0, "axis": "y", "origin": [-0.3, -0.5, 4.5]},
			"faces": {
				"north": {"uv": [0, 0.1, 0.1, 0.2], "texture": "#0"},
				"east": {"uv": [0, 0.1, 0.1, 0.2], "texture": "#0"},
				"south": {"uv": [0, 0.1, 0.1, 0.2], "texture": "#0"},
				"west": {"uv": [0, 0.1, 0.1, 0.2], "texture": "#0"},
				"up": {"uv": [0, 0.1, 0.1, 0.2], "texture": "#0"},
				"down": {"uv": [0, 0.1, 0.1, 0.2], "texture": "#0"}
			}
		},
		{
			"from": [7.7, 9.25, 7.7],
			"to": [7.75, 9.35, 7.8],
			"rotation": {"angle": 0, "axis": "y", "origin": [-0.3, -0.6, 4.5]},
			"faces": {
				"north": {"uv": [0, 0.5, 0.5, 1], "texture": "#0"},
				"east": {"uv": [0, 0.5, 0.5, 1], "texture": "#0"},
				"south": {"uv": [0, 0.5, 0.5, 1], "texture": "#0"},
				"west": {"uv": [0, 0.5, 0.5, 1], "texture": "#0"},
				"up": {"uv": [0, 0.5, 0.5, 1], "texture": "#0"},
				"down": {"uv": [0, 0.5, 0.5, 1], "texture": "#0"}
			}
		},
		{
			"from": [7.7, 9.3, 7.65],
			"to": [7.75, 9.35, 7.7],
			"rotation": {"angle": 0, "axis": "y", "origin": [-0.3, -0.6, 4.4]},
			"faces": {
				"north": {"uv": [0, 0.1, 0.1, 0.2], "texture": "#0"},
				"east": {"uv": [0, 0.1, 0.1, 0.2], "texture": "#0"},
				"south": {"uv": [0, 0.1, 0.1, 0.2], "texture": "#0"},
				"west": {"uv": [0, 0.1, 0.1, 0.2], "texture": "#0"},
				"up": {"uv": [0, 0.1, 0.1, 0.2], "texture": "#0"},
				"down": {"uv": [0, 0.1, 0.1, 0.2], "texture": "#0"}
			}
		},
		{
			"from": [7.7, 9.35, 7.6],
			"to": [7.75, 9.45, 7.7],
			"rotation": {"angle": 0, "axis": "y", "origin": [-0.3, -0.5, 4.4]},
			"faces": {
				"north": {"uv": [0, 0.5, 0.5, 1], "texture": "#0"},
				"east": {"uv": [0, 0.5, 0.5, 1], "texture": "#0"},
				"south": {"uv": [0, 0.5, 0.5, 1], "texture": "#0"},
				"west": {"uv": [0, 0.5, 0.5, 1], "texture": "#0"},
				"up": {"uv": [0, 0.5, 0.5, 1], "texture": "#0"},
				"down": {"uv": [0, 0.5, 0.5, 1], "texture": "#0"}
			}
		},
		{
			"from": [7.7, 9.45, 7.6],
			"to": [7.75, 9.5, 7.65],
			"rotation": {"angle": 0, "axis": "y", "origin": [-0.3, -0.4, 4.4]},
			"faces": {
				"north": {"uv": [0, 0.1, 0.1, 0.2], "texture": "#0"},
				"east": {"uv": [0, 0.1, 0.1, 0.2], "texture": "#0"},
				"south": {"uv": [0, 0.1, 0.1, 0.2], "texture": "#0"},
				"west": {"uv": [0, 0.1, 0.1, 0.2], "texture": "#0"},
				"up": {"uv": [0, 0.1, 0.1, 0.2], "texture": "#0"},
				"down": {"uv": [0, 0.1, 0.1, 0.2], "texture": "#0"}
			}
		},
		{
			"from": [7.7, 9.45, 7.55],
			"to": [7.75, 9.5, 7.6],
			"rotation": {"angle": 0, "axis": "y", "origin": [-0.3, -0.4, 4.3]},
			"faces": {
				"north": {"uv": [0, 0.1, 0.1, 0.2], "texture": "#0"},
				"east": {"uv": [0, 0.1, 0.1, 0.2], "texture": "#0"},
				"south": {"uv": [0, 0.1, 0.1, 0.2], "texture": "#0"},
				"west": {"uv": [0, 0.1, 0.1, 0.2], "texture": "#0"},
				"up": {"uv": [0, 0.1, 0.1, 0.2], "texture": "#0"},
				"down": {"uv": [0, 0.1, 0.1, 0.2], "texture": "#0"}
			}
		},
		{
			"from": [7.7, 9.5, 7.55],
			"to": [7.75, 9.55, 7.6],
			"rotation": {"angle": 0, "axis": "y", "origin": [-0.3, -0.4, 4.3]},
			"faces": {
				"north": {"uv": [0, 0.1, 0.1, 0.2], "texture": "#0"},
				"east": {"uv": [0, 0.1, 0.1, 0.2], "texture": "#0"},
				"south": {"uv": [0, 0.1, 0.1, 0.2], "texture": "#0"},
				"west": {"uv": [0, 0.1, 0.1, 0.2], "texture": "#0"},
				"up": {"uv": [0, 0.1, 0.1, 0.2], "texture": "#0"},
				"down": {"uv": [0, 0.1, 0.1, 0.2], "texture": "#0"}
			}
		},
		{
			"from": [7.8, 10.15, 5.2],
			"to": [7.9, 10.2, 5.25],
			"rotation": {"angle": 0, "axis": "y", "origin": [-0.2, 0.3, 2]},
			"faces": {
				"north": {"uv": [0, 0.1, 0.1, 0.2], "texture": "#0"},
				"east": {"uv": [0, 0.1, 0.1, 0.2], "texture": "#0"},
				"south": {"uv": [0, 0.1, 0.1, 0.2], "texture": "#0"},
				"west": {"uv": [0, 0.1, 0.1, 0.2], "texture": "#0"},
				"up": {"uv": [0, 0.1, 0.1, 0.2], "texture": "#0"},
				"down": {"uv": [0, 0.1, 0.1, 0.2], "texture": "#0"}
			}
		},
		{
			"from": [7.8, 10.1, 5.15],
			"to": [7.9, 10.15, 5.2],
			"rotation": {"angle": 0, "axis": "y", "origin": [-0.2, 0.2, 1.9]},
			"faces": {
				"north": {"uv": [0, 0.1, 0.1, 0.2], "texture": "#0"},
				"east": {"uv": [0, 0.1, 0.1, 0.2], "texture": "#0"},
				"south": {"uv": [0, 0.1, 0.1, 0.2], "texture": "#0"},
				"west": {"uv": [0, 0.1, 0.1, 0.2], "texture": "#0"},
				"up": {"uv": [0, 0.1, 0.1, 0.2], "texture": "#0"},
				"down": {"uv": [0, 0.1, 0.1, 0.2], "texture": "#0"}
			}
		},
		{
			"from": [7.8, 9.95, 5.2],
			"to": [7.9, 10.15, 5.3],
			"rotation": {"angle": 0, "axis": "y", "origin": [-0.2, 0.1, 4.7]},
			"faces": {
				"north": {"uv": [0, 0.5, 0.5, 1], "texture": "#0"},
				"east": {"uv": [0, 0.5, 0.5, 1], "texture": "#0"},
				"south": {"uv": [0, 0.5, 0.5, 1], "texture": "#0"},
				"west": {"uv": [0, 0.5, 0.5, 1], "texture": "#0"},
				"up": {"uv": [0, 0.5, 0.5, 1], "texture": "#0"},
				"down": {"uv": [0, 0.5, 0.5, 1], "texture": "#0"}
			}
		},
		{
			"from": [7.8, 9.95, 5.3],
			"to": [7.9, 10.05, 5.45],
			"rotation": {"angle": 0, "axis": "y", "origin": [-0.2, 0.1, 2.1]},
			"faces": {
				"north": {"uv": [0, 0.5, 0.5, 1], "texture": "#0"},
				"east": {"uv": [0, 0.5, 0.5, 1], "texture": "#0"},
				"south": {"uv": [0, 0.5, 0.5, 1], "texture": "#0"},
				"west": {"uv": [0, 0.5, 0.5, 1], "texture": "#0"},
				"up": {"uv": [0, 0.5, 0.5, 1], "texture": "#0"},
				"down": {"uv": [0, 0.5, 0.5, 1], "texture": "#0"}
			}
		},
		{
			"from": [7.8, 10.05, 5.3],
			"to": [7.9, 10.1, 5.35],
			"rotation": {"angle": 0, "axis": "y", "origin": [-0.2, 0.2, 2.1]},
			"faces": {
				"north": {"uv": [0, 0.1, 0.1, 0.2], "texture": "#0"},
				"east": {"uv": [0, 0.1, 0.1, 0.2], "texture": "#0"},
				"south": {"uv": [0, 0.1, 0.1, 0.2], "texture": "#0"},
				"west": {"uv": [0, 0.1, 0.1, 0.2], "texture": "#0"},
				"up": {"uv": [0, 0.1, 0.1, 0.2], "texture": "#0"},
				"down": {"uv": [0, 0.1, 0.1, 0.2], "texture": "#0"}
			}
		},
		{
			"from": [7.8, 9.95, 5.4],
			"to": [7.9, 10, 5.45],
			"rotation": {"angle": 0, "axis": "y", "origin": [-0.2, 0.1, 2.2]},
			"faces": {
				"north": {"uv": [0, 0.1, 0.1, 0.2], "texture": "#0"},
				"east": {"uv": [0, 0.1, 0.1, 0.2], "texture": "#0"},
				"south": {"uv": [0, 0.1, 0.1, 0.2], "texture": "#0"},
				"west": {"uv": [0, 0.1, 0.1, 0.2], "texture": "#0"},
				"up": {"uv": [0, 0.1, 0.1, 0.2], "texture": "#0"},
				"down": {"uv": [0, 0.1, 0.1, 0.2], "texture": "#0"}
			}
		},
		{
			"from": [8, 9.875, 7],
			"to": [8.125, 10, 11.125],
			"faces": {
				"north": {"uv": [15, 1, 16, 2], "texture": "#0"},
				"east": {"uv": [15, 1, 16, 2], "texture": "#0"},
				"south": {"uv": [15, 1, 16, 2], "texture": "#0"},
				"west": {"uv": [15, 1, 16, 2], "texture": "#0"},
				"up": {"uv": [15, 1, 16, 2], "texture": "#0"},
				"down": {"uv": [15, 1, 16, 2], "texture": "#0"}
			}
		},
		{
			"from": [8.125, 10.125, 7.125],
			"to": [8.25, 10.25, 7.25],
			"faces": {
				"north": {"uv": [4.625, 8.125, 4.75, 8], "texture": "#0"},
				"east": {"uv": [4.625, 8.125, 4.75, 8], "texture": "#0"},
				"south": {"uv": [4.625, 8.125, 4.75, 8], "texture": "#0"},
				"west": {"uv": [4.625, 8.125, 4.75, 8], "texture": "#0"},
				"up": {"uv": [4.625, 8.125, 4.75, 8], "texture": "#0"},
				"down": {"uv": [4.625, 8.125, 4.75, 8], "texture": "#0"}
			}
		},
		{
			"from": [8.375, 9.25, 7.25],
			"to": [8.75, 9.5, 7.375],
			"faces": {
				"north": {"uv": [10.75, 2.25, 11.25, 1.875], "texture": "#0"},
				"east": {"uv": [10.75, 2.25, 11.25, 1.875], "texture": "#0"},
				"south": {"uv": [10.75, 2.25, 11.25, 1.875], "texture": "#0"},
				"west": {"uv": [10.75, 2.25, 11.25, 1.875], "texture": "#0"},
				"up": {"uv": [10.75, 2.25, 11.25, 1.875], "texture": "#0"},
				"down": {"uv": [10.75, 2.25, 11.25, 1.875], "texture": "#0"}
			}
		}
	],
	"display": {
		"thirdperson_righthand": {
			"translation": [0, -0.25, -2.25],
			"scale": [1.5, 1.5, 1.5]
		},
		"thirdperson_lefthand": {
			"translation": [0, -0.25, -2.25],
			"scale": [1.5, 1.5, 1.5]
		},
		"firstperson_righthand": {
			"translation": [-2, 3, 0],
			"scale": [1.5, 1.5, 1.5]
		},
		"firstperson_lefthand": {
			"translation": [-2, 3, 0],
			"scale": [1.5, 1.5, 1.5]
		},
		"ground": {
			"scale": [1.5, 1.5, 1.5]
		},
		"gui": {
			"rotation": [90, 45, -90],
			"scale": [1.25, 1.25, 1.25]
		},
		"head": {
			"rotation": [0, 0, 90],
			"translation": [0, 6.7, 0],
			"scale": [2, 2, 2]
		},
		"fixed": {
			"rotation": [0, 90, 0]
		}
	}
}