{
	"format_version": "1.21.11",
	"credit": "Designed by Nightshade73 with Cubik Studio - https://cubik.studio",
	"textures": {
		"0": "item/maveth",
		"1": "item/thorn",
		"particle": "item/maveth"
	},
	"elements": [
		{
			"from": [0, 0, 0],
			"to": [32, 1, 32],
			"faces": {
				"north": {"uv": [5.25, 11.625, 3.875, 8.5], "texture": "#1"},
				"east": {"uv": [2.875, 12.875, 0, 16], "texture": "#1"},
				"south": {"uv": [0, 10.75, 4.875, 16], "texture": "#1"},
				"west": {"uv": [4.875, 11.75, 0, 16], "texture": "#1"},
				"up": {"uv": [0, 16, 16, 0], "texture": "#0"},
				"down": {"uv": [4.375, 9.625, 4.375, 9.625], "texture": "#1"}
			}
		}
	],
	"display": {
		"thirdperson_righthand": {
			"translation": [0, 0.35, -2.7],
			"scale": [1.3, 1.3, 1.3]
		},
		"thirdperson_lefthand": {
			"translation": [0, 0.35, -2.7],
			"scale": [1.3, 1.3, 1.3]
		},
		"firstperson_righthand": {
			"rotation": [-4, -5, 0],
			"translation": [-4.5, 4.3, 1],
			"scale": [1.3, 1.3, 1.3]
		},
		"firstperson_lefthand": {
			"rotation": [-4, -5, 0],
			"translation": [-4.5, 4.3, 1],
			"scale": [1.3, 1.3, 1.3]
		},
		"ground": {
			"scale": [1.7, 1.7, 1.7]
		},
		"gui": {
			"rotation": [90, 45, -90],
			"scale": [0, 1.25, 1.25]
		},
		"head": {
			"rotation": [0, 0, 90],
			"translation": [0, 6.7, 0],
			"scale": [2, 2, 2]
		},
		"fixed": {
			"rotation": [0, 90, 0],
			"scale": [1.2, 1.2, 1.2]
		}
	}
}