{
	"credit": "Made by samus2002",
	"textures": {
		"1": "rms_the_end_texture/ender_slime",
		"particle": "rms_the_end_texture/ender_slime"
	},
	"elements": [
		{
			"from": [1.5, 0.75, 4.875],
			"to": [14.5, 13.75, 17.875],
			"rotation": {"angle": 0, "axis": "y", "origin": [8, 7.25, 11.375]},
			"faces": {
				"north": {"uv": [0, 0, 3.25, 3.25], "texture": "#1"},
				"east": {"uv": [6.75, 3.5, 3.5, 6.75], "texture": "#1"},
				"south": {"uv": [3.5, 0, 6.75, 3.25], "texture": "#1"},
				"west": {"uv": [3.5, 3.5, 6.75, 6.75], "texture": "#1"},
				"up": {"uv": [3.25, 10.25, 0, 7], "texture": "#1"},
				"down": {"uv": [10.25, 0, 7, 3.25], "texture": "#1"}
			}
		},
		{
			"from": [2.5, 7.75, 4.625],
			"to": [5.5, 9.75, 4.625],
			"rotation": {"angle": 0, "axis": "y", "origin": [7, 8.25, 11.125]},
			"faces": {
				"north": {"uv": [10, 3.5, 10.75, 4.25], "texture": "#1"},
				"east": {"uv": [10, 5.5, 10, 6.25], "texture": "#1"},
				"south": {"uv": [10, 4.5, 10.75, 5.25], "texture": "#1"},
				"west": {"uv": [6.5, 10, 6.5, 10.75], "texture": "#1"},
				"up": {"uv": [7.75, 6.5, 7, 6.5], "texture": "#1"},
				"down": {"uv": [7.75, 6.75, 7, 6.75], "texture": "#1"}
			}
		},
		{
			"from": [10.5, 7.75, 4.625],
			"to": [13.5, 9.75, 4.625],
			"rotation": {"angle": 0, "axis": "y", "origin": [9, 8.25, 11.125]},
			"faces": {
				"north": {"uv": [10.75, 3.5, 10, 4.25], "texture": "#1"},
				"east": {"uv": [6.5, 10, 6.5, 10.75], "texture": "#1"},
				"south": {"uv": [10.75, 4.5, 10, 5.25], "texture": "#1"},
				"west": {"uv": [10, 5.5, 10, 6.25], "texture": "#1"},
				"up": {"uv": [7, 6.5, 7.75, 6.5], "texture": "#1"},
				"down": {"uv": [7, 6.75, 7.75, 6.75], "texture": "#1"}
			}
		}
	],
	"gui_light": "front",
	"display": {
		"gui": {
			"rotation": [22, 144, 0],
			"translation": [-1, 0, 0],
			"scale": [0.55, 0.55, 0.55]
		}
	},
	"groups": [
		{
			"name": "body",
			"origin": [8, 0.75, 11.375],
			"color": 0,
			"children": [
				{
					"name": "upper_body",
					"origin": [8, 7.25, 11.375],
					"color": 0,
					"children": [
						0,
						{
							"name": "left_eye",
							"origin": [4, 8.75, 4.625],
							"color": 0,
							"children": [1]
						},
						{
							"name": "right_eye",
							"origin": [12, 8.75, 4.625],
							"color": 0,
							"children": [2]
						},
						{
							"name": "tag_name",
							"origin": [8, 14.25, 11.375],
							"color": 0,
							"children": []
						}
					]
				}
			]
		}
	]
}