{
	"credit": "Made by samus2002",
	"textures": {
		"1": "rms_the_end_texture/end_seeker",
		"particle": "rms_the_end_texture/end_seeker"
	},
	"elements": [
		{
			"from": [0.71, 9.20583, 4.5775],
			"to": [16.48, 13.35583, 15.3675],
			"rotation": {"angle": 0, "axis": "y", "origin": [8.595, 13.66639, 7.57588]},
			"faces": {
				"north": {"uv": [1.5, 6.75, 3.875, 7.375], "texture": "#1"},
				"east": {"uv": [8.25, 0, 9.875, 0.625], "texture": "#1"},
				"south": {"uv": [6.75, 1.75, 9.125, 2.375], "texture": "#1"},
				"west": {"uv": [8.25, 0.75, 9.875, 1.375], "texture": "#1"},
				"up": {"uv": [4.875, 5.125, 2.5, 3.5], "texture": "#1"},
				"down": {"uv": [2.375, 4.5, 0, 6.125], "texture": "#1"}
			}
		},
		{
			"from": [4.24996, 15.12814, 7.0675],
			"to": [4.24996, 23.42814, 11.2175],
			"rotation": {"angle": 22.5, "axis": "z", "origin": [8.595, 13.66639, 7.57588]},
			"faces": {
				"north": {"uv": [2.375, 8.625, 2.375, 9.875], "texture": "#1"},
				"east": {"uv": [1.625, 8.625, 2.25, 9.875], "texture": "#1"},
				"south": {"uv": [2.5, 8.625, 2.5, 9.875], "texture": "#1"},
				"west": {"uv": [2.25, 8.625, 1.625, 9.875], "texture": "#1"},
				"up": {"uv": [6.75, 4.25, 6.75, 3.625], "texture": "#1"},
				"down": {"uv": [4, 6.75, 4, 7.375], "texture": "#1"}
			}
		},
		{
			"from": [-9.00969, 0.7369, 7.0675],
			"to": [-9.00969, 9.8669, 11.2175],
			"rotation": {"angle": -22.5, "axis": "z", "origin": [8.595, 13.66639, 7.57588]},
			"faces": {
				"north": {"uv": [2.625, 8.625, 2.625, 10], "texture": "#1"},
				"east": {"uv": [1.5, 8.625, 0.875, 10], "texture": "#1"},
				"south": {"uv": [2.75, 8.625, 2.75, 10], "texture": "#1"},
				"west": {"uv": [0.875, 8.625, 1.5, 10], "texture": "#1"},
				"up": {"uv": [4.125, 7.375, 4.125, 6.75], "texture": "#1"},
				"down": {"uv": [4.25, 6.75, 4.25, 7.375], "texture": "#1"}
			}
		},
		{
			"from": [-6.54004, 23.42731, 7.0675],
			"to": [4.24996, 23.42731, 11.2175],
			"rotation": {"angle": 22.5, "axis": "z", "origin": [8.595, 13.66639, 7.57588]},
			"faces": {
				"north": {"uv": [8.25, 1.5, 9.875, 1.5], "texture": "#1"},
				"east": {"uv": [8.25, 1.625, 8.875, 1.625], "texture": "#1"},
				"south": {"uv": [8.625, 7.25, 10.25, 7.25], "texture": "#1"},
				"west": {"uv": [8.75, 4.75, 9.375, 4.75], "texture": "#1"},
				"up": {"uv": [9.875, 3.125, 8.25, 2.5], "texture": "#1"},
				"down": {"uv": [9.875, 2.5, 8.25, 3.125], "texture": "#1"}
			}
		},
		{
			"from": [12.94004, 15.12814, 7.0675],
			"to": [12.94004, 23.42814, 11.2175],
			"rotation": {"angle": -22.5, "axis": "z", "origin": [8.595, 13.66639, 7.57588]},
			"faces": {
				"north": {"uv": [2.375, 8.625, 2.375, 9.875], "texture": "#1"},
				"east": {"uv": [1.625, 8.625, 2.25, 9.875], "texture": "#1"},
				"south": {"uv": [2.5, 8.625, 2.5, 9.875], "texture": "#1"},
				"west": {"uv": [2.25, 8.625, 1.625, 9.875], "texture": "#1"},
				"up": {"uv": [6.75, 4.25, 6.75, 3.625], "texture": "#1"},
				"down": {"uv": [4, 6.75, 4, 7.375], "texture": "#1"}
			}
		},
		{
			"from": [26.19969, 0.7369, 7.0675],
			"to": [26.19969, 9.8669, 11.2175],
			"rotation": {"angle": 22.5, "axis": "z", "origin": [8.595, 13.66639, 7.57588]},
			"faces": {
				"north": {"uv": [2.625, 8.625, 2.625, 10], "texture": "#1"},
				"east": {"uv": [1.5, 8.625, 0.875, 10], "texture": "#1"},
				"south": {"uv": [2.75, 8.625, 2.75, 10], "texture": "#1"},
				"west": {"uv": [0.875, 8.625, 1.5, 10], "texture": "#1"},
				"up": {"uv": [4.125, 7.375, 4.125, 6.75], "texture": "#1"},
				"down": {"uv": [4.25, 6.75, 4.25, 7.375], "texture": "#1"}
			}
		},
		{
			"from": [12.94004, 23.42731, 7.0675],
			"to": [23.73004, 23.42731, 11.2175],
			"rotation": {"angle": -22.5, "axis": "z", "origin": [8.595, 13.66639, 7.57588]},
			"faces": {
				"north": {"uv": [9.875, 1.5, 8.25, 1.5], "texture": "#1"},
				"east": {"uv": [9.375, 4.75, 8.75, 4.75], "texture": "#1"},
				"south": {"uv": [10.25, 7.25, 8.625, 7.25], "texture": "#1"},
				"west": {"uv": [8.875, 1.625, 8.25, 1.625], "texture": "#1"},
				"up": {"uv": [8.25, 3.125, 9.875, 2.5], "texture": "#1"},
				"down": {"uv": [8.25, 2.5, 9.875, 3.125], "texture": "#1"}
			}
		},
		{
			"from": [1.54, 6.71583, 5.4075],
			"to": [15.65, 10.03583, 14.5375],
			"rotation": {"angle": 0, "axis": "y", "origin": [8.595, 13.66639, 7.57588]},
			"faces": {
				"north": {"uv": [8.25, 3.25, 10.375, 3.5], "texture": "#1"},
				"east": {"uv": [8.75, 4, 10.125, 4.25], "texture": "#1"},
				"south": {"uv": [8.75, 3.625, 10.875, 3.875], "texture": "#1"},
				"west": {"uv": [8.75, 4.375, 10.125, 4.625], "texture": "#1"},
				"up": {"uv": [7.125, 5.875, 5, 4.5], "texture": "#1"},
				"down": {"uv": [4.625, 5.25, 2.5, 6.625], "texture": "#1"}
			}
		},
		{
			"from": [3.2, 7.54583, 5.17925],
			"to": [5.69, 9.20583, 5.17925],
			"rotation": {"angle": 0, "axis": "y", "origin": [8.595, 13.66639, 7.57588]},
			"faces": {
				"north": {"uv": [1.5, 6.25, 1.875, 6.5], "texture": "#1"},
				"east": {"uv": [4.75, 5.25, 4.75, 5.5], "texture": "#1"},
				"south": {"uv": [1.875, 6.25, 1.5, 6.5], "texture": "#1"},
				"west": {"uv": [4.875, 5.25, 4.875, 5.5], "texture": "#1"},
				"up": {"uv": [1.875, 6.625, 1.5, 6.625], "texture": "#1"},
				"down": {"uv": [2.375, 6.625, 2, 6.625], "texture": "#1"}
			}
		},
		{
			"from": [11.5, 7.54583, 5.17925],
			"to": [13.99, 9.20583, 5.17925],
			"rotation": {"angle": 0, "axis": "y", "origin": [8.595, 13.66639, 7.57588]},
			"faces": {
				"north": {"uv": [1.875, 6.25, 1.5, 6.5], "texture": "#1"},
				"east": {"uv": [4.875, 5.25, 4.875, 5.5], "texture": "#1"},
				"south": {"uv": [1.5, 6.25, 1.875, 6.5], "texture": "#1"},
				"west": {"uv": [4.75, 5.25, 4.75, 5.5], "texture": "#1"},
				"up": {"uv": [1.5, 6.625, 1.875, 6.625], "texture": "#1"},
				"down": {"uv": [2, 6.625, 2.375, 6.625], "texture": "#1"}
			}
		}
	],
	"gui_light": "front",
	"display": {
		"gui": {
			"rotation": [22, 144, 0],
			"translation": [0, -2, 0],
			"scale": [0.45, 0.45, 0.45]
		}
	},
	"groups": [
		{
			"name": "group",
			"origin": [11.5, -17.37417, 10.3875],
			"color": 0,
			"children": [0, 1, 2, 3, 4, 5, 6, 7, 8, 9]
		}
	]
}