{
  "textures": {
    "0": "modelengine:entity/zombie_brute_texture"
  },
  "elements": [
    {
      "from": [
        0.32000017,
        1.9199982,
        -8.48
      ],
      "to": [
        15.68,
        8.32,
        8.16
      ],
      "faces": {
        "east": {
          "uv": [
            5.875,
            5,
            6.6875,
            5.3125
          ],
          "tintindex": 0,
          "rotation": 0,
          "texture": "#0"
        },
        "south": {
          "uv": [
            5.1875,
            0.625,
            5.9375,
            0.9375
          ],
          "tintindex": 0,
          "rotation": 0,
          "texture": "#0"
        },
        "north": {
          "uv": [
            5.1875,
            0.625,
            5.9375,
            0.9375
          ],
          "tintindex": 0,
          "rotation": 0,
          "texture": "#0"
        },
        "west": {
          "uv": [
            8.3125,
            2.1875,
            9.125,
            2.5
          ],
          "tintindex": 0,
          "rotation": 0,
          "texture": "#0"
        },
        "up": {
          "uv": [
            6.8125,
            4.25,
            6.0625,
            3.4375
          ],
          "tintindex": 0,
          "rotation": 0,
          "texture": "#0"
        },
        "down": {
          "uv": [
            6.9375,
            2.5625,
            6.1875,
            3.375
          ],
          "tintindex": 0,
          "rotation": 0,
          "texture": "#0"
        }
      }
    },
    {
      "from": [
        0.32000017,
        8.32,
        -8.48
      ],
      "to": [
        0.32000017,
        14.719997,
        5.6000004
      ],
      "faces": {
        "east": {
          "uv": [
            8.6875,
            2.9375,
            9.375,
            3.25
          ],
          "tintindex": 0,
          "rotation": 0,
          "texture": "#0"
        },
        "west": {
          "uv": [
            8.6875,
            5.125,
            9.375,
            5.4375
          ],
          "tintindex": 0,
          "rotation": 0,
          "texture": "#0"
        }
      }
    },
    {
      "from": [
        15.68,
        8.32,
        -8.48
      ],
      "to": [
        15.68,
        14.719997,
        5.6000004
      ],
      "faces": {
        "east": {
          "uv": [
            8.6875,
            5.5,
            9.375,
            5.8125
          ],
          "tintindex": 0,
          "rotation": 0,
          "texture": "#0"
        },
        "west": {
          "uv": [
            8.75,
            0,
            9.4375,
            0.3125
          ],
          "tintindex": 0,
          "rotation": 0,
          "texture": "#0"
        }
      }
    },
    {
      "from": [
        0.32000017,
        8.32,
        -8.48
      ],
      "to": [
        15.68,
        14.719997,
        -8.48
      ],
      "faces": {
        "south": {
          "uv": [
            7.8125,
            8.5625,
            8.5625,
            8.875
          ],
          "tintindex": 0,
          "rotation": 0,
          "texture": "#0"
        },
        "north": {
          "uv": [
            8.5625,
            5.875,
            9.3125,
            6.1875
          ],
          "tintindex": 0,
          "rotation": 0,
          "texture": "#0"
        }
      }
    }
  ],
  "display": {
    "gui": {
      "rotation": [
        30,
        225,
        0
      ]
    }
  }
}