{
  "textures": {
    "0": "modelengine:entity/zombie_brute_texture"
  },
  "elements": [
    {
      "from": [
        1.2608957,
        -0.9541559,
        2.330556
      ],
      "to": [
        11.500895,
        14.405844,
        13.850556
      ],
      "faces": {
        "east": {
          "uv": [
            2.0625,
            7.3125,
            1.5,
            8.0625
          ],
          "tintindex": 0,
          "rotation": 0,
          "texture": "#0"
        },
        "south": {
          "uv": [
            8,
            0,
            7.5,
            0.75
          ],
          "tintindex": 0,
          "rotation": 0,
          "texture": "#0"
        },
        "north": {
          "uv": [
            8,
            0,
            7.5,
            0.75
          ],
          "tintindex": 0,
          "rotation": 0,
          "texture": "#0"
        },
        "west": {
          "uv": [
            2.0625,
            7.3125,
            1.5,
            8.0625
          ],
          "tintindex": 0,
          "rotation": 0,
          "texture": "#0"
        },
        "up": {
          "uv": [
            3.75,
            8.0625,
            4.25,
            8.625
          ],
          "tintindex": 0,
          "rotation": 0,
          "texture": "#0"
        },
        "down": {
          "uv": [
            3.75,
            8.0625,
            4.25,
            8.625
          ],
          "tintindex": 0,
          "rotation": 0,
          "texture": "#0"
        }
      },
      "rotation": {
        "origin": [
          15.701637,
          10.394474,
          1.5785646
        ],
        "angle": 45,
        "axis": "x"
      }
    }
  ],
  "display": {
    "gui": {
      "rotation": [
        30,
        225,
        0
      ]
    }
  }
}