{
  "textures": {
    "0": "modelengine:entity/zombie_brute_texture"
  },
  "elements": [
    {
      "from": [
        10.294842,
        -4.27236,
        5.0916724
      ],
      "to": [
        10.294842,
        0.20764065,
        10.851673
      ],
      "faces": {
        "east": {
          "uv": [
            9.0625,
            1.0625,
            8.5,
            1.5
          ],
          "tintindex": 0,
          "rotation": 0,
          "texture": "#0"
        },
        "west": {
          "uv": [
            8.5,
            1.0625,
            9.0625,
            1.5
          ],
          "tintindex": 0,
          "rotation": 0,
          "texture": "#0"
        }
      }
    },
    {
      "from": [
        5.174842,
        -4.27236,
        10.851673
      ],
      "to": [
        10.294842,
        0.20764065,
        10.851673
      ],
      "faces": {
        "south": {
          "uv": [
            0.5,
            8.5,
            0,
            8.9375
          ],
          "tintindex": 0,
          "rotation": 0,
          "texture": "#0"
        },
        "north": {
          "uv": [
            0,
            8.5,
            0.5,
            8.9375
          ],
          "tintindex": 0,
          "rotation": 0,
          "texture": "#0"
        }
      }
    },
    {
      "from": [
        6.1673326,
        -2.8521538,
        7.1940317
      ],
      "to": [
        8.727332,
        6.107847,
        9.114032
      ],
      "faces": {
        "east": {
          "uv": [
            1.5,
            8.75,
            1.6875,
            9.625
          ],
          "tintindex": 0,
          "rotation": 0,
          "texture": "#0"
        },
        "south": {
          "uv": [
            3.3125,
            8.125,
            3.5625,
            9
          ],
          "tintindex": 0,
          "rotation": 0,
          "texture": "#0"
        },
        "north": {
          "uv": [
            3.0625,
            1.875,
            3.3125,
            2.75
          ],
          "tintindex": 0,
          "rotation": 0,
          "texture": "#0"
        },
        "west": {
          "uv": [
            3.0625,
            8.75,
            3.25,
            9.625
          ],
          "tintindex": 0,
          "rotation": 0,
          "texture": "#0"
        },
        "up": {
          "uv": [
            9.75,
            2.125,
            9.5,
            1.9375
          ],
          "tintindex": 0,
          "rotation": 0,
          "texture": "#0"
        },
        "down": {
          "uv": [
            9.75,
            2.1875,
            9.5,
            2.375
          ],
          "tintindex": 0,
          "rotation": 0,
          "texture": "#0"
        }
      },
      "rotation": {
        "origin": [
          7.4473324,
          1.6278467,
          8.154032
        ],
        "angle": 45,
        "axis": "y"
      }
    },
    {
      "from": [
        5.174842,
        -4.27236,
        5.0916724
      ],
      "to": [
        5.174842,
        0.20764065,
        10.851673
      ],
      "faces": {
        "east": {
          "uv": [
            9.0625,
            1.0625,
            8.5,
            1.5
          ],
          "tintindex": 0,
          "rotation": 0,
          "texture": "#0"
        },
        "west": {
          "uv": [
            8.5,
            1.0625,
            9.0625,
            1.5
          ],
          "tintindex": 0,
          "rotation": 0,
          "texture": "#0"
        }
      }
    },
    {
      "from": [
        5.386241,
        -3.4575672,
        5.917894
      ],
      "to": [
        7.9462414,
        -0.89756775,
        8.477894
      ],
      "faces": {
        "east": {
          "uv": [
            9.125,
            1.625,
            9.375,
            1.875
          ],
          "tintindex": 0,
          "rotation": 0,
          "texture": "#0"
        },
        "south": {
          "uv": [
            1.75,
            9.125,
            2,
            9.375
          ],
          "tintindex": 0,
          "rotation": 0,
          "texture": "#0"
        },
        "north": {
          "uv": [
            9.125,
            1.3125,
            9.375,
            1.5625
          ],
          "tintindex": 0,
          "rotation": 0,
          "texture": "#0"
        },
        "west": {
          "uv": [
            9.125,
            2.5625,
            9.375,
            2.8125
          ],
          "tintindex": 0,
          "rotation": 0,
          "texture": "#0"
        },
        "up": {
          "uv": [
            9.4375,
            2.1875,
            9.1875,
            1.9375
          ],
          "tintindex": 0,
          "rotation": 0,
          "texture": "#0"
        },
        "down": {
          "uv": [
            9.4375,
            2.25,
            9.1875,
            2.5
          ],
          "tintindex": 0,
          "rotation": 0,
          "texture": "#0"
        }
      },
      "rotation": {
        "origin": [
          7.3147345,
          -0.8062172,
          8.266105
        ],
        "angle": -22.5,
        "axis": "y"
      }
    },
    {
      "from": [
        5.174842,
        0.20764065,
        5.0916724
      ],
      "to": [
        10.294842,
        8.527641,
        10.851673
      ],
      "faces": {
        "east": {
          "uv": [
            0,
            6.8125,
            0.5625,
            7.625
          ],
          "tintindex": 0,
          "rotation": 0,
          "texture": "#0"
        },
        "south": {
          "uv": [
            0.625,
            7.375,
            1.125,
            8.1875
          ],
          "tintindex": 0,
          "rotation": 0,
          "texture": "#0"
        },
        "north": {
          "uv": [
            0.625,
            7.375,
            1.125,
            8.1875
          ],
          "tintindex": 0,
          "rotation": 0,
          "texture": "#0"
        },
        "west": {
          "uv": [
            0,
            6.8125,
            0.5625,
            7.625
          ],
          "tintindex": 0,
          "rotation": 0,
          "texture": "#0"
        },
        "up": {
          "uv": [
            8.5625,
            7.875,
            8.0625,
            7.3125
          ],
          "tintindex": 0,
          "rotation": 0,
          "texture": "#0"
        },
        "down": {
          "uv": [
            8.5625,
            7.9375,
            8.0625,
            8.5
          ],
          "tintindex": 0,
          "rotation": 0,
          "texture": "#0"
        }
      }
    },
    {
      "from": [
        6.940054,
        -3.4808435,
        8.077789
      ],
      "to": [
        9.500054,
        -0.9208441,
        10.637789
      ],
      "faces": {
        "east": {
          "uv": [
            9.1875,
            3.625,
            9.4375,
            3.875
          ],
          "tintindex": 0,
          "rotation": 0,
          "texture": "#0"
        },
        "south": {
          "uv": [
            9.1875,
            3.9375,
            9.4375,
            4.1875
          ],
          "tintindex": 0,
          "rotation": 0,
          "texture": "#0"
        },
        "north": {
          "uv": [
            9.1875,
            3.3125,
            9.4375,
            3.5625
          ],
          "tintindex": 0,
          "rotation": 0,
          "texture": "#0"
        },
        "west": {
          "uv": [
            9.1875,
            4.25,
            9.4375,
            4.5
          ],
          "tintindex": 0,
          "rotation": 0,
          "texture": "#0"
        },
        "up": {
          "uv": [
            8.8125,
            9.4375,
            8.5625,
            9.1875
          ],
          "tintindex": 0,
          "rotation": 0,
          "texture": "#0"
        },
        "down": {
          "uv": [
            9.125,
            9.1875,
            8.875,
            9.4375
          ],
          "tintindex": 0,
          "rotation": 0,
          "texture": "#0"
        }
      },
      "rotation": {
        "origin": [
          7.3147345,
          -0.8062172,
          8.266105
        ],
        "angle": 22.5,
        "axis": "y"
      }
    },
    {
      "from": [
        5.174842,
        -4.27236,
        5.0916724
      ],
      "to": [
        10.294842,
        0.20764065,
        5.0916724
      ],
      "faces": {
        "south": {
          "uv": [
            0.5,
            8.5,
            0,
            8.9375
          ],
          "tintindex": 0,
          "rotation": 0,
          "texture": "#0"
        },
        "north": {
          "uv": [
            0,
            8.5,
            0.5,
            8.9375
          ],
          "tintindex": 0,
          "rotation": 0,
          "texture": "#0"
        }
      }
    }
  ],
  "display": {
    "gui": {
      "rotation": [
        30,
        225,
        0
      ]
    }
  }
}