{
  "textures": {
    "0": "modelengine:entity/zombie_brute_texture"
  },
  "elements": [
    {
      "from": [
        22.509872,
        7.52264,
        8.55414
      ],
      "to": [
        27.629871,
        12.642643,
        13.67414
      ],
      "faces": {
        "east": {
          "uv": [
            0,
            9.3125,
            0.25,
            9.5625
          ],
          "tintindex": 0,
          "rotation": 0,
          "texture": "#0"
        },
        "south": {
          "uv": [
            9.3125,
            4.5625,
            9.5625,
            4.8125
          ],
          "tintindex": 0,
          "rotation": 0,
          "texture": "#0"
        },
        "north": {
          "uv": [
            9.25,
            8.875,
            9.5,
            9.125
          ],
          "tintindex": 0,
          "rotation": 0,
          "texture": "#0"
        },
        "west": {
          "uv": [
            5.25,
            9.3125,
            5.5,
            9.5625
          ],
          "tintindex": 0,
          "rotation": 0,
          "texture": "#0"
        },
        "up": {
          "uv": [
            5.8125,
            9.5625,
            5.5625,
            9.3125
          ],
          "tintindex": 0,
          "rotation": 0,
          "texture": "#0"
        },
        "down": {
          "uv": [
            6.125,
            9.3125,
            5.875,
            9.5625
          ],
          "tintindex": 0,
          "rotation": 0,
          "texture": "#0"
        }
      },
      "rotation": {
        "origin": [
          22.172882,
          7.339943,
          9.937718
        ],
        "angle": -22.5,
        "axis": "x"
      }
    },
    {
      "from": [
        9.095643,
        -15.977579,
        0.04980755
      ],
      "to": [
        21.895641,
        0.6624222,
        16.689808
      ],
      "faces": {
        "east": {
          "uv": [
            5.3125,
            2.5625,
            6.125,
            3.375
          ],
          "tintindex": 0,
          "rotation": 0,
          "texture": "#0"
        },
        "south": {
          "uv": [
            4.3125,
            6.375,
            4.9375,
            7.1875
          ],
          "tintindex": 0,
          "rotation": 0,
          "texture": "#0"
        },
        "north": {
          "uv": [
            4.3125,
            5.5,
            4.9375,
            6.3125
          ],
          "tintindex": 0,
          "rotation": 0,
          "texture": "#0"
        },
        "west": {
          "uv": [
            2.625,
            5.5,
            3.4375,
            6.3125
          ],
          "tintindex": 0,
          "rotation": 0,
          "texture": "#0"
        },
        "up": {
          "uv": [
            5.625,
            7.25,
            5,
            6.4375
          ],
          "tintindex": 0,
          "rotation": 0,
          "texture": "#0"
        },
        "down": {
          "uv": [
            1.4375,
            6.5,
            0.8125,
            7.3125
          ],
          "tintindex": 0,
          "rotation": 0,
          "texture": "#0"
        }
      },
      "rotation": {
        "origin": [
          0.7566376,
          -5.0264435,
          3.58922
        ],
        "angle": 45,
        "axis": "z"
      }
    },
    {
      "from": [
        19.133652,
        1.1918144,
        7.366287
      ],
      "to": [
        22.973652,
        11.431812,
        12.486288
      ],
      "faces": {
        "east": {
          "uv": [
            8.625,
            7.9375,
            8.875,
            8.4375
          ],
          "tintindex": 0,
          "rotation": 0,
          "texture": "#0"
        },
        "south": {
          "uv": [
            7.375,
            8.75,
            7.5625,
            9.25
          ],
          "tintindex": 0,
          "rotation": 0,
          "texture": "#0"
        },
        "north": {
          "uv": [
            7.125,
            8.75,
            7.3125,
            9.25
          ],
          "tintindex": 0,
          "rotation": 0,
          "texture": "#0"
        },
        "west": {
          "uv": [
            3.625,
            8.6875,
            3.875,
            9.1875
          ],
          "tintindex": 0,
          "rotation": 0,
          "texture": "#0"
        },
        "up": {
          "uv": [
            9.6875,
            4.0625,
            9.5,
            3.8125
          ],
          "tintindex": 0,
          "rotation": 0,
          "texture": "#0"
        },
        "down": {
          "uv": [
            9.6875,
            4.125,
            9.5,
            4.375
          ],
          "tintindex": 0,
          "rotation": 0,
          "texture": "#0"
        }
      },
      "rotation": {
        "origin": [
          22.172882,
          7.339943,
          9.937718
        ],
        "angle": -22.5,
        "axis": "z"
      }
    },
    {
      "from": [
        17.802246,
        8.849194,
        5.5143485
      ],
      "to": [
        22.922245,
        13.969196,
        10.634349
      ],
      "faces": {
        "east": {
          "uv": [
            6.5,
            9.3125,
            6.75,
            9.5625
          ],
          "tintindex": 0,
          "rotation": 0,
          "texture": "#0"
        },
        "south": {
          "uv": [
            6.8125,
            9.3125,
            7.0625,
            9.5625
          ],
          "tintindex": 0,
          "rotation": 0,
          "texture": "#0"
        },
        "north": {
          "uv": [
            6.1875,
            9.3125,
            6.4375,
            9.5625
          ],
          "tintindex": 0,
          "rotation": 0,
          "texture": "#0"
        },
        "west": {
          "uv": [
            0.3125,
            9.375,
            0.5625,
            9.625
          ],
          "tintindex": 0,
          "rotation": 0,
          "texture": "#0"
        },
        "up": {
          "uv": [
            0.875,
            9.625,
            0.625,
            9.375
          ],
          "tintindex": 0,
          "rotation": 0,
          "texture": "#0"
        },
        "down": {
          "uv": [
            1.1875,
            9.375,
            0.9375,
            9.625
          ],
          "tintindex": 0,
          "rotation": 0,
          "texture": "#0"
        }
      },
      "rotation": {
        "origin": [
          22.172882,
          7.339943,
          9.937718
        ],
        "angle": 45,
        "axis": "y"
      }
    }
  ],
  "display": {
    "gui": {
      "rotation": [
        30,
        225,
        0
      ]
    }
  }
}