{
  "textures": {
    "0": "modelengine:entity/zombie_brute_texture"
  },
  "elements": [
    {
      "from": [
        -0.83274937,
        4.6207027,
        5.3763847
      ],
      "to": [
        17.08725,
        22.540703,
        15.6163845
      ],
      "faces": {
        "east": {
          "uv": [
            6.875,
            3.4375,
            7.375,
            4.3125
          ],
          "tintindex": 0,
          "rotation": 0,
          "texture": "#0"
        },
        "south": {
          "uv": [
            0,
            5,
            0.875,
            5.875
          ],
          "tintindex": 0,
          "rotation": 0,
          "texture": "#0"
        },
        "north": {
          "uv": [
            2.625,
            4.5625,
            3.5,
            5.4375
          ],
          "tintindex": 0,
          "rotation": 0,
          "texture": "#0"
        },
        "west": {
          "uv": [
            6.3125,
            6.875,
            6.8125,
            7.75
          ],
          "tintindex": 0,
          "rotation": 0,
          "texture": "#0"
        },
        "up": {
          "uv": [
            7.75,
            1.375,
            6.875,
            0.875
          ],
          "tintindex": 0,
          "rotation": 0,
          "texture": "#0"
        },
        "down": {
          "uv": [
            7.75,
            6.875,
            6.875,
            7.375
          ],
          "tintindex": 0,
          "rotation": 0,
          "texture": "#0"
        }
      },
      "rotation": {
        "origin": [
          8.127251,
          14.220701,
          10.496385
        ],
        "angle": 22.5,
        "axis": "x"
      }
    }
  ],
  "display": {
    "gui": {
      "rotation": [
        30,
        225,
        0
      ]
    }
  }
}