{
  "textures": {
    "0": "modelengine:entity/specter_texture"
  },
  "elements": [
    {
      "from": [
        11.975,
        5.3999996,
        0.19500017
      ],
      "to": [
        11.975,
        7.3999996,
        6.1949997
      ],
      "faces": {
        "east": {
          "uv": [
            7.25,
            1.5,
            6.5,
            1.75
          ],
          "tintindex": 0,
          "rotation": 0,
          "texture": "#0"
        },
        "west": {
          "uv": [
            6.5,
            1.5,
            7.25,
            1.75
          ],
          "tintindex": 0,
          "rotation": 0,
          "texture": "#0"
        }
      }
    },
    {
      "from": [
        4.5,
        7.8999996,
        0.6950002
      ],
      "to": [
        11.5,
        12.9,
        7.695
      ],
      "faces": {
        "east": {
          "uv": [
            5.25,
            2.375,
            6.125,
            3
          ],
          "tintindex": 0,
          "rotation": 0,
          "texture": "#0"
        },
        "south": {
          "uv": [
            0,
            5.375,
            0.875,
            6
          ],
          "tintindex": 0,
          "rotation": 0,
          "texture": "#0"
        },
        "north": {
          "uv": [
            5,
            3.125,
            5.875,
            3.75
          ],
          "tintindex": 0,
          "rotation": 0,
          "texture": "#0"
        },
        "west": {
          "uv": [
            4.125,
            5.5,
            5,
            6.125
          ],
          "tintindex": 0,
          "rotation": 0,
          "texture": "#0"
        },
        "up": {
          "uv": [
            2.25,
            4.75,
            1.375,
            3.875
          ],
          "tintindex": 0,
          "rotation": 0,
          "texture": "#0"
        },
        "down": {
          "uv": [
            4.5,
            4,
            3.625,
            4.875
          ],
          "tintindex": 0,
          "rotation": 0,
          "texture": "#0"
        }
      }
    },
    {
      "from": [
        4,
        7.3999996,
        0.19500017
      ],
      "to": [
        12,
        13.4,
        8.195
      ],
      "faces": {
        "east": {
          "uv": [
            2.375,
            4.375,
            3.375,
            5.125
          ],
          "tintindex": 0,
          "rotation": 0,
          "texture": "#0"
        },
        "south": {
          "uv": [
            0,
            4.5,
            1,
            5.25
          ],
          "tintindex": 0,
          "rotation": 0,
          "texture": "#0"
        },
        "north": {
          "uv": [
            4.125,
            0,
            5.125,
            0.75
          ],
          "tintindex": 0,
          "rotation": 0,
          "texture": "#0"
        },
        "west": {
          "uv": [
            4.625,
            4,
            5.625,
            4.75
          ],
          "tintindex": 0,
          "rotation": 0,
          "texture": "#0"
        },
        "up": {
          "uv": [
            3.75,
            2,
            2.75,
            1
          ],
          "tintindex": 0,
          "rotation": 0,
          "texture": "#0"
        },
        "down": {
          "uv": [
            2.375,
            2.75,
            1.375,
            3.75
          ],
          "tintindex": 0,
          "rotation": 0,
          "texture": "#0"
        }
      }
    },
    {
      "from": [
        4.025,
        5.3999996,
        0.19500017
      ],
      "to": [
        4.025,
        7.3999996,
        6.1949997
      ],
      "faces": {
        "east": {
          "uv": [
            7.25,
            1.5,
            6.5,
            1.75
          ],
          "tintindex": 0,
          "rotation": 0,
          "texture": "#0"
        },
        "west": {
          "uv": [
            6.5,
            1.5,
            7.25,
            1.75
          ],
          "tintindex": 0,
          "rotation": 0,
          "texture": "#0"
        }
      }
    },
    {
      "from": [
        4,
        5.3999996,
        0.22000027
      ],
      "to": [
        12,
        7.3999996,
        0.22000027
      ],
      "faces": {
        "south": {
          "uv": [
            7.5,
            0.375,
            6.5,
            0.625
          ],
          "tintindex": 0,
          "rotation": 0,
          "texture": "#0"
        },
        "north": {
          "uv": [
            6.5,
            0.375,
            7.5,
            0.625
          ],
          "tintindex": 0,
          "rotation": 0,
          "texture": "#0"
        }
      }
    }
  ],
  "display": {
    "gui": {
      "rotation": [
        30,
        225,
        0
      ]
    }
  }
}