{
  "textures": {
    "0": "modelengine:entity/specter_texture"
  },
  "elements": [
    {
      "from": [
        5.357278,
        4.341384,
        8.0125
      ],
      "to": [
        8.357278,
        8.341384,
        8.0125
      ],
      "faces": {
        "south": {
          "uv": [
            5.625,
            7.125,
            6,
            7.625
          ],
          "tintindex": 0,
          "rotation": 0,
          "texture": "#0"
        },
        "north": {
          "uv": [
            5.125,
            7.125,
            5.5,
            7.625
          ],
          "tintindex": 0,
          "rotation": 0,
          "texture": "#0"
        }
      },
      "rotation": {
        "origin": [
          7.107278,
          6.091384,
          7.9875
        ],
        "angle": -22.5,
        "axis": "z"
      }
    },
    {
      "from": [
        5.357278,
        4.341384,
        6.5125
      ],
      "to": [
        8.357278,
        8.341384,
        6.5125
      ],
      "faces": {
        "south": {
          "uv": [
            6.125,
            6.75,
            6.5,
            7.25
          ],
          "tintindex": 0,
          "rotation": 0,
          "texture": "#0"
        },
        "north": {
          "uv": [
            6.75,
            1.875,
            7.125,
            2.375
          ],
          "tintindex": 0,
          "rotation": 0,
          "texture": "#0"
        }
      },
      "rotation": {
        "origin": [
          7.107278,
          6.091384,
          6.4875
        ],
        "angle": -22.5,
        "axis": "z"
      }
    },
    {
      "from": [
        5.2600384,
        0.92921495,
        6.4875
      ],
      "to": [
        8.260038,
        4.929215,
        6.4875
      ],
      "faces": {
        "south": {
          "uv": [
            6.875,
            2.5,
            7.25,
            3
          ],
          "tintindex": 0,
          "rotation": 0,
          "texture": "#0"
        },
        "north": {
          "uv": [
            6.625,
            6.75,
            7,
            7.25
          ],
          "tintindex": 0,
          "rotation": 0,
          "texture": "#0"
        }
      },
      "rotation": {
        "origin": [
          6.5100384,
          3.679215,
          7.9875
        ],
        "angle": 22.5,
        "axis": "z"
      }
    },
    {
      "from": [
        5.2600384,
        0.92921495,
        9.4875
      ],
      "to": [
        8.260038,
        4.929215,
        9.4875
      ],
      "faces": {
        "south": {
          "uv": [
            7,
            3.75,
            7.375,
            4.25
          ],
          "tintindex": 0,
          "rotation": 0,
          "texture": "#0"
        },
        "north": {
          "uv": [
            6.875,
            3.125,
            7.25,
            3.625
          ],
          "tintindex": 0,
          "rotation": 0,
          "texture": "#0"
        }
      },
      "rotation": {
        "origin": [
          6.5100384,
          3.679215,
          10.9875
        ],
        "angle": 22.5,
        "axis": "z"
      }
    },
    {
      "from": [
        5.357278,
        4.341384,
        9.5125
      ],
      "to": [
        8.357278,
        8.341384,
        9.5125
      ],
      "faces": {
        "south": {
          "uv": [
            0.5,
            7.125,
            0.875,
            7.625
          ],
          "tintindex": 0,
          "rotation": 0,
          "texture": "#0"
        },
        "north": {
          "uv": [
            0,
            7.125,
            0.375,
            7.625
          ],
          "tintindex": 0,
          "rotation": 0,
          "texture": "#0"
        }
      },
      "rotation": {
        "origin": [
          7.107278,
          6.091384,
          9.4875
        ],
        "angle": -22.5,
        "axis": "z"
      }
    },
    {
      "from": [
        5.2600384,
        0.92921495,
        7.9875
      ],
      "to": [
        8.260038,
        4.929215,
        7.9875
      ],
      "faces": {
        "south": {
          "uv": [
            7.125,
            4.375,
            7.5,
            4.875
          ],
          "tintindex": 0,
          "rotation": 0,
          "texture": "#0"
        },
        "north": {
          "uv": [
            3.5,
            7.125,
            3.875,
            7.625
          ],
          "tintindex": 0,
          "rotation": 0,
          "texture": "#0"
        }
      },
      "rotation": {
        "origin": [
          6.5100384,
          3.679215,
          9.4875
        ],
        "angle": 22.5,
        "axis": "z"
      }
    }
  ],
  "display": {
    "gui": {
      "rotation": [
        30,
        225,
        0
      ]
    }
  }
}