{
  "textures": {
    "0": "modelengine:entity/specter_texture"
  },
  "elements": [
    {
      "from": [
        7.257089,
        1.4231052,
        6.2400002
      ],
      "to": [
        10.25709,
        8.423105,
        10.24
      ],
      "faces": {
        "east": {
          "uv": [
            6.25,
            3.875,
            5.75,
            4.75
          ],
          "tintindex": 0,
          "rotation": 0,
          "texture": "#0"
        },
        "south": {
          "uv": [
            0.375,
            6.125,
            0,
            7
          ],
          "tintindex": 0,
          "rotation": 0,
          "texture": "#0"
        },
        "north": {
          "uv": [
            6.375,
            1,
            6,
            1.875
          ],
          "tintindex": 0,
          "rotation": 0,
          "texture": "#0"
        },
        "west": {
          "uv": [
            5.625,
            5.5,
            5.125,
            6.375
          ],
          "tintindex": 0,
          "rotation": 0,
          "texture": "#0"
        },
        "up": {
          "uv": [
            5.125,
            7,
            5.5,
            6.5
          ],
          "tintindex": 0,
          "rotation": 0,
          "texture": "#0"
        },
        "down": {
          "uv": [
            5.625,
            6.5,
            6,
            7
          ],
          "tintindex": 0,
          "rotation": 0,
          "texture": "#0"
        }
      }
    }
  ],
  "display": {
    "gui": {
      "rotation": [
        30,
        225,
        0
      ]
    }
  }
}