{
  "textures": {
    "0": "modelengine:entity/specter_texture"
  },
  "elements": [
    {
      "from": [
        4.8357863,
        4.5303307,
        8.0125
      ],
      "to": [
        7.8357863,
        8.530331,
        8.0125
      ],
      "faces": {
        "south": {
          "uv": [
            7.625,
            1.875,
            7.25,
            2.375
          ],
          "tintindex": 0,
          "rotation": 0,
          "texture": "#0"
        },
        "north": {
          "uv": [
            1.875,
            7.25,
            1.5,
            7.75
          ],
          "tintindex": 0,
          "rotation": 0,
          "texture": "#0"
        }
      },
      "rotation": {
        "origin": [
          7,
          5.0000005,
          8
        ],
        "angle": -22.5,
        "axis": "z"
      }
    },
    {
      "from": [
        4.887563,
        1.4482236,
        7.9875
      ],
      "to": [
        7.887563,
        5.448224,
        7.9875
      ],
      "faces": {
        "south": {
          "uv": [
            1.375,
            7.25,
            1,
            7.75
          ],
          "tintindex": 0,
          "rotation": 0,
          "texture": "#0"
        },
        "north": {
          "uv": [
            7.5,
            6.75,
            7.125,
            7.25
          ],
          "tintindex": 0,
          "rotation": 0,
          "texture": "#0"
        }
      },
      "rotation": {
        "origin": [
          7,
          5.0000005,
          8
        ],
        "angle": 22.5,
        "axis": "z"
      }
    }
  ],
  "display": {
    "gui": {
      "rotation": [
        30,
        225,
        0
      ]
    }
  }
}