{"textures":{"0":"modelengine:entity/vine_root"},"elements":[{"from":[12.108058,15.337778,-4.783779],"to":[15.108058,18.337778,2.2162204],"faces":{"east":{"uv":[6.0,6.5,7.75,7.25],"tintindex":0,"rotation":0,"texture":"#0"},"south":{"uv":[7.25,4.0,8.0,4.75],"tintindex":0,"rotation":0,"texture":"#0"},"north":{"uv":[7.25,5.0,8.0,5.75],"tintindex":0,"rotation":0,"texture":"#0"},"west":{"uv":[4.0,6.5,5.75,7.25],"tintindex":0,"rotation":0,"texture":"#0"},"up":{"uv":[0.75,8.75,0.0,7.0],"tintindex":0,"rotation":180,"texture":"#0"},"down":{"uv":[1.75,7.0,1.0,8.75],"tintindex":0,"rotation":180,"texture":"#0"}},"rotation":{"origin":[11.825206,15.057873,1.6777773],"angle":22.5,"axis":"y"}},{"from":[11.9214,14.741888,0.15887642],"to":[14.9214,17.741888,9.158876],"faces":{"east":{"uv":[3.0,0.0,5.25,0.75],"tintindex":0,"rotation":0,"texture":"#0"},"south":{"uv":[3.0,7.0,3.75,7.75],"tintindex":0,"rotation":0,"texture":"#0"},"north":{"uv":[7.25,3.0,8.0,3.75],"tintindex":0,"rotation":0,"texture":"#0"},"west":{"uv":[1.0,2.5,3.25,3.25],"tintindex":0,"rotation":0,"texture":"#0"},"up":{"uv":[1.75,5.75,1.0,3.5],"tintindex":0,"rotation":180,"texture":"#0"},"down":{"uv":[4.25,1.0,3.5,3.25],"tintindex":0,"rotation":180,"texture":"#0"}},"rotation":{"origin":[11.825206,15.057873,1.6777773],"angle":22.5,"axis":"x"}},{"from":[2.429936,14.179768,-6.240612],"to":[10.429936,17.179768,-3.240612],"faces":{"east":{"uv":[5.0,7.5,5.75,8.25],"tintindex":0,"rotation":0,"texture":"#0"},"south":{"uv":[5.0,3.5,7.0,4.25],"tintindex":0,"rotation":0,"texture":"#0"},"north":{"uv":[5.0,4.5,7.0,5.25],"tintindex":0,"rotation":0,"texture":"#0"},"west":{"uv":[4.0,7.5,4.75,8.25],"tintindex":0,"rotation":0,"texture":"#0"},"up":{"uv":[7.5,0.75,5.5,0.0],"tintindex":0,"rotation":180,"texture":"#0"},"down":{"uv":[7.5,1.0,5.5,1.75],"tintindex":0,"rotation":180,"texture":"#0"}},"rotation":{"origin":[11.825206,15.057873,1.6777773],"angle":-45.0,"axis":"z"}},{"from":[11.955109,5.42797,6.5961676],"to":[14.955109,14.42797,9.596168],"faces":{"east":{"uv":[0.0,2.5,0.75,4.75],"tintindex":0,"rotation":0,"texture":"#0"},"south":{"uv":[0.0,0.0,0.75,2.25],"tintindex":0,"rotation":0,"texture":"#0"},"north":{"uv":[2.0,0.0,2.75,2.25],"tintindex":0,"rotation":0,"texture":"#0"},"west":{"uv":[1.0,0.0,1.75,2.25],"tintindex":0,"rotation":0,"texture":"#0"},"up":{"uv":[0.75,5.75,0.0,5.0],"tintindex":0,"rotation":180,"texture":"#0"},"down":{"uv":[2.75,7.0,2.0,7.75],"tintindex":0,"rotation":180,"texture":"#0"}},"rotation":{"origin":[11.825206,15.057873,1.6777773],"angle":-45.0,"axis":"z"}}],"display":{"gui":{"rotation":[30,225,0]}}}