{"textures":{"0":"modelengine:entity/vine_root"},"elements":[{"from":[1.0785999,14.741888,6.841123],"to":[4.0786,17.741888,15.841124],"faces":{"east":{"uv":[1.0,2.5,3.25,3.25],"tintindex":0,"rotation":0,"texture":"#0"},"south":{"uv":[7.25,3.0,8.0,3.75],"tintindex":0,"rotation":0,"texture":"#0"},"north":{"uv":[3.0,7.0,3.75,7.75],"tintindex":0,"rotation":0,"texture":"#0"},"west":{"uv":[3.0,0.0,5.25,0.75],"tintindex":0,"rotation":0,"texture":"#0"},"up":{"uv":[1.75,5.75,1.0,3.5],"tintindex":0,"rotation":0,"texture":"#0"},"down":{"uv":[4.25,1.0,3.5,3.25],"tintindex":0,"rotation":0,"texture":"#0"}},"rotation":{"origin":[4.174794,15.057873,14.322222],"angle":-22.5,"axis":"x"}},{"from":[0.891942,15.337778,13.783779],"to":[3.891942,18.337778,20.78378],"faces":{"east":{"uv":[4.0,6.5,5.75,7.25],"tintindex":0,"rotation":0,"texture":"#0"},"south":{"uv":[7.25,5.0,8.0,5.75],"tintindex":0,"rotation":0,"texture":"#0"},"north":{"uv":[7.25,4.0,8.0,4.75],"tintindex":0,"rotation":0,"texture":"#0"},"west":{"uv":[6.0,6.5,7.75,7.25],"tintindex":0,"rotation":0,"texture":"#0"},"up":{"uv":[0.75,8.75,0.0,7.0],"tintindex":0,"rotation":0,"texture":"#0"},"down":{"uv":[1.75,7.0,1.0,8.75],"tintindex":0,"rotation":0,"texture":"#0"}},"rotation":{"origin":[4.174794,15.057873,14.322222],"angle":22.5,"axis":"y"}},{"from":[1.0448914,5.42797,6.403832],"to":[4.0448914,14.42797,9.403832],"faces":{"east":{"uv":[1.0,0.0,1.75,2.25],"tintindex":0,"rotation":0,"texture":"#0"},"south":{"uv":[2.0,0.0,2.75,2.25],"tintindex":0,"rotation":0,"texture":"#0"},"north":{"uv":[0.0,0.0,0.75,2.25],"tintindex":0,"rotation":0,"texture":"#0"},"west":{"uv":[0.0,2.5,0.75,4.75],"tintindex":0,"rotation":0,"texture":"#0"},"up":{"uv":[0.75,5.75,0.0,5.0],"tintindex":0,"rotation":0,"texture":"#0"},"down":{"uv":[2.75,7.0,2.0,7.75],"tintindex":0,"rotation":0,"texture":"#0"}},"rotation":{"origin":[4.174794,15.057873,14.322222],"angle":45.0,"axis":"z"}},{"from":[5.570064,14.179768,19.240612],"to":[13.570065,17.179768,22.240612],"faces":{"east":{"uv":[4.0,7.5,4.75,8.25],"tintindex":0,"rotation":0,"texture":"#0"},"south":{"uv":[5.0,4.5,7.0,5.25],"tintindex":0,"rotation":0,"texture":"#0"},"north":{"uv":[5.0,3.5,7.0,4.25],"tintindex":0,"rotation":0,"texture":"#0"},"west":{"uv":[5.0,7.5,5.75,8.25],"tintindex":0,"rotation":0,"texture":"#0"},"up":{"uv":[7.5,0.75,5.5,0.0],"tintindex":0,"rotation":0,"texture":"#0"},"down":{"uv":[7.5,1.0,5.5,1.75],"tintindex":0,"rotation":0,"texture":"#0"}},"rotation":{"origin":[4.174794,15.057873,14.322222],"angle":45.0,"axis":"z"}}],"display":{"gui":{"rotation":[30,225,0]}}}