{
  "textures" : {
    "AK47" : "guns/ak47"
  },
  "credit" : "Made with Blockbench",
  "elements" : [ {
    "from" : [ 7.625, 8.75, 6 ],
    "to" : [ 8.5, 9.5, 6.625 ],
    "faces" : {
      "north" : {
        "uv" : [ 7.375, 13.375, 6.5, 14.125 ],
        "texture" : "#AK47"
      },
      "east" : {
        "uv" : [ 15.25, 14.125, 14.625, 14.875 ],
        "texture" : "#AK47"
      },
      "south" : {
        "uv" : [ 11.375, 14.125, 12.25, 14.875 ],
        "texture" : "#AK47"
      },
      "west" : {
        "uv" : [ 0, 0, 0.625, 0.75 ],
        "texture" : "#AK47"
      },
      "up" : {
        "uv" : [ 11.375, 14.125, 12.25, 13.5 ],
        "texture" : "#AK47"
      },
      "down" : {
        "uv" : [ 12.25, 14.25, 13.125, 14.875 ],
        "texture" : "#AK47"
      }
    }
  }, {
    "from" : [ 7.625, 8.875, 4 ],
    "to" : [ 8.5, 9.875, 4.25 ],
    "faces" : {
      "north" : {
        "uv" : [ 3.875, 13.375, 3, 14.375 ],
        "texture" : "#AK47"
      },
      "east" : {
        "uv" : [ 1.875, 0.75, 1.625, 1.75 ],
        "texture" : "#AK47"
      },
      "south" : {
        "uv" : [ 3.875, 13.375, 4.75, 14.375 ],
        "texture" : "#AK47"
      },
      "west" : {
        "uv" : [ 3.875, 4.875, 4.125, 5.875 ],
        "texture" : "#AK47"
      },
      "up" : {
        "uv" : [ 5.75, 12.25, 6.625, 12 ],
        "texture" : "#AK47"
      },
      "down" : {
        "uv" : [ 1, 0, 1.875, 0.25 ],
        "texture" : "#AK47"
      }
    }
  }, {
    "from" : [ 7.625, 8.875, 4.25 ],
    "to" : [ 8.5, 9.375, 6 ],
    "faces" : {
      "east" : {
        "uv" : [ 6.5, 14.375, 4.75, 14.875 ],
        "texture" : "#AK47"
      },
      "west" : {
        "uv" : [ 3, 14.375, 4.75, 14.875 ],
        "texture" : "#AK47"
      },
      "up" : {
        "uv" : [ 1, 13.375, 1.875, 11.625 ],
        "texture" : "#AK47"
      },
      "down" : {
        "uv" : [ 1, 13.375, 1.875, 15.125 ],
        "texture" : "#AK47"
      }
    }
  }, {
    "from" : [ 7.625, 9.375, 4.75 ],
    "to" : [ 8.5, 9.875, 5.125 ],
    "faces" : {
      "north" : {
        "uv" : [ 7.375, 12.625, 6.5, 13.125 ],
        "texture" : "#AK47"
      },
      "east" : {
        "uv" : [ 9.125, 11.5, 8.75, 12 ],
        "texture" : "#AK47"
      },
      "south" : {
        "uv" : [ 7.375, 12.625, 8.25, 13.125 ],
        "texture" : "#AK47"
      },
      "west" : {
        "uv" : [ 7.25, 11.5, 7.625, 12 ],
        "texture" : "#AK47"
      },
      "up" : {
        "uv" : [ 12.625, 13.125, 13.5, 12.75 ],
        "texture" : "#AK47"
      }
    }
  }, {
    "from" : [ 7.625, 9.375, 5.625 ],
    "to" : [ 8.5, 9.875, 6 ],
    "faces" : {
      "north" : {
        "uv" : [ 5.625, 12.625, 4.75, 13.125 ],
        "texture" : "#AK47"
      },
      "east" : {
        "uv" : [ 6.875, 11.5, 6.5, 12 ],
        "texture" : "#AK47"
      },
      "south" : {
        "uv" : [ 3.875, 12.625, 4.75, 13.125 ],
        "texture" : "#AK47"
      },
      "west" : {
        "uv" : [ 6.875, 11.5, 7.25, 12 ],
        "texture" : "#AK47"
      },
      "up" : {
        "uv" : [ 14.375, 13.125, 15.25, 12.75 ],
        "texture" : "#AK47"
      }
    }
  }, {
    "from" : [ 7.625, 9.75, 4.25 ],
    "to" : [ 8.5, 9.875, 4.75 ],
    "faces" : {
      "east" : {
        "uv" : [ 15.375, 11.375, 14.875, 11.5 ],
        "texture" : "#AK47"
      },
      "west" : {
        "uv" : [ 14.25, 11.5, 14.75, 11.625 ],
        "texture" : "#AK47"
      },
      "up" : {
        "uv" : [ 11.75, 13.125, 12.625, 12.625 ],
        "texture" : "#AK47"
      },
      "down" : {
        "uv" : [ 8.25, 12.625, 9.125, 13.125 ],
        "texture" : "#AK47"
      }
    }
  }, {
    "from" : [ 7.625, 9.75, 5.125 ],
    "to" : [ 8.5, 9.875, 5.625 ],
    "faces" : {
      "east" : {
        "uv" : [ 15.875, 11.5, 15.375, 11.625 ],
        "texture" : "#AK47"
      },
      "west" : {
        "uv" : [ 14.875, 11.5, 15.375, 11.625 ],
        "texture" : "#AK47"
      },
      "up" : {
        "uv" : [ 10, 13.125, 10.875, 12.625 ],
        "texture" : "#AK47"
      },
      "down" : {
        "uv" : [ 10.875, 12.625, 11.75, 13.125 ],
        "texture" : "#AK47"
      }
    }
  }, {
    "from" : [ 7.75, 8, 15.75 ],
    "to" : [ 8.375, 9.5, 16 ],
    "faces" : {
      "north" : {
        "uv" : [ 1.625, 0.25, 1, 1.75 ],
        "texture" : "#AK47"
      },
      "east" : {
        "uv" : [ 1.875, 4.25, 1.625, 5.75 ],
        "texture" : "#AK47"
      },
      "south" : {
        "uv" : [ 2.375, 13.375, 3, 14.875 ],
        "texture" : "#AK47",
        "cullface" : "south"
      },
      "west" : {
        "uv" : [ 1.625, 6.25, 1.875, 7.75 ],
        "texture" : "#AK47"
      },
      "up" : {
        "uv" : [ 7.625, 13.625, 8.25, 13.375 ],
        "texture" : "#AK47"
      },
      "down" : {
        "uv" : [ 8.25, 13.375, 8.875, 13.625 ],
        "texture" : "#AK47"
      }
    }
  }, {
    "from" : [ 7.75, 8.625, 6 ],
    "to" : [ 8.375, 8.75, 6.625 ],
    "faces" : {
      "north" : {
        "uv" : [ 14.875, 11.75, 14.25, 11.875 ],
        "texture" : "#AK47"
      },
      "east" : {
        "uv" : [ 12.25, 12, 11.625, 12.125 ],
        "texture" : "#AK47"
      },
      "south" : {
        "uv" : [ 14.25, 11.875, 14.875, 12 ],
        "texture" : "#AK47"
      },
      "west" : {
        "uv" : [ 12.25, 12, 12.875, 12.125 ],
        "texture" : "#AK47"
      },
      "down" : {
        "uv" : [ 5.125, 12, 5.75, 12.625 ],
        "texture" : "#AK47"
      }
    }
  }, {
    "from" : [ 7.75, 8.625, 7.75 ],
    "to" : [ 8.375, 9.5, 11.5 ],
    "faces" : {
      "north" : {
        "uv" : [ 6.5, 13.5, 5.875, 14.375 ],
        "texture" : "#AK47"
      },
      "east" : {
        "uv" : [ 7.5, 15.125, 3.75, 16 ],
        "texture" : "#AK47"
      },
      "south" : {
        "uv" : [ 12.25, 13.375, 12.875, 14.25 ],
        "texture" : "#AK47"
      },
      "west" : {
        "uv" : [ 0, 15.125, 3.75, 16 ],
        "texture" : "#AK47"
      },
      "up" : {
        "uv" : [ 0, 15.125, 0.625, 11.375 ],
        "texture" : "#AK47"
      },
      "down" : {
        "uv" : [ 0, 7.625, 0.625, 11.375 ],
        "texture" : "#AK47"
      }
    }
  }, {
    "from" : [ 7.75, 8.75, 3.875 ],
    "to" : [ 8.375, 10, 4 ],
    "faces" : {
      "north" : {
        "uv" : [ 8.875, 13.625, 8.25, 14.875 ],
        "texture" : "#AK47"
      },
      "east" : {
        "uv" : [ 4.5, 1.875, 4.375, 3.125 ],
        "texture" : "#AK47"
      },
      "south" : {
        "uv" : [ 7.625, 13.625, 8.25, 14.875 ],
        "texture" : "#AK47"
      },
      "west" : {
        "uv" : [ 4.375, 3.125, 4.5, 4.375 ],
        "texture" : "#AK47"
      },
      "up" : {
        "uv" : [ 10.375, 12.125, 11, 12 ],
        "texture" : "#AK47"
      },
      "down" : {
        "uv" : [ 11, 12, 11.625, 12.125 ],
        "texture" : "#AK47"
      }
    }
  }, {
    "from" : [ 7.75, 8.75, 4 ],
    "to" : [ 8.375, 8.875, 6 ],
    "faces" : {
      "east" : {
        "uv" : [ 15.125, 13.125, 13.125, 13.25 ],
        "texture" : "#AK47"
      },
      "west" : {
        "uv" : [ 13.5, 12.5, 15.5, 12.625 ],
        "texture" : "#AK47"
      },
      "up" : {
        "uv" : [ 0, 2.75, 0.625, 0.75 ],
        "texture" : "#AK47"
      },
      "down" : {
        "uv" : [ 1, 5.75, 1.625, 7.75 ],
        "texture" : "#AK47"
      }
    }
  }, {
    "from" : [ 7.75, 8.75, 6.625 ],
    "to" : [ 8.375, 9.5, 7.75 ],
    "faces" : {
      "east" : {
        "uv" : [ 7.625, 14.125, 6.5, 14.875 ],
        "texture" : "#AK47"
      },
      "west" : {
        "uv" : [ 4.75, 13.625, 5.875, 14.375 ],
        "texture" : "#AK47"
      },
      "up" : {
        "uv" : [ 9.5, 14.875, 10.125, 13.75 ],
        "texture" : "#AK47"
      },
      "down" : {
        "uv" : [ 8.875, 13.75, 9.5, 14.875 ],
        "texture" : "#AK47"
      }
    }
  }, {
    "from" : [ 7.75, 9.25, 11.5 ],
    "to" : [ 7.875, 9.5, 15.75 ],
    "faces" : {
      "east" : {
        "uv" : [ 10.375, 14.875, 6.125, 15.125 ],
        "texture" : "#AK47"
      },
      "west" : {
        "uv" : [ 10.375, 14.875, 14.625, 15.125 ],
        "texture" : "#AK47"
      },
      "up" : {
        "uv" : [ 3.25, 8.5, 3.375, 4.25 ],
        "texture" : "#AK47"
      },
      "down" : {
        "uv" : [ 0.375, 3.375, 0.5, 7.625 ],
        "texture" : "#AK47"
      }
    }
  }, {
    "from" : [ 7.75, 9.375, 4.25 ],
    "to" : [ 8.375, 9.5, 4.75 ],
    "faces" : {
      "east" : {
        "uv" : [ 15.375, 11.75, 14.875, 11.875 ],
        "texture" : "#AK47"
      },
      "west" : {
        "uv" : [ 14.875, 11.625, 15.375, 11.75 ],
        "texture" : "#AK47"
      },
      "up" : {
        "uv" : [ 10.375, 12.625, 11, 12.125 ],
        "texture" : "#AK47"
      }
    }
  }, {
    "from" : [ 7.75, 9.375, 5.125 ],
    "to" : [ 8.375, 9.5, 5.625 ],
    "faces" : {
      "east" : {
        "uv" : [ 15.375, 11.875, 14.875, 12 ],
        "texture" : "#AK47"
      },
      "west" : {
        "uv" : [ 11.375, 11.375, 11.875, 11.5 ],
        "texture" : "#AK47"
      },
      "up" : {
        "uv" : [ 9.125, 12.625, 9.75, 12.125 ],
        "texture" : "#AK47"
      }
    }
  }, {
    "from" : [ 7.75, 9.475, 6 ],
    "to" : [ 8.375, 10, 6.625 ],
    "faces" : {
      "north" : {
        "uv" : [ 12.25, 12.125, 11.625, 12.625 ],
        "texture" : "#AK47"
      },
      "east" : {
        "uv" : [ 15.875, 12.625, 15.25, 13.125 ],
        "texture" : "#AK47"
      },
      "south" : {
        "uv" : [ 12.25, 12.125, 12.875, 12.625 ],
        "texture" : "#AK47"
      },
      "west" : {
        "uv" : [ 12.875, 12.125, 13.5, 12.625 ],
        "texture" : "#AK47"
      },
      "up" : {
        "uv" : [ 15.25, 14.125, 15.875, 13.5 ],
        "texture" : "#AK47"
      }
    }
  }, {
    "from" : [ 7.75, 9.625, 4.25 ],
    "to" : [ 8.375, 9.75, 4.75 ],
    "faces" : {
      "east" : {
        "uv" : [ 16, 12.5, 15.5, 12.625 ],
        "texture" : "#AK47"
      },
      "west" : {
        "uv" : [ 14.25, 11.375, 14.75, 11.5 ],
        "texture" : "#AK47"
      },
      "down" : {
        "uv" : [ 6.625, 12.125, 7.25, 12.625 ],
        "texture" : "#AK47"
      }
    }
  }, {
    "from" : [ 7.75, 9.625, 5.125 ],
    "to" : [ 8.375, 9.75, 5.625 ],
    "faces" : {
      "east" : {
        "uv" : [ 15.875, 11.875, 15.375, 12 ],
        "texture" : "#AK47"
      },
      "west" : {
        "uv" : [ 15.375, 11.75, 15.875, 11.875 ],
        "texture" : "#AK47"
      },
      "down" : {
        "uv" : [ 7.875, 12.125, 8.5, 12.625 ],
        "texture" : "#AK47"
      }
    }
  }, {
    "from" : [ 7.75, 9.6, 6.625 ],
    "to" : [ 8.375, 10, 7 ],
    "faces" : {
      "east" : {
        "uv" : [ 11, 11.625, 10.625, 12 ],
        "texture" : "#AK47"
      },
      "south" : {
        "uv" : [ 8.875, 13.375, 9.5, 13.75 ],
        "texture" : "#AK47"
      },
      "west" : {
        "uv" : [ 9.125, 11.625, 9.5, 12 ],
        "texture" : "#AK47"
      },
      "up" : {
        "uv" : [ 10.125, 13.75, 10.75, 13.375 ],
        "texture" : "#AK47"
      },
      "down" : {
        "uv" : [ 10.75, 13.375, 11.375, 13.75 ],
        "texture" : "#AK47"
      }
    }
  }, {
    "from" : [ 7.75, 9.85, 4 ],
    "to" : [ 8.375, 10, 6 ],
    "faces" : {
      "east" : {
        "uv" : [ 13.125, 13.125, 11.125, 13.25 ],
        "texture" : "#AK47"
      },
      "west" : {
        "uv" : [ 13.25, 13.25, 15.25, 13.375 ],
        "texture" : "#AK47"
      },
      "up" : {
        "uv" : [ 1, 3.75, 1.625, 1.75 ],
        "texture" : "#AK47"
      },
      "down" : {
        "uv" : [ 1, 3.75, 1.625, 5.75 ],
        "texture" : "#AK47"
      }
    }
  }, {
    "from" : [ 7.875, 5.75, 6.625 ],
    "to" : [ 8.25, 6.875, 7.25 ],
    "faces" : {
      "north" : {
        "uv" : [ 3.875, 2.625, 3.5, 3.75 ],
        "texture" : "#AK47"
      },
      "east" : {
        "uv" : [ 11.375, 13.75, 10.75, 14.875 ],
        "texture" : "#AK47"
      },
      "south" : {
        "uv" : [ 3.5, 6, 3.875, 7.125 ],
        "texture" : "#AK47"
      },
      "west" : {
        "uv" : [ 10.125, 13.75, 10.75, 14.875 ],
        "texture" : "#AK47"
      },
      "up" : {
        "uv" : [ 3.875, 2.375, 4.25, 1.75 ],
        "texture" : "#AK47"
      },
      "down" : {
        "uv" : [ 3.875, 1.125, 4.25, 1.75 ],
        "texture" : "#AK47"
      }
    }
  }, {
    "from" : [ 7.875, 5.875, 7.25 ],
    "to" : [ 8.25, 7.5, 7.375 ],
    "faces" : {
      "north" : {
        "uv" : [ 3.5, 8.5, 3.125, 10.125 ],
        "texture" : "#AK47"
      },
      "east" : {
        "uv" : [ 4.375, 2.875, 4.25, 4.5 ],
        "texture" : "#AK47"
      },
      "south" : {
        "uv" : [ 2.75, 0.875, 3.125, 2.5 ],
        "texture" : "#AK47"
      },
      "west" : {
        "uv" : [ 4.375, 9.75, 4.5, 11.375 ],
        "texture" : "#AK47"
      },
      "up" : {
        "uv" : [ 8.875, 11.375, 9.25, 11.25 ],
        "texture" : "#AK47"
      },
      "down" : {
        "uv" : [ 9.25, 11.25, 9.625, 11.375 ],
        "texture" : "#AK47"
      }
    }
  }, {
    "from" : [ 7.875, 6, 7.375 ],
    "to" : [ 8.25, 7.75, 7.5 ],
    "faces" : {
      "north" : {
        "uv" : [ 1, 0, 0.625, 1.75 ],
        "texture" : "#AK47"
      },
      "east" : {
        "uv" : [ 4.375, 7.875, 4.25, 9.625 ],
        "texture" : "#AK47"
      },
      "south" : {
        "uv" : [ 2.75, 6, 3.125, 7.75 ],
        "texture" : "#AK47"
      },
      "west" : {
        "uv" : [ 4.25, 6.125, 4.375, 7.875 ],
        "texture" : "#AK47"
      },
      "up" : {
        "uv" : [ 7.375, 11.375, 7.75, 11.25 ],
        "texture" : "#AK47"
      },
      "down" : {
        "uv" : [ 7.75, 11.25, 8.125, 11.375 ],
        "texture" : "#AK47"
      }
    }
  }, {
    "from" : [ 7.875, 6.125, 6.5 ],
    "to" : [ 8.25, 6.75, 6.625 ],
    "faces" : {
      "north" : {
        "uv" : [ 5, 11.375, 4.625, 12 ],
        "texture" : "#AK47"
      },
      "east" : {
        "uv" : [ 14.25, 11.375, 14.125, 12 ],
        "texture" : "#AK47"
      },
      "west" : {
        "uv" : [ 15.875, 13.5, 16, 14.125 ],
        "texture" : "#AK47"
      },
      "up" : {
        "uv" : [ 5.875, 11.375, 6.25, 11.25 ],
        "texture" : "#AK47"
      },
      "down" : {
        "uv" : [ 6.25, 11.25, 6.625, 11.375 ],
        "texture" : "#AK47"
      }
    }
  }, {
    "from" : [ 7.875, 6.125, 7.5 ],
    "to" : [ 8.25, 8, 7.625 ],
    "faces" : {
      "north" : {
        "uv" : [ 3.125, 11.5, 2.75, 13.375 ],
        "texture" : "#AK47"
      },
      "east" : {
        "uv" : [ 4.125, 2.375, 4, 4.25 ],
        "texture" : "#AK47"
      },
      "south" : {
        "uv" : [ 2.375, 1.5, 2.75, 3.375 ],
        "texture" : "#AK47"
      },
      "west" : {
        "uv" : [ 3.875, 2.375, 4, 4.25 ],
        "texture" : "#AK47"
      },
      "up" : {
        "uv" : [ 5.125, 11.375, 5.5, 11.25 ],
        "texture" : "#AK47"
      },
      "down" : {
        "uv" : [ 5.5, 11.25, 5.875, 11.375 ],
        "texture" : "#AK47"
      }
    }
  }, {
    "from" : [ 7.875, 6.25, 7.625 ],
    "to" : [ 8.25, 8.25, 7.75 ],
    "faces" : {
      "north" : {
        "uv" : [ 2.75, 7.375, 2.375, 9.375 ],
        "texture" : "#AK47"
      },
      "east" : {
        "uv" : [ 2.375, 0.375, 2.25, 2.375 ],
        "texture" : "#AK47"
      },
      "south" : {
        "uv" : [ 2.375, 9.375, 2.75, 11.375 ],
        "texture" : "#AK47"
      },
      "west" : {
        "uv" : [ 1.75, 1.75, 1.875, 3.75 ],
        "texture" : "#AK47"
      },
      "up" : {
        "uv" : [ 6.875, 11.5, 7.25, 11.375 ],
        "texture" : "#AK47"
      },
      "down" : {
        "uv" : [ 7.25, 11.375, 7.625, 11.5 ],
        "texture" : "#AK47"
      }
    }
  }, {
    "from" : [ 7.875, 6.375, 7.75 ],
    "to" : [ 8.25, 8.625, 7.875 ],
    "faces" : {
      "north" : {
        "uv" : [ 2.25, 6.625, 1.875, 8.875 ],
        "texture" : "#AK47"
      },
      "east" : {
        "uv" : [ 2.375, 8.875, 2.25, 11.125 ],
        "texture" : "#AK47"
      },
      "south" : {
        "uv" : [ 1.875, 8.875, 2.25, 11.125 ],
        "texture" : "#AK47"
      },
      "west" : {
        "uv" : [ 2.25, 6.625, 2.375, 8.875 ],
        "texture" : "#AK47"
      },
      "down" : {
        "uv" : [ 5.75, 11.375, 6.125, 11.5 ],
        "texture" : "#AK47"
      }
    }
  }, {
    "from" : [ 7.875, 6.5, 7.875 ],
    "to" : [ 8.25, 8.625, 8 ],
    "faces" : {
      "east" : {
        "uv" : [ 2.375, 4.5, 2.25, 6.625 ],
        "texture" : "#AK47"
      },
      "south" : {
        "uv" : [ 1.875, 2.375, 2.25, 4.5 ],
        "texture" : "#AK47"
      },
      "west" : {
        "uv" : [ 2.25, 2.375, 2.375, 4.5 ],
        "texture" : "#AK47"
      },
      "down" : {
        "uv" : [ 14.25, 13.375, 14.625, 13.5 ],
        "texture" : "#AK47"
      }
    }
  }, {
    "from" : [ 7.875, 6.625, 8 ],
    "to" : [ 8.25, 8.625, 8.125 ],
    "faces" : {
      "east" : {
        "uv" : [ 3.5, 2.25, 3.375, 4.25 ],
        "texture" : "#AK47"
      },
      "south" : {
        "uv" : [ 1.875, 0.375, 2.25, 2.375 ],
        "texture" : "#AK47"
      },
      "west" : {
        "uv" : [ 1.625, 1.75, 1.75, 3.75 ],
        "texture" : "#AK47"
      },
      "down" : {
        "uv" : [ 11, 15.125, 11.375, 15.25 ],
        "texture" : "#AK47"
      }
    }
  }, {
    "from" : [ 7.875, 6.75, 10.75 ],
    "to" : [ 8.25, 8.625, 11.25 ],
    "faces" : {
      "north" : {
        "uv" : [ 3.125, 7.75, 2.75, 9.625 ],
        "texture" : "#AK47"
      },
      "east" : {
        "uv" : [ 2.375, 11.125, 1.875, 13 ],
        "texture" : "#AK47"
      },
      "south" : {
        "uv" : [ 2.75, 9.625, 3.125, 11.5 ],
        "texture" : "#AK47"
      },
      "west" : {
        "uv" : [ 1.875, 13, 2.375, 14.875 ],
        "texture" : "#AK47"
      },
      "down" : {
        "uv" : [ 5.375, 11.5, 5.75, 12 ],
        "texture" : "#AK47"
      }
    }
  }, {
    "from" : [ 7.875, 6.75, 11.25 ],
    "to" : [ 8.25, 8, 11.375 ],
    "faces" : {
      "east" : {
        "uv" : [ 4.5, 4.375, 4.375, 5.625 ],
        "texture" : "#AK47"
      },
      "south" : {
        "uv" : [ 3.5, 10.625, 3.875, 11.875 ],
        "texture" : "#AK47"
      },
      "west" : {
        "uv" : [ 4.25, 0, 4.375, 1.25 ],
        "texture" : "#AK47"
      },
      "up" : {
        "uv" : [ 7.625, 11.25, 8, 11.125 ],
        "texture" : "#AK47"
      },
      "down" : {
        "uv" : [ 9.875, 11.125, 10.25, 11.25 ],
        "texture" : "#AK47"
      }
    }
  }, {
    "from" : [ 7.875, 6.75, 11.375 ],
    "to" : [ 8.25, 7.75, 11.5 ],
    "faces" : {
      "east" : {
        "uv" : [ 4.625, 5, 4.5, 6 ],
        "texture" : "#AK47"
      },
      "south" : {
        "uv" : [ 3.5, 1.625, 3.875, 2.625 ],
        "texture" : "#AK47"
      },
      "west" : {
        "uv" : [ 4.5, 6, 4.625, 7 ],
        "texture" : "#AK47"
      },
      "up" : {
        "uv" : [ 12.875, 11.25, 13.25, 11.125 ],
        "texture" : "#AK47"
      },
      "down" : {
        "uv" : [ 13.25, 11.125, 13.625, 11.25 ],
        "texture" : "#AK47"
      }
    }
  }, {
    "from" : [ 7.875, 6.875, 6.75 ],
    "to" : [ 8.25, 7, 7.25 ],
    "faces" : {
      "north" : {
        "uv" : [ 12.125, 11.125, 11.75, 11.25 ],
        "texture" : "#AK47"
      },
      "east" : {
        "uv" : [ 15.875, 11.375, 15.375, 11.5 ],
        "texture" : "#AK47"
      },
      "west" : {
        "uv" : [ 4.625, 11.25, 5.125, 11.375 ],
        "texture" : "#AK47"
      },
      "up" : {
        "uv" : [ 5.75, 12, 6.125, 11.5 ],
        "texture" : "#AK47"
      }
    }
  }, {
    "from" : [ 7.875, 6.875, 8.125 ],
    "to" : [ 8.25, 8.625, 8.25 ],
    "faces" : {
      "east" : {
        "uv" : [ 4.25, 2.5, 4.125, 4.25 ],
        "texture" : "#AK47"
      },
      "south" : {
        "uv" : [ 2.75, 4.25, 3.125, 6 ],
        "texture" : "#AK47"
      },
      "west" : {
        "uv" : [ 4.25, 9.625, 4.375, 11.375 ],
        "texture" : "#AK47"
      },
      "down" : {
        "uv" : [ 9.5, 11.125, 9.875, 11.25 ],
        "texture" : "#AK47"
      }
    }
  }, {
    "from" : [ 7.875, 6.875, 11.5 ],
    "to" : [ 8.25, 7.5, 11.625 ],
    "faces" : {
      "east" : {
        "uv" : [ 14.125, 11.375, 14, 12 ],
        "texture" : "#AK47"
      },
      "south" : {
        "uv" : [ 3.875, 0.5, 4.25, 1.125 ],
        "texture" : "#AK47"
      },
      "west" : {
        "uv" : [ 13.875, 11.375, 14, 12 ],
        "texture" : "#AK47"
      },
      "up" : {
        "uv" : [ 8, 11.25, 8.375, 11.125 ],
        "texture" : "#AK47"
      },
      "down" : {
        "uv" : [ 8.375, 11.125, 8.75, 11.25 ],
        "texture" : "#AK47"
      }
    }
  }, {
    "from" : [ 7.875, 7, 6.875 ],
    "to" : [ 8.25, 7.125, 7.25 ],
    "faces" : {
      "north" : {
        "uv" : [ 8.75, 11.375, 8.375, 11.5 ],
        "texture" : "#AK47"
      },
      "east" : {
        "uv" : [ 8.875, 11.25, 8.5, 11.375 ],
        "texture" : "#AK47"
      },
      "west" : {
        "uv" : [ 7.625, 11.375, 8, 11.5 ],
        "texture" : "#AK47"
      },
      "up" : {
        "uv" : [ 11, 12, 11.375, 11.625 ],
        "texture" : "#AK47"
      }
    }
  }, {
    "from" : [ 7.875, 7, 8.25 ],
    "to" : [ 8.25, 8.625, 8.375 ],
    "faces" : {
      "east" : {
        "uv" : [ 4.375, 4.5, 4.25, 6.125 ],
        "texture" : "#AK47"
      },
      "south" : {
        "uv" : [ 3.125, 11.75, 3.5, 13.375 ],
        "texture" : "#AK47"
      },
      "west" : {
        "uv" : [ 4.25, 1.25, 4.375, 2.875 ],
        "texture" : "#AK47"
      },
      "down" : {
        "uv" : [ 8.75, 11.375, 9.125, 11.5 ],
        "texture" : "#AK47"
      }
    }
  }, {
    "from" : [ 7.875, 7.125, 7 ],
    "to" : [ 8.25, 7.25, 7.25 ],
    "faces" : {
      "north" : {
        "uv" : [ 10, 11.25, 9.625, 11.375 ],
        "texture" : "#AK47"
      },
      "east" : {
        "uv" : [ 1.875, 0.25, 1.625, 0.375 ],
        "texture" : "#AK47"
      },
      "west" : {
        "uv" : [ 7.375, 13.375, 7.625, 13.5 ],
        "texture" : "#AK47"
      },
      "up" : {
        "uv" : [ 11, 11.625, 11.375, 11.375 ],
        "texture" : "#AK47"
      }
    }
  }, {
    "from" : [ 7.875, 7.25, 7.125 ],
    "to" : [ 8.25, 7.375, 7.25 ],
    "faces" : {
      "north" : {
        "uv" : [ 5, 11.125, 4.625, 11.25 ],
        "texture" : "#AK47"
      },
      "east" : {
        "uv" : [ 3.25, 0, 3.125, 0.125 ],
        "texture" : "#AK47"
      },
      "west" : {
        "uv" : [ 14.5, 11.125, 14.625, 11.25 ],
        "texture" : "#AK47"
      },
      "up" : {
        "uv" : [ 12.625, 11.375, 13, 11.25 ],
        "texture" : "#AK47"
      }
    }
  }, {
    "from" : [ 7.875, 7.25, 8.375 ],
    "to" : [ 8.25, 8.625, 8.5 ],
    "faces" : {
      "east" : {
        "uv" : [ 4.5, 8.375, 4.375, 9.75 ],
        "texture" : "#AK47"
      },
      "south" : {
        "uv" : [ 13.5, 13.5, 13.875, 14.875 ],
        "texture" : "#AK47"
      },
      "west" : {
        "uv" : [ 4.375, 5.625, 4.5, 7 ],
        "texture" : "#AK47"
      },
      "down" : {
        "uv" : [ 6.5, 11.125, 6.875, 11.25 ],
        "texture" : "#AK47"
      }
    }
  }, {
    "from" : [ 7.875, 7.25, 10.625 ],
    "to" : [ 8.25, 8.625, 10.75 ],
    "faces" : {
      "north" : {
        "uv" : [ 14.25, 13.5, 13.875, 14.875 ],
        "texture" : "#AK47"
      },
      "east" : {
        "uv" : [ 3.5, 0.875, 3.375, 2.25 ],
        "texture" : "#AK47"
      },
      "west" : {
        "uv" : [ 4.375, 7, 4.5, 8.375 ],
        "texture" : "#AK47"
      },
      "down" : {
        "uv" : [ 8.75, 11.125, 9.125, 11.25 ],
        "texture" : "#AK47"
      }
    }
  }, {
    "from" : [ 7.875, 7.5, 8.5 ],
    "to" : [ 8.25, 8.625, 8.625 ],
    "faces" : {
      "east" : {
        "uv" : [ 4.625, 10.25, 4.5, 11.375 ],
        "texture" : "#AK47"
      },
      "south" : {
        "uv" : [ 3.5, 7.125, 3.875, 8.25 ],
        "texture" : "#AK47"
      },
      "west" : {
        "uv" : [ 4.375, 0.75, 4.5, 1.875 ],
        "texture" : "#AK47"
      },
      "down" : {
        "uv" : [ 10.625, 11.125, 11, 11.25 ],
        "texture" : "#AK47"
      }
    }
  }, {
    "from" : [ 7.875, 7.625, 10.5 ],
    "to" : [ 8.25, 8.625, 10.625 ],
    "faces" : {
      "north" : {
        "uv" : [ 4.25, 11, 3.875, 12 ],
        "texture" : "#AK47"
      },
      "east" : {
        "uv" : [ 4.625, 7, 4.5, 8 ],
        "texture" : "#AK47"
      },
      "west" : {
        "uv" : [ 4.125, 4.875, 4.25, 5.875 ],
        "texture" : "#AK47"
      },
      "down" : {
        "uv" : [ 11.125, 11.25, 11.5, 11.375 ],
        "texture" : "#AK47"
      }
    }
  }, {
    "from" : [ 7.875, 7.75, 8.625 ],
    "to" : [ 8.25, 8.625, 8.75 ],
    "faces" : {
      "east" : {
        "uv" : [ 13, 13.375, 12.875, 14.25 ],
        "texture" : "#AK47"
      },
      "south" : {
        "uv" : [ 3.875, 7.375, 4.25, 8.25 ],
        "texture" : "#AK47"
      },
      "west" : {
        "uv" : [ 13, 13.375, 13.125, 14.25 ],
        "texture" : "#AK47"
      },
      "down" : {
        "uv" : [ 13.125, 13.375, 13.5, 13.5 ],
        "texture" : "#AK47"
      }
    }
  }, {
    "from" : [ 7.875, 7.875, 10.375 ],
    "to" : [ 8.25, 8.625, 10.5 ],
    "faces" : {
      "north" : {
        "uv" : [ 4.25, 6.625, 3.875, 7.375 ],
        "texture" : "#AK47"
      },
      "east" : {
        "uv" : [ 4.5, 0, 4.375, 0.75 ],
        "texture" : "#AK47"
      },
      "west" : {
        "uv" : [ 15.875, 14.125, 16, 14.875 ],
        "texture" : "#AK47"
      },
      "down" : {
        "uv" : [ 6.125, 11.375, 6.5, 11.5 ],
        "texture" : "#AK47"
      }
    }
  }, {
    "from" : [ 7.875, 8, 9 ],
    "to" : [ 8.25, 8.625, 9.25 ],
    "faces" : {
      "north" : {
        "uv" : [ 4.25, 4.25, 3.875, 4.875 ],
        "texture" : "#AK47"
      },
      "east" : {
        "uv" : [ 0.625, 2.75, 0.375, 3.375 ],
        "texture" : "#AK47"
      },
      "south" : {
        "uv" : [ 3.5, 0, 3.875, 0.625 ],
        "texture" : "#AK47"
      },
      "west" : {
        "uv" : [ 7.375, 13.5, 7.625, 14.125 ],
        "texture" : "#AK47"
      },
      "down" : {
        "uv" : [ 12.5, 11.5, 12.875, 11.75 ],
        "texture" : "#AK47"
      }
    }
  }, {
    "from" : [ 7.875, 8, 9.25 ],
    "to" : [ 8.25, 8.125, 10.125 ],
    "faces" : {
      "east" : {
        "uv" : [ 15.25, 12.625, 14.375, 12.75 ],
        "texture" : "#AK47"
      },
      "south" : {
        "uv" : [ 7, 11.25, 7.375, 11.375 ],
        "texture" : "#AK47"
      },
      "west" : {
        "uv" : [ 13, 11.875, 13.875, 12 ],
        "texture" : "#AK47"
      },
      "up" : {
        "uv" : [ 3.875, 10, 4.25, 9.125 ],
        "texture" : "#AK47"
      },
      "down" : {
        "uv" : [ 2.75, 0, 3.125, 0.875 ],
        "texture" : "#AK47"
      }
    }
  }, {
    "from" : [ 7.875, 8.125, 10.125 ],
    "to" : [ 8.25, 8.625, 10.375 ],
    "faces" : {
      "north" : {
        "uv" : [ 8.375, 11.5, 8, 12 ],
        "texture" : "#AK47"
      },
      "east" : {
        "uv" : [ 1.875, 5.75, 1.625, 6.25 ],
        "texture" : "#AK47"
      },
      "west" : {
        "uv" : [ 1.625, 3.75, 1.875, 4.25 ],
        "texture" : "#AK47"
      },
      "down" : {
        "uv" : [ 15.625, 15.75, 16, 16 ],
        "texture" : "#AK47"
      }
    }
  }, {
    "from" : [ 7.875, 8.25, 8.75 ],
    "to" : [ 8.25, 8.625, 9 ],
    "faces" : {
      "east" : {
        "uv" : [ 3.5, 0.375, 3.25, 0.75 ],
        "texture" : "#AK47"
      },
      "west" : {
        "uv" : [ 1.625, 0.375, 1.875, 0.75 ],
        "texture" : "#AK47"
      },
      "down" : {
        "uv" : [ 2.375, 0, 2.75, 0.25 ],
        "texture" : "#AK47"
      }
    }
  }, {
    "from" : [ 7.875, 8.625, 6.625 ],
    "to" : [ 8.25, 8.75, 7.75 ],
    "faces" : {
      "east" : {
        "uv" : [ 12.5, 11.875, 11.375, 12 ],
        "texture" : "#AK47"
      },
      "west" : {
        "uv" : [ 11.375, 11.75, 12.5, 11.875 ],
        "texture" : "#AK47"
      },
      "down" : {
        "uv" : [ 3.5, 4.875, 3.875, 6 ],
        "texture" : "#AK47"
      }
    }
  }, {
    "from" : [ 7.875, 9.125, 0 ],
    "to" : [ 8.25, 9.5, 3.875 ],
    "faces" : {
      "north" : {
        "uv" : [ 9.875, 11.625, 9.5, 12 ],
        "texture" : "#AK47",
        "cullface" : "north"
      },
      "east" : {
        "uv" : [ 11.375, 15.25, 7.5, 15.625 ],
        "texture" : "#AK47"
      },
      "west" : {
        "uv" : [ 7.5, 15.625, 11.375, 16 ],
        "texture" : "#AK47"
      },
      "up" : {
        "uv" : [ 1.375, 11.625, 1.75, 7.75 ],
        "texture" : "#AK47"
      },
      "down" : {
        "uv" : [ 1, 7.75, 1.375, 11.625 ],
        "texture" : "#AK47"
      }
    }
  }, {
    "from" : [ 7.85, 9.5, 6.625 ],
    "to" : [ 8.275, 9.625, 11.5 ],
    "faces" : {
      "east" : {
        "uv" : [ 13.25, 13.25, 8.375, 13.375 ],
        "texture" : "#AK47"
      },
      "south" : {
        "uv" : [ 11.875, 11.25, 12.25, 11.375 ],
        "texture" : "#AK47"
      },
      "west" : {
        "uv" : [ 3.5, 13.25, 8.375, 13.375 ],
        "texture" : "#AK47"
      },
      "up" : {
        "uv" : [ 0.625, 15.125, 1, 10.25 ],
        "texture" : "#AK47"
      },
      "down" : {
        "uv" : [ 0, 2.75, 0.375, 7.625 ],
        "texture" : "#AK47"
      }
    }
  }, {
    "from" : [ 7.875, 9.6, 7 ],
    "to" : [ 8.25, 9.875, 11.25 ],
    "faces" : {
      "east" : {
        "uv" : [ 15.625, 15.5, 11.375, 15.75 ],
        "texture" : "#AK47"
      },
      "south" : {
        "uv" : [ 9.875, 11.375, 10.25, 11.625 ],
        "texture" : "#AK47"
      },
      "west" : {
        "uv" : [ 11.375, 15.75, 15.625, 16 ],
        "texture" : "#AK47"
      },
      "up" : {
        "uv" : [ 0.625, 6, 1, 1.75 ],
        "texture" : "#AK47"
      }
    }
  }, {
    "from" : [ 7.875, 9.625, 11.25 ],
    "to" : [ 8.25, 9.75, 11.375 ],
    "faces" : {
      "east" : {
        "uv" : [ 14.875, 11.375, 14.75, 11.5 ],
        "texture" : "#AK47"
      },
      "south" : {
        "uv" : [ 14.125, 11.25, 14.5, 11.375 ],
        "texture" : "#AK47"
      },
      "west" : {
        "uv" : [ 13.625, 11.125, 13.75, 11.25 ],
        "texture" : "#AK47"
      },
      "up" : {
        "uv" : [ 13.375, 11.375, 13.75, 11.25 ],
        "texture" : "#AK47"
      }
    }
  }, {
    "from" : [ 7.875, 10, 3.875 ],
    "to" : [ 8.25, 10.125, 5.875 ],
    "faces" : {
      "north" : {
        "uv" : [ 14.875, 11.25, 14.5, 11.375 ],
        "texture" : "#AK47"
      },
      "east" : {
        "uv" : [ 15.5, 12.25, 13.5, 12.375 ],
        "texture" : "#AK47"
      },
      "south" : {
        "uv" : [ 6.125, 11.125, 6.5, 11.25 ],
        "texture" : "#AK47"
      },
      "west" : {
        "uv" : [ 13.5, 12.375, 15.5, 12.5 ],
        "texture" : "#AK47"
      },
      "up" : {
        "uv" : [ 2.375, 5.375, 2.75, 3.375 ],
        "texture" : "#AK47"
      },
      "down" : {
        "uv" : [ 2.375, 11.375, 2.75, 13.375 ],
        "texture" : "#AK47"
      }
    }
  }, {
    "from" : [ 7.875, 10, 6 ],
    "to" : [ 8.25, 10.125, 7.25 ],
    "faces" : {
      "north" : {
        "uv" : [ 15.25, 11.25, 14.875, 11.375 ],
        "texture" : "#AK47"
      },
      "east" : {
        "uv" : [ 14.75, 12.125, 13.5, 12.25 ],
        "texture" : "#AK47"
      },
      "south" : {
        "uv" : [ 15.25, 11.25, 15.625, 11.375 ],
        "texture" : "#AK47"
      },
      "west" : {
        "uv" : [ 13.5, 12, 14.75, 12.125 ],
        "texture" : "#AK47"
      },
      "up" : {
        "uv" : [ 3.5, 13.125, 3.875, 11.875 ],
        "texture" : "#AK47"
      },
      "down" : {
        "uv" : [ 2.375, 0.25, 2.75, 1.5 ],
        "texture" : "#AK47"
      }
    }
  }, {
    "from" : [ 7.875, 10.125, 7.125 ],
    "to" : [ 8, 10.25, 7.25 ],
    "faces" : {
      "north" : {
        "uv" : [ 3.5, 4.25, 3.375, 4.375 ],
        "texture" : "#AK47"
      },
      "east" : {
        "uv" : [ 16, 11.125, 15.875, 11.25 ],
        "texture" : "#AK47"
      },
      "south" : {
        "uv" : [ 15.875, 13.375, 16, 13.5 ],
        "texture" : "#AK47"
      },
      "west" : {
        "uv" : [ 4.625, 8.5, 4.75, 8.625 ],
        "texture" : "#AK47"
      },
      "up" : {
        "uv" : [ 3.375, 0.875, 3.5, 0.75 ],
        "texture" : "#AK47"
      }
    }
  }, {
    "from" : [ 8, 8.375, 9.75 ],
    "to" : [ 8.125, 8.625, 9.875 ],
    "faces" : {
      "north" : {
        "uv" : [ 4.75, 10.625, 4.625, 10.875 ],
        "texture" : "#AK47"
      },
      "east" : {
        "uv" : [ 12.5, 11.5, 12.375, 11.75 ],
        "texture" : "#AK47"
      },
      "south" : {
        "uv" : [ 4.625, 9.625, 4.75, 9.875 ],
        "texture" : "#AK47"
      },
      "west" : {
        "uv" : [ 4.5, 1.25, 4.625, 1.5 ],
        "texture" : "#AK47"
      },
      "down" : {
        "uv" : [ 15.25, 11.125, 15.375, 11.25 ],
        "texture" : "#AK47"
      }
    }
  }, {
    "from" : [ 8, 8.875, 0.25 ],
    "to" : [ 8.125, 9.125, 0.375 ],
    "faces" : {
      "north" : {
        "uv" : [ 15.375, 12, 15.25, 12.25 ],
        "texture" : "#AK47"
      },
      "east" : {
        "uv" : [ 4.75, 10.875, 4.625, 11.125 ],
        "texture" : "#AK47"
      },
      "south" : {
        "uv" : [ 15.375, 12, 15.5, 12.25 ],
        "texture" : "#AK47"
      },
      "west" : {
        "uv" : [ 15.75, 14.875, 15.875, 15.125 ],
        "texture" : "#AK47"
      },
      "down" : {
        "uv" : [ 4.625, 8.375, 4.75, 8.5 ],
        "texture" : "#AK47"
      }
    }
  }, {
    "from" : [ 8, 8.875, 0.375 ],
    "to" : [ 8.125, 9, 3.875 ],
    "faces" : {
      "east" : {
        "uv" : [ 11.125, 13.125, 7.625, 13.25 ],
        "texture" : "#AK47"
      },
      "west" : {
        "uv" : [ 7.5, 15.125, 11, 15.25 ],
        "texture" : "#AK47"
      },
      "up" : {
        "uv" : [ 1.75, 11.625, 1.875, 8.125 ],
        "texture" : "#AK47"
      },
      "down" : {
        "uv" : [ 3.25, 0.75, 3.375, 4.25 ],
        "texture" : "#AK47"
      }
    }
  }, {
    "from" : [ 8, 9, 0.625 ],
    "to" : [ 8.125, 9.125, 0.75 ],
    "faces" : {
      "north" : {
        "uv" : [ 4.75, 8.125, 4.625, 8.25 ],
        "texture" : "#AK47"
      },
      "east" : {
        "uv" : [ 14.375, 11.125, 14.25, 11.25 ],
        "texture" : "#AK47"
      },
      "south" : {
        "uv" : [ 13.75, 11.125, 13.875, 11.25 ],
        "texture" : "#AK47"
      },
      "west" : {
        "uv" : [ 14.125, 11.125, 14.25, 11.25 ],
        "texture" : "#AK47"
      }
    }
  }, {
    "from" : [ 8, 9, 2.125 ],
    "to" : [ 8.125, 9.125, 2.625 ],
    "faces" : {
      "north" : {
        "uv" : [ 15.75, 11.125, 15.625, 11.25 ],
        "texture" : "#AK47"
      },
      "east" : {
        "uv" : [ 15.875, 11.625, 15.375, 11.75 ],
        "texture" : "#AK47"
      },
      "south" : {
        "uv" : [ 15.75, 11.125, 15.875, 11.25 ],
        "texture" : "#AK47"
      },
      "west" : {
        "uv" : [ 12.5, 11.375, 13, 11.5 ],
        "texture" : "#AK47"
      }
    }
  }, {
    "from" : [ 8, 9, 3.5 ],
    "to" : [ 8.125, 9.125, 3.875 ],
    "faces" : {
      "north" : {
        "uv" : [ 4.25, 2.375, 4.125, 2.5 ],
        "texture" : "#AK47"
      },
      "east" : {
        "uv" : [ 6.125, 11.125, 5.75, 11.25 ],
        "texture" : "#AK47"
      },
      "west" : {
        "uv" : [ 5.375, 11.125, 5.75, 11.25 ],
        "texture" : "#AK47"
      }
    }
  }, {
    "from" : [ 8, 9.5, 0.25 ],
    "to" : [ 8.125, 9.75, 0.75 ],
    "faces" : {
      "north" : {
        "uv" : [ 4.625, 1.75, 4.5, 2 ],
        "texture" : "#AK47"
      },
      "east" : {
        "uv" : [ 15.25, 12, 14.75, 12.25 ],
        "texture" : "#AK47"
      },
      "south" : {
        "uv" : [ 4.5, 1.5, 4.625, 1.75 ],
        "texture" : "#AK47"
      },
      "west" : {
        "uv" : [ 12.5, 11.75, 13, 12 ],
        "texture" : "#AK47"
      },
      "up" : {
        "uv" : [ 15.875, 13.125, 16, 12.625 ],
        "texture" : "#AK47"
      }
    }
  }, {
    "from" : [ 8, 9.5, 2.125 ],
    "to" : [ 8.125, 9.75, 2.625 ],
    "faces" : {
      "north" : {
        "uv" : [ 4.625, 0.25, 4.5, 0.5 ],
        "texture" : "#AK47"
      },
      "east" : {
        "uv" : [ 12.375, 11.5, 11.875, 11.75 ],
        "texture" : "#AK47"
      },
      "south" : {
        "uv" : [ 4.5, 0, 4.625, 0.25 ],
        "texture" : "#AK47"
      },
      "west" : {
        "uv" : [ 11.375, 11.5, 11.875, 11.75 ],
        "texture" : "#AK47"
      },
      "up" : {
        "uv" : [ 13.75, 11.875, 13.875, 11.375 ],
        "texture" : "#AK47"
      }
    }
  }, {
    "from" : [ 8, 9.5, 3.5 ],
    "to" : [ 8.125, 10, 3.875 ],
    "faces" : {
      "north" : {
        "uv" : [ 13.625, 11.375, 13.5, 11.875 ],
        "texture" : "#AK47"
      },
      "east" : {
        "uv" : [ 4.25, 0, 3.875, 0.5 ],
        "texture" : "#AK47"
      },
      "west" : {
        "uv" : [ 15.5, 12, 15.875, 12.5 ],
        "texture" : "#AK47"
      },
      "up" : {
        "uv" : [ 3.375, 0.375, 3.5, 0 ],
        "texture" : "#AK47"
      }
    }
  }, {
    "from" : [ 8, 9.75, 0.375 ],
    "to" : [ 8.125, 10.25, 0.5 ],
    "faces" : {
      "north" : {
        "uv" : [ 4.625, 4, 4.5, 4.5 ],
        "texture" : "#AK47"
      },
      "east" : {
        "uv" : [ 4.625, 2, 4.5, 2.5 ],
        "texture" : "#AK47"
      },
      "south" : {
        "uv" : [ 4.5, 4.5, 4.625, 5 ],
        "texture" : "#AK47"
      },
      "west" : {
        "uv" : [ 4.5, 2.5, 4.625, 3 ],
        "texture" : "#AK47"
      },
      "up" : {
        "uv" : [ 15.875, 11.875, 16, 11.75 ],
        "texture" : "#AK47"
      }
    }
  }, {
    "from" : [ 8, 9.75, 0.5 ],
    "to" : [ 8.125, 10, 0.625 ],
    "faces" : {
      "east" : {
        "uv" : [ 4.75, 10.125, 4.625, 10.375 ],
        "texture" : "#AK47"
      },
      "south" : {
        "uv" : [ 4.5, 0.5, 4.625, 0.75 ],
        "texture" : "#AK47"
      },
      "west" : {
        "uv" : [ 4.625, 10.375, 4.75, 10.625 ],
        "texture" : "#AK47"
      },
      "up" : {
        "uv" : [ 15.875, 11.5, 16, 11.375 ],
        "texture" : "#AK47"
      }
    }
  }, {
    "from" : [ 8, 9.75, 2.375 ],
    "to" : [ 8.125, 10, 3.5 ],
    "faces" : {
      "north" : {
        "uv" : [ 4.75, 9.875, 4.625, 10.125 ],
        "texture" : "#AK47"
      },
      "east" : {
        "uv" : [ 5.875, 13.375, 4.75, 13.625 ],
        "texture" : "#AK47"
      },
      "west" : {
        "uv" : [ 14.625, 14.875, 15.75, 15.125 ],
        "texture" : "#AK47"
      },
      "up" : {
        "uv" : [ 4.5, 9.125, 4.625, 8 ],
        "texture" : "#AK47"
      },
      "down" : {
        "uv" : [ 4.5, 9.125, 4.625, 10.25 ],
        "texture" : "#AK47"
      }
    }
  }, {
    "from" : [ 8, 9.875, 7 ],
    "to" : [ 8.125, 10, 11.125 ],
    "faces" : {
      "east" : {
        "uv" : [ 15.5, 15.125, 11.375, 15.25 ],
        "texture" : "#AK47"
      },
      "south" : {
        "uv" : [ 14, 11.125, 14.125, 11.25 ],
        "texture" : "#AK47"
      },
      "west" : {
        "uv" : [ 3.5, 13.125, 7.625, 13.25 ],
        "texture" : "#AK47"
      },
      "up" : {
        "uv" : [ 3.375, 8.5, 3.5, 4.375 ],
        "texture" : "#AK47"
      }
    }
  }, {
    "from" : [ 8.125, 10.125, 7.125 ],
    "to" : [ 8.25, 10.25, 7.25 ],
    "faces" : {
      "north" : {
        "uv" : [ 14.75, 11.125, 14.625, 11.25 ],
        "texture" : "#AK47"
      },
      "east" : {
        "uv" : [ 15.125, 11.125, 15, 11.25 ],
        "texture" : "#AK47"
      },
      "south" : {
        "uv" : [ 14.75, 11.125, 14.875, 11.25 ],
        "texture" : "#AK47"
      },
      "west" : {
        "uv" : [ 14.875, 11.125, 15, 11.25 ],
        "texture" : "#AK47"
      },
      "up" : {
        "uv" : [ 4.625, 8.125, 4.75, 8 ],
        "texture" : "#AK47"
      }
    }
  }, {
    "from" : [ 8.25, 9.25, 11.5 ],
    "to" : [ 8.375, 9.5, 15.75 ],
    "faces" : {
      "east" : {
        "uv" : [ 15.625, 15.25, 11.375, 15.5 ],
        "texture" : "#AK47"
      },
      "west" : {
        "uv" : [ 1.875, 14.875, 6.125, 15.125 ],
        "texture" : "#AK47"
      },
      "up" : {
        "uv" : [ 0.5, 7.625, 0.625, 3.375 ],
        "texture" : "#AK47"
      },
      "down" : {
        "uv" : [ 3.125, 4.25, 3.25, 8.5 ],
        "texture" : "#AK47"
      }
    }
  }, {
    "from" : [ 8.375, 9.25, 7.25 ],
    "to" : [ 8.75, 9.5, 7.375 ],
    "faces" : {
      "north" : {
        "uv" : [ 13.375, 11.625, 13, 11.875 ],
        "texture" : "#AK47"
      },
      "east" : {
        "uv" : [ 13, 11.5, 12.875, 11.75 ],
        "texture" : "#AK47"
      },
      "south" : {
        "uv" : [ 13, 11.375, 13.375, 11.625 ],
        "texture" : "#AK47"
      },
      "up" : {
        "uv" : [ 12.5, 11.25, 12.875, 11.125 ],
        "texture" : "#AK47"
      },
      "down" : {
        "uv" : [ 12.125, 11.125, 12.5, 11.25 ],
        "texture" : "#AK47"
      }
    }
  } ],
  "display" : {
    "thirdperson_righthand" : {
      "translation" : [ 0, -0.25, -2.25 ],
      "scale" : [ 1.5, 1.5, 1.5 ]
    },
    "thirdperson_lefthand" : {
      "translation" : [ 0, -0.25, -2.25 ],
      "scale" : [ 1.5, 1.5, 1.5 ]
    },
    "firstperson_righthand" : {
      "translation" : [ -2, 3, 0 ],
      "scale" : [ 1.5, 1.5, 1.5 ]
    },
    "firstperson_lefthand" : {
      "translation" : [ -2, 3, 0 ],
      "scale" : [ 1.5, 1.5, 1.5 ]
    },
    "ground" : {
      "scale" : [ 1.5, 1.5, 1.5 ]
    },
    "gui" : {
      "scale" : [ 1.25, 1.25, 1.25 ],
      "rotation" : [ 90, 45, -90 ]
    },
    "head" : {
      "translation" : [ 0, 6.7, 0 ],
      "scale" : [ 2, 2, 2 ],
      "rotation" : [ 0, 0, 90 ]
    },
    "fixed" : {
      "rotation" : [ 0, 90, 0 ]
    }
  }
}
