{
  "textures" : {
    "Mosin" : "guns/mosin"
  },
  "credit" : "Designed by Nightshade73 with Cubik Studio - https://cubik.studio",
  "elements" : [ {
    "from" : [ 7.625, 8.25, 10.625 ],
    "to" : [ 8.75, 8.375, 10.75 ],
    "faces" : {
      "north" : {
        "uv" : [ 16, 15, 14.875, 15.125 ],
        "texture" : "#Mosin"
      },
      "east" : {
        "uv" : [ 10.375, 8.625, 10.25, 8.75 ],
        "texture" : "#Mosin"
      },
      "south" : {
        "uv" : [ 10.375, 13.625, 11.5, 13.75 ],
        "texture" : "#Mosin"
      },
      "west" : {
        "uv" : [ 10.25, 8.5, 10.375, 8.625 ],
        "texture" : "#Mosin"
      },
      "up" : {
        "uv" : [ 14.875, 15.25, 16, 15.125 ],
        "texture" : "#Mosin"
      },
      "down" : {
        "uv" : [ 14.125, 13.75, 15.25, 13.875 ],
        "texture" : "#Mosin"
      }
    }
  }, {
    "from" : [ 7.625, 8.25, 10.75 ],
    "to" : [ 8.5, 8.375, 10.875 ],
    "faces" : {
      "east" : {
        "uv" : [ 16, 13.5, 15.875, 13.625 ],
        "texture" : "#Mosin"
      },
      "south" : {
        "uv" : [ 14.125, 13.5, 15, 13.625 ],
        "texture" : "#Mosin"
      },
      "west" : {
        "uv" : [ 15.875, 13.25, 16, 13.375 ],
        "texture" : "#Mosin"
      },
      "up" : {
        "uv" : [ 14.125, 13.5, 15, 13.375 ],
        "texture" : "#Mosin"
      },
      "down" : {
        "uv" : [ 15, 13.5, 15.875, 13.625 ],
        "texture" : "#Mosin"
      }
    }
  }, {
    "from" : [ 7.625, 8.375, 10.625 ],
    "to" : [ 8.375, 8.5, 10.875 ],
    "faces" : {
      "north" : {
        "uv" : [ 11.75, 13.125, 11, 13.25 ],
        "texture" : "#Mosin"
      },
      "east" : {
        "uv" : [ 11.125, 10.875, 10.875, 11 ],
        "texture" : "#Mosin"
      },
      "south" : {
        "uv" : [ 15.125, 13.25, 15.875, 13.375 ],
        "texture" : "#Mosin"
      },
      "west" : {
        "uv" : [ 10.875, 10.75, 11.125, 10.875 ],
        "texture" : "#Mosin"
      },
      "up" : {
        "uv" : [ 8, 8.25, 8.75, 8 ],
        "texture" : "#Mosin"
      },
      "down" : {
        "uv" : [ 9.625, 10.5, 10.375, 10.75 ],
        "texture" : "#Mosin"
      }
    }
  }, {
    "from" : [ 7.75, 6.25, 15.125 ],
    "to" : [ 8.5, 7.75, 16 ],
    "faces" : {
      "north" : {
        "uv" : [ 3.25, 9.25, 2.5, 10.75 ],
        "texture" : "#Mosin"
      },
      "east" : {
        "uv" : [ 4.625, 14.25, 3.75, 15.75 ],
        "texture" : "#Mosin"
      },
      "south" : {
        "uv" : [ 2.5, 10.75, 3.25, 12.25 ],
        "texture" : "#Mosin",
        "cullface" : "south"
      },
      "west" : {
        "uv" : [ 3.75, 12.75, 4.625, 14.25 ],
        "texture" : "#Mosin"
      },
      "up" : {
        "uv" : [ 4.625, 9.25, 5.375, 8.375 ],
        "texture" : "#Mosin"
      },
      "down" : {
        "uv" : [ 7.25, 13.5, 8, 14.375 ],
        "texture" : "#Mosin"
      }
    }
  }, {
    "from" : [ 7.75, 6.375, 14.875 ],
    "to" : [ 8.5, 7.75, 15.125 ],
    "faces" : {
      "north" : {
        "uv" : [ 4.5, 11.375, 3.75, 12.75 ],
        "texture" : "#Mosin"
      },
      "east" : {
        "uv" : [ 2, 8.25, 1.75, 9.625 ],
        "texture" : "#Mosin"
      },
      "west" : {
        "uv" : [ 1.5, 8.25, 1.75, 9.625 ],
        "texture" : "#Mosin"
      },
      "up" : {
        "uv" : [ 9.625, 11, 10.375, 10.75 ],
        "texture" : "#Mosin"
      },
      "down" : {
        "uv" : [ 9.625, 10.25, 10.375, 10.5 ],
        "texture" : "#Mosin"
      }
    }
  }, {
    "from" : [ 7.75, 6.5, 14.5 ],
    "to" : [ 8.5, 7.75, 14.875 ],
    "faces" : {
      "north" : {
        "uv" : [ 3.25, 8, 2.5, 9.25 ],
        "texture" : "#Mosin"
      },
      "east" : {
        "uv" : [ 9.125, 13.75, 8.75, 15 ],
        "texture" : "#Mosin"
      },
      "west" : {
        "uv" : [ 6.75, 8.375, 7.125, 9.625 ],
        "texture" : "#Mosin"
      },
      "up" : {
        "uv" : [ 9.625, 13.5, 10.375, 13.125 ],
        "texture" : "#Mosin"
      },
      "down" : {
        "uv" : [ 9.625, 12.75, 10.375, 13.125 ],
        "texture" : "#Mosin"
      }
    }
  }, {
    "from" : [ 7.75, 6.625, 14.125 ],
    "to" : [ 8.5, 7.75, 14.5 ],
    "faces" : {
      "north" : {
        "uv" : [ 5.375, 12.5, 4.625, 13.625 ],
        "texture" : "#Mosin"
      },
      "east" : {
        "uv" : [ 6.5, 13.625, 6.125, 14.75 ],
        "texture" : "#Mosin"
      },
      "west" : {
        "uv" : [ 6.125, 12.5, 6.5, 13.625 ],
        "texture" : "#Mosin"
      },
      "up" : {
        "uv" : [ 14.125, 14.25, 14.875, 13.875 ],
        "texture" : "#Mosin"
      },
      "down" : {
        "uv" : [ 14.875, 13.875, 15.625, 14.25 ],
        "texture" : "#Mosin"
      }
    }
  }, {
    "from" : [ 7.75, 6.75, 13.75 ],
    "to" : [ 8.5, 7.75, 14.125 ],
    "faces" : {
      "north" : {
        "uv" : [ 5.375, 11.5, 4.625, 12.5 ],
        "texture" : "#Mosin"
      },
      "east" : {
        "uv" : [ 6.5, 10.5, 6.125, 11.5 ],
        "texture" : "#Mosin"
      },
      "west" : {
        "uv" : [ 6.125, 11.5, 6.5, 12.5 ],
        "texture" : "#Mosin"
      },
      "up" : {
        "uv" : [ 10.375, 14.25, 11.125, 13.875 ],
        "texture" : "#Mosin"
      },
      "down" : {
        "uv" : [ 12.625, 13.875, 13.375, 14.25 ],
        "texture" : "#Mosin"
      }
    }
  }, {
    "from" : [ 7.75, 6.875, 13.375 ],
    "to" : [ 8.5, 7.75, 13.75 ],
    "faces" : {
      "north" : {
        "uv" : [ 6.125, 8.375, 5.375, 9.25 ],
        "texture" : "#Mosin"
      },
      "east" : {
        "uv" : [ 6.5, 8.375, 6.125, 9.25 ],
        "texture" : "#Mosin"
      },
      "west" : {
        "uv" : [ 8.75, 12.875, 9.125, 13.75 ],
        "texture" : "#Mosin"
      },
      "up" : {
        "uv" : [ 4.625, 8.375, 5.375, 8 ],
        "texture" : "#Mosin"
      },
      "down" : {
        "uv" : [ 9.625, 13.875, 10.375, 14.25 ],
        "texture" : "#Mosin"
      }
    }
  }, {
    "from" : [ 7.75, 7, 13 ],
    "to" : [ 8.5, 7.75, 13.375 ],
    "faces" : {
      "north" : {
        "uv" : [ 8.75, 13.75, 8, 14.5 ],
        "texture" : "#Mosin"
      },
      "east" : {
        "uv" : [ 9.125, 9.375, 8.75, 10.125 ],
        "texture" : "#Mosin"
      },
      "west" : {
        "uv" : [ 8.75, 8.625, 9.125, 9.375 ],
        "texture" : "#Mosin"
      },
      "up" : {
        "uv" : [ 9.625, 13.875, 10.375, 13.5 ],
        "texture" : "#Mosin"
      },
      "down" : {
        "uv" : [ 9.625, 11.625, 10.375, 12 ],
        "texture" : "#Mosin"
      }
    }
  }, {
    "from" : [ 7.75, 7.125, 12.625 ],
    "to" : [ 8.5, 7.75, 13 ],
    "faces" : {
      "north" : {
        "uv" : [ 8.75, 10.25, 8, 10.875 ],
        "texture" : "#Mosin"
      },
      "east" : {
        "uv" : [ 9.5, 10.5, 9.125, 11.125 ],
        "texture" : "#Mosin"
      },
      "west" : {
        "uv" : [ 8.75, 8, 9.125, 8.625 ],
        "texture" : "#Mosin"
      },
      "up" : {
        "uv" : [ 11.875, 14.25, 12.625, 13.875 ],
        "texture" : "#Mosin"
      },
      "down" : {
        "uv" : [ 13.375, 13.875, 14.125, 14.25 ],
        "texture" : "#Mosin"
      }
    }
  }, {
    "from" : [ 7.75, 7.25, 12.25 ],
    "to" : [ 8.5, 8, 12.625 ],
    "faces" : {
      "north" : {
        "uv" : [ 8.75, 11.5, 8, 12.25 ],
        "texture" : "#Mosin"
      },
      "east" : {
        "uv" : [ 9.125, 10.125, 8.75, 10.875 ],
        "texture" : "#Mosin"
      },
      "south" : {
        "uv" : [ 8, 13, 8.75, 13.75 ],
        "texture" : "#Mosin"
      },
      "west" : {
        "uv" : [ 8.75, 10.875, 9.125, 11.625 ],
        "texture" : "#Mosin"
      },
      "up" : {
        "uv" : [ 9.625, 12.75, 10.375, 12.375 ],
        "texture" : "#Mosin"
      },
      "down" : {
        "uv" : [ 9.625, 12, 10.375, 12.375 ],
        "texture" : "#Mosin"
      }
    }
  }, {
    "from" : [ 7.75, 7.375, 11.75 ],
    "to" : [ 8.5, 8.125, 12.25 ],
    "faces" : {
      "north" : {
        "uv" : [ 8, 8.5, 7.25, 9.25 ],
        "texture" : "#Mosin"
      },
      "east" : {
        "uv" : [ 8.5, 8.25, 8, 9 ],
        "texture" : "#Mosin"
      },
      "south" : {
        "uv" : [ 8, 12.25, 8.75, 13 ],
        "texture" : "#Mosin"
      },
      "west" : {
        "uv" : [ 9.125, 14.25, 9.625, 15 ],
        "texture" : "#Mosin"
      },
      "up" : {
        "uv" : [ 9.625, 15, 10.375, 14.5 ],
        "texture" : "#Mosin"
      },
      "down" : {
        "uv" : [ 7.25, 8, 8, 8.5 ],
        "texture" : "#Mosin"
      }
    }
  }, {
    "from" : [ 7.75, 7.5, 11.5 ],
    "to" : [ 8.5, 8.25, 11.75 ],
    "faces" : {
      "north" : {
        "uv" : [ 8, 10.75, 7.25, 11.5 ],
        "texture" : "#Mosin"
      },
      "east" : {
        "uv" : [ 3.75, 8, 3.5, 8.75 ],
        "texture" : "#Mosin"
      },
      "south" : {
        "uv" : [ 3.75, 8, 4.5, 8.75 ],
        "texture" : "#Mosin"
      },
      "west" : {
        "uv" : [ 3.25, 8, 3.5, 8.75 ],
        "texture" : "#Mosin"
      },
      "up" : {
        "uv" : [ 9.625, 10.25, 10.375, 10 ],
        "texture" : "#Mosin"
      },
      "down" : {
        "uv" : [ 9.625, 11, 10.375, 11.25 ],
        "texture" : "#Mosin"
      }
    }
  }, {
    "from" : [ 7.75, 7.75, 8.5 ],
    "to" : [ 8.5, 8.375, 9.625 ],
    "faces" : {
      "north" : {
        "uv" : [ 8.75, 9, 8, 9.625 ],
        "texture" : "#Mosin"
      },
      "east" : {
        "uv" : [ 5.75, 9.25, 4.625, 9.875 ],
        "texture" : "#Mosin"
      },
      "south" : {
        "uv" : [ 5.75, 9.875, 6.5, 10.5 ],
        "texture" : "#Mosin"
      },
      "west" : {
        "uv" : [ 4.625, 9.875, 5.75, 10.5 ],
        "texture" : "#Mosin"
      },
      "up" : {
        "uv" : [ 4.625, 14.75, 5.375, 13.625 ],
        "texture" : "#Mosin"
      },
      "down" : {
        "uv" : [ 5.375, 13.625, 6.125, 14.75 ],
        "texture" : "#Mosin"
      }
    }
  }, {
    "from" : [ 7.75, 7.75, 9.625 ],
    "to" : [ 8.5, 8.25, 11.5 ],
    "faces" : {
      "east" : {
        "uv" : [ 6.5, 14.75, 4.625, 15.25 ],
        "texture" : "#Mosin"
      },
      "west" : {
        "uv" : [ 4.625, 15.25, 6.5, 15.75 ],
        "texture" : "#Mosin"
      },
      "up" : {
        "uv" : [ 2.5, 16, 3.25, 14.125 ],
        "texture" : "#Mosin"
      },
      "down" : {
        "uv" : [ 2.5, 12.25, 3.25, 14.125 ],
        "texture" : "#Mosin"
      }
    }
  }, {
    "from" : [ 7.75, 7.875, 7.75 ],
    "to" : [ 8.5, 8.375, 8.5 ],
    "faces" : {
      "north" : {
        "uv" : [ 13.625, 14.5, 12.875, 15 ],
        "texture" : "#Mosin"
      },
      "east" : {
        "uv" : [ 15.875, 14.5, 15.125, 15 ],
        "texture" : "#Mosin"
      },
      "west" : {
        "uv" : [ 14.375, 14.5, 15.125, 15 ],
        "texture" : "#Mosin"
      },
      "up" : {
        "uv" : [ 7.25, 10.75, 8, 10 ],
        "texture" : "#Mosin"
      },
      "down" : {
        "uv" : [ 7.25, 9.25, 8, 10 ],
        "texture" : "#Mosin"
      }
    }
  }, {
    "from" : [ 7.75, 8, 6.75 ],
    "to" : [ 8.5, 8.375, 7.75 ],
    "faces" : {
      "north" : {
        "uv" : [ 11.875, 13.875, 11.125, 14.25 ],
        "texture" : "#Mosin"
      },
      "east" : {
        "uv" : [ 12.875, 14.625, 11.875, 15 ],
        "texture" : "#Mosin"
      },
      "west" : {
        "uv" : [ 5.375, 8, 6.375, 8.375 ],
        "texture" : "#Mosin"
      },
      "up" : {
        "uv" : [ 4.625, 11.5, 5.375, 10.5 ],
        "texture" : "#Mosin"
      },
      "down" : {
        "uv" : [ 5.375, 11.5, 6.125, 12.5 ],
        "texture" : "#Mosin"
      }
    }
  }, {
    "from" : [ 7.75, 8.25, 9.625 ],
    "to" : [ 8.375, 8.375, 10.625 ],
    "faces" : {
      "east" : {
        "uv" : [ 13.5, 13.625, 12.5, 13.75 ],
        "texture" : "#Mosin"
      },
      "west" : {
        "uv" : [ 11.5, 13.625, 12.5, 13.75 ],
        "texture" : "#Mosin"
      },
      "up" : {
        "uv" : [ 7.25, 12.5, 7.875, 11.5 ],
        "texture" : "#Mosin"
      }
    }
  }, {
    "from" : [ 7.75, 8.25, 10.875 ],
    "to" : [ 8.5, 8.375, 11.5 ],
    "faces" : {
      "east" : {
        "uv" : [ 13.625, 13, 13, 13.125 ],
        "texture" : "#Mosin"
      },
      "south" : {
        "uv" : [ 14.375, 13.25, 15.125, 13.375 ],
        "texture" : "#Mosin"
      },
      "west" : {
        "uv" : [ 13, 13.125, 13.625, 13.25 ],
        "texture" : "#Mosin"
      },
      "up" : {
        "uv" : [ 5.75, 9.875, 6.5, 9.25 ],
        "texture" : "#Mosin"
      }
    }
  }, {
    "from" : [ 7.75, 9.125, 10.75 ],
    "to" : [ 8.375, 9.375, 11 ],
    "faces" : {
      "north" : {
        "uv" : [ 10.25, 8.625, 9.625, 8.875 ],
        "texture" : "#Mosin"
      },
      "east" : {
        "uv" : [ 10.875, 8.5, 10.625, 8.75 ],
        "texture" : "#Mosin"
      },
      "south" : {
        "uv" : [ 9.625, 8.375, 10.25, 8.625 ],
        "texture" : "#Mosin"
      },
      "west" : {
        "uv" : [ 10.625, 8.75, 10.875, 9 ],
        "texture" : "#Mosin"
      },
      "up" : {
        "uv" : [ 9.625, 9.125, 10.25, 8.875 ],
        "texture" : "#Mosin"
      },
      "down" : {
        "uv" : [ 9.625, 9.125, 10.25, 9.375 ],
        "texture" : "#Mosin"
      }
    }
  }, {
    "from" : [ 7.875, 7.625, 8.5 ],
    "to" : [ 8.375, 7.75, 11.5 ],
    "faces" : {
      "north" : {
        "uv" : [ 16, 15.375, 15.5, 15.5 ],
        "texture" : "#Mosin"
      },
      "east" : {
        "uv" : [ 15.875, 15.5, 12.875, 15.625 ],
        "texture" : "#Mosin"
      },
      "west" : {
        "uv" : [ 12.875, 15.625, 15.875, 15.75 ],
        "texture" : "#Mosin"
      },
      "up" : {
        "uv" : [ 2, 16, 2.5, 13 ],
        "texture" : "#Mosin"
      },
      "down" : {
        "uv" : [ 2, 10, 2.5, 13 ],
        "texture" : "#Mosin"
      }
    }
  }, {
    "from" : [ 7.875, 7.75, 7.75 ],
    "to" : [ 8.375, 7.875, 8.5 ],
    "faces" : {
      "north" : {
        "uv" : [ 9.625, 8, 9.125, 8.125 ],
        "texture" : "#Mosin"
      },
      "east" : {
        "uv" : [ 15.75, 13.375, 15, 13.5 ],
        "texture" : "#Mosin"
      },
      "west" : {
        "uv" : [ 15.25, 13.75, 16, 13.875 ],
        "texture" : "#Mosin"
      },
      "down" : {
        "uv" : [ 9.125, 12.75, 9.625, 13.5 ],
        "texture" : "#Mosin"
      }
    }
  }, {
    "from" : [ 7.875, 7.75, 12.625 ],
    "to" : [ 8.375, 7.875, 14.875 ],
    "faces" : {
      "east" : {
        "uv" : [ 14.875, 15, 12.625, 15.125 ],
        "texture" : "#Mosin"
      },
      "south" : {
        "uv" : [ 13.625, 13, 14.125, 13.125 ],
        "texture" : "#Mosin"
      },
      "west" : {
        "uv" : [ 12.625, 15.125, 14.875, 15.25 ],
        "texture" : "#Mosin"
      },
      "up" : {
        "uv" : [ 0, 10.625, 0.5, 8.375 ],
        "texture" : "#Mosin"
      },
      "down" : {
        "uv" : [ 0.5, 8.375, 1, 10.625 ],
        "texture" : "#Mosin"
      }
    }
  }, {
    "from" : [ 7.875, 7.875, 6.75 ],
    "to" : [ 8.375, 8, 7.75 ],
    "faces" : {
      "north" : {
        "uv" : [ 14.625, 13.125, 14.125, 13.25 ],
        "texture" : "#Mosin"
      },
      "east" : {
        "uv" : [ 12.875, 14.5, 11.875, 14.625 ],
        "texture" : "#Mosin"
      },
      "west" : {
        "uv" : [ 13.5, 13.625, 14.5, 13.75 ],
        "texture" : "#Mosin"
      },
      "down" : {
        "uv" : [ 6.75, 9.625, 7.25, 10.625 ],
        "texture" : "#Mosin"
      }
    }
  }, {
    "from" : [ 7.875, 8, 6.625 ],
    "to" : [ 8.375, 8.5, 6.75 ],
    "faces" : {
      "north" : {
        "uv" : [ 9.625, 11.625, 9.125, 12.125 ],
        "texture" : "#Mosin"
      },
      "east" : {
        "uv" : [ 4.625, 9, 4.5, 9.5 ],
        "texture" : "#Mosin"
      },
      "south" : {
        "uv" : [ 9.125, 11.125, 9.625, 11.625 ],
        "texture" : "#Mosin"
      },
      "west" : {
        "uv" : [ 4.5, 9.5, 4.625, 10 ],
        "texture" : "#Mosin"
      },
      "up" : {
        "uv" : [ 14.625, 13.125, 15.125, 13 ],
        "texture" : "#Mosin"
      },
      "down" : {
        "uv" : [ 14.625, 13.125, 15.125, 13.25 ],
        "texture" : "#Mosin"
      }
    }
  }, {
    "from" : [ 7.875, 8.125, 1.25 ],
    "to" : [ 8.375, 8.375, 6.625 ],
    "faces" : {
      "north" : {
        "uv" : [ 12.625, 13.375, 12.125, 13.625 ],
        "texture" : "#Mosin"
      },
      "east" : {
        "uv" : [ 14.5, 15.75, 9.125, 16 ],
        "texture" : "#Mosin"
      },
      "west" : {
        "uv" : [ 3.75, 15.75, 9.125, 16 ],
        "texture" : "#Mosin"
      },
      "up" : {
        "uv" : [ 0.5, 16, 1, 10.625 ],
        "texture" : "#Mosin"
      },
      "down" : {
        "uv" : [ 0, 10.625, 0.5, 16 ],
        "texture" : "#Mosin"
      }
    }
  }, {
    "from" : [ 7.875, 8.125, 11.75 ],
    "to" : [ 8.375, 8.5, 11.875 ],
    "faces" : {
      "north" : {
        "uv" : [ 7.25, 8, 6.75, 8.375 ],
        "texture" : "#Mosin"
      },
      "east" : {
        "uv" : [ 6.5, 8, 6.375, 8.375 ],
        "texture" : "#Mosin"
      },
      "south" : {
        "uv" : [ 9.125, 8.375, 9.625, 8.75 ],
        "texture" : "#Mosin"
      },
      "west" : {
        "uv" : [ 7.875, 12.625, 8, 13 ],
        "texture" : "#Mosin"
      },
      "up" : {
        "uv" : [ 15.125, 13.125, 15.625, 13 ],
        "texture" : "#Mosin"
      }
    }
  }, {
    "from" : [ 7.875, 8.25, 11.5 ],
    "to" : [ 8.375, 8.5, 11.625 ],
    "faces" : {
      "north" : {
        "uv" : [ 1.5, 8, 1, 8.25 ],
        "texture" : "#Mosin"
      },
      "east" : {
        "uv" : [ 4.625, 8.75, 4.5, 9 ],
        "texture" : "#Mosin"
      },
      "south" : {
        "uv" : [ 9.125, 8.125, 9.625, 8.375 ],
        "texture" : "#Mosin"
      },
      "west" : {
        "uv" : [ 4.5, 8, 4.625, 8.25 ],
        "texture" : "#Mosin"
      },
      "up" : {
        "uv" : [ 11.375, 13, 11.875, 12.875 ],
        "texture" : "#Mosin"
      }
    }
  }, {
    "from" : [ 7.875, 8.375, 6.75 ],
    "to" : [ 8.375, 8.5, 10.625 ],
    "faces" : {
      "east" : {
        "uv" : [ 12.625, 15.125, 8.75, 15.25 ],
        "texture" : "#Mosin"
      },
      "west" : {
        "uv" : [ 8.75, 15, 12.625, 15.125 ],
        "texture" : "#Mosin"
      },
      "up" : {
        "uv" : [ 1, 16, 1.5, 12.125 ],
        "texture" : "#Mosin"
      },
      "down" : {
        "uv" : [ 1, 8.25, 1.5, 12.125 ],
        "texture" : "#Mosin"
      }
    }
  }, {
    "from" : [ 7.875, 8.375, 10.875 ],
    "to" : [ 8.375, 8.5, 11.5 ],
    "faces" : {
      "east" : {
        "uv" : [ 11.625, 13, 11, 13.125 ],
        "texture" : "#Mosin"
      },
      "west" : {
        "uv" : [ 15.375, 13.625, 16, 13.75 ],
        "texture" : "#Mosin"
      },
      "up" : {
        "uv" : [ 9.125, 12.75, 9.625, 12.125 ],
        "texture" : "#Mosin"
      }
    }
  }, {
    "from" : [ 7.875, 8.5, 8 ],
    "to" : [ 8.375, 8.625, 8.125 ],
    "faces" : {
      "north" : {
        "uv" : [ 12.375, 12.75, 11.875, 12.875 ],
        "texture" : "#Mosin"
      },
      "east" : {
        "uv" : [ 9.625, 10.25, 9.5, 10.375 ],
        "texture" : "#Mosin"
      },
      "south" : {
        "uv" : [ 12.375, 12.75, 12.875, 12.875 ],
        "texture" : "#Mosin"
      },
      "west" : {
        "uv" : [ 9.5, 10.375, 9.625, 10.5 ],
        "texture" : "#Mosin"
      },
      "up" : {
        "uv" : [ 11.375, 12.875, 11.875, 12.75 ],
        "texture" : "#Mosin"
      }
    }
  }, {
    "from" : [ 7.875, 8.625, 8 ],
    "to" : [ 8, 8.75, 8.125 ],
    "faces" : {
      "north" : {
        "uv" : [ 8, 12.5, 7.875, 12.625 ],
        "texture" : "#Mosin"
      },
      "east" : {
        "uv" : [ 10.375, 9.125, 10.25, 9.25 ],
        "texture" : "#Mosin"
      },
      "south" : {
        "uv" : [ 9.5, 10.75, 9.625, 10.875 ],
        "texture" : "#Mosin"
      },
      "west" : {
        "uv" : [ 9.5, 10.625, 9.625, 10.75 ],
        "texture" : "#Mosin"
      },
      "up" : {
        "uv" : [ 10.25, 9, 10.375, 8.875 ],
        "texture" : "#Mosin"
      }
    }
  }, {
    "from" : [ 7.875, 9.125, 9.375 ],
    "to" : [ 8.375, 9.375, 10.75 ],
    "faces" : {
      "north" : {
        "uv" : [ 12.125, 13.375, 11.625, 13.625 ],
        "texture" : "#Mosin"
      },
      "east" : {
        "uv" : [ 11, 14.25, 9.625, 14.5 ],
        "texture" : "#Mosin"
      },
      "west" : {
        "uv" : [ 14.5, 15.75, 15.875, 16 ],
        "texture" : "#Mosin"
      },
      "up" : {
        "uv" : [ 6.75, 15.5, 7.25, 14.125 ],
        "texture" : "#Mosin"
      },
      "down" : {
        "uv" : [ 2, 8.625, 2.5, 10 ],
        "texture" : "#Mosin"
      }
    }
  }, {
    "from" : [ 7.875, 9.125, 11 ],
    "to" : [ 8.375, 9.375, 12.25 ],
    "faces" : {
      "east" : {
        "uv" : [ 13.5, 14.25, 12.25, 14.5 ],
        "texture" : "#Mosin"
      },
      "south" : {
        "uv" : [ 9.625, 8.125, 10.125, 8.375 ],
        "texture" : "#Mosin"
      },
      "west" : {
        "uv" : [ 13.5, 14.25, 14.75, 14.5 ],
        "texture" : "#Mosin"
      },
      "up" : {
        "uv" : [ 6.75, 12.875, 7.25, 11.625 ],
        "texture" : "#Mosin"
      },
      "down" : {
        "uv" : [ 6.75, 12.875, 7.25, 14.125 ],
        "texture" : "#Mosin"
      }
    }
  }, {
    "from" : [ 8, 7.125, 10.625 ],
    "to" : [ 8.25, 7.625, 11 ],
    "faces" : {
      "north" : {
        "uv" : [ 6.75, 8, 6.5, 8.5 ],
        "texture" : "#Mosin"
      },
      "east" : {
        "uv" : [ 9.5, 10, 9.125, 10.5 ],
        "texture" : "#Mosin"
      },
      "south" : {
        "uv" : [ 10.375, 13.125, 10.625, 13.625 ],
        "texture" : "#Mosin"
      },
      "west" : {
        "uv" : [ 9.125, 8.75, 9.5, 9.25 ],
        "texture" : "#Mosin"
      },
      "down" : {
        "uv" : [ 10.625, 12.625, 10.875, 13 ],
        "texture" : "#Mosin"
      }
    }
  }, {
    "from" : [ 8, 7.125, 11 ],
    "to" : [ 8.25, 7.25, 11.625 ],
    "faces" : {
      "east" : {
        "uv" : [ 12.375, 13, 11.75, 13.125 ],
        "texture" : "#Mosin"
      },
      "south" : {
        "uv" : [ 10.875, 12, 11.125, 12.125 ],
        "texture" : "#Mosin"
      },
      "west" : {
        "uv" : [ 11.75, 13.125, 12.375, 13.25 ],
        "texture" : "#Mosin"
      },
      "up" : {
        "uv" : [ 9.375, 10, 9.625, 9.375 ],
        "texture" : "#Mosin"
      },
      "down" : {
        "uv" : [ 10.125, 9.375, 10.375, 10 ],
        "texture" : "#Mosin"
      }
    }
  }, {
    "from" : [ 8, 7.25, 10.125 ],
    "to" : [ 8.25, 7.625, 10.625 ],
    "faces" : {
      "north" : {
        "uv" : [ 10.375, 8, 10.125, 8.375 ],
        "texture" : "#Mosin"
      },
      "east" : {
        "uv" : [ 1, 8, 0.5, 8.375 ],
        "texture" : "#Mosin"
      },
      "west" : {
        "uv" : [ 0, 8, 0.5, 8.375 ],
        "texture" : "#Mosin"
      },
      "down" : {
        "uv" : [ 10.375, 12.625, 10.625, 13.125 ],
        "texture" : "#Mosin"
      }
    }
  }, {
    "from" : [ 8, 7.25, 11.25 ],
    "to" : [ 8.25, 7.375, 11.75 ],
    "faces" : {
      "north" : {
        "uv" : [ 11.125, 8.125, 10.875, 8.25 ],
        "texture" : "#Mosin"
      },
      "east" : {
        "uv" : [ 14.875, 12.875, 14.375, 13 ],
        "texture" : "#Mosin"
      },
      "south" : {
        "uv" : [ 10.875, 8, 11.125, 8.125 ],
        "texture" : "#Mosin"
      },
      "west" : {
        "uv" : [ 13.875, 12.875, 14.375, 13 ],
        "texture" : "#Mosin"
      },
      "up" : {
        "uv" : [ 10.375, 10.625, 10.625, 10.125 ],
        "texture" : "#Mosin"
      },
      "down" : {
        "uv" : [ 10.375, 10.625, 10.625, 11.125 ],
        "texture" : "#Mosin"
      }
    }
  }, {
    "from" : [ 8, 7.375, 9.625 ],
    "to" : [ 8.25, 7.625, 10.125 ],
    "faces" : {
      "north" : {
        "uv" : [ 10.875, 10.75, 10.625, 11 ],
        "texture" : "#Mosin"
      },
      "east" : {
        "uv" : [ 14.125, 13.375, 13.625, 13.625 ],
        "texture" : "#Mosin"
      },
      "west" : {
        "uv" : [ 13.125, 13.375, 13.625, 13.625 ],
        "texture" : "#Mosin"
      },
      "down" : {
        "uv" : [ 10.375, 9.625, 10.625, 10.125 ],
        "texture" : "#Mosin"
      }
    }
  }, {
    "from" : [ 8, 7.375, 11.375 ],
    "to" : [ 8.25, 7.625, 11.5 ],
    "faces" : {
      "north" : {
        "uv" : [ 10.875, 10.25, 10.625, 10.5 ],
        "texture" : "#Mosin"
      },
      "east" : {
        "uv" : [ 8, 11.75, 7.875, 12 ],
        "texture" : "#Mosin"
      },
      "south" : {
        "uv" : [ 10.625, 10, 10.875, 10.25 ],
        "texture" : "#Mosin"
      },
      "west" : {
        "uv" : [ 7.875, 12, 8, 12.25 ],
        "texture" : "#Mosin"
      }
    }
  }, {
    "from" : [ 8, 7.375, 11.5 ],
    "to" : [ 8.25, 7.5, 11.75 ],
    "faces" : {
      "east" : {
        "uv" : [ 11.125, 11, 10.875, 11.125 ],
        "texture" : "#Mosin"
      },
      "west" : {
        "uv" : [ 10.875, 11.125, 11.125, 11.25 ],
        "texture" : "#Mosin"
      }
    }
  }, {
    "from" : [ 8, 7.5, 9.25 ],
    "to" : [ 8.25, 7.625, 9.625 ],
    "faces" : {
      "north" : {
        "uv" : [ 11.125, 10.625, 10.875, 10.75 ],
        "texture" : "#Mosin"
      },
      "east" : {
        "uv" : [ 16, 13.875, 15.625, 14 ],
        "texture" : "#Mosin"
      },
      "west" : {
        "uv" : [ 12.875, 12.75, 13.25, 12.875 ],
        "texture" : "#Mosin"
      },
      "down" : {
        "uv" : [ 10.375, 8.375, 10.625, 8.75 ],
        "texture" : "#Mosin"
      }
    }
  }, {
    "from" : [ 8, 7.875, 6.625 ],
    "to" : [ 8.25, 8, 6.75 ],
    "faces" : {
      "north" : {
        "uv" : [ 11.125, 9.5, 10.875, 9.625 ],
        "texture" : "#Mosin"
      },
      "east" : {
        "uv" : [ 10.375, 8.375, 10.25, 8.5 ],
        "texture" : "#Mosin"
      },
      "west" : {
        "uv" : [ 10.25, 8.75, 10.375, 8.875 ],
        "texture" : "#Mosin"
      },
      "down" : {
        "uv" : [ 10.875, 10.25, 11.125, 10.375 ],
        "texture" : "#Mosin"
      }
    }
  }, {
    "from" : [ 8, 8, 0.25 ],
    "to" : [ 8.25, 8.125, 6.625 ],
    "faces" : {
      "north" : {
        "uv" : [ 11.125, 8.875, 10.875, 9 ],
        "texture" : "#Mosin"
      },
      "east" : {
        "uv" : [ 12.875, 15.625, 6.5, 15.75 ],
        "texture" : "#Mosin"
      },
      "west" : {
        "uv" : [ 6.5, 15.5, 12.875, 15.625 ],
        "texture" : "#Mosin"
      },
      "up" : {
        "uv" : [ 1.5, 16, 1.75, 9.625 ],
        "texture" : "#Mosin"
      },
      "down" : {
        "uv" : [ 1.75, 9.625, 2, 16 ],
        "texture" : "#Mosin"
      }
    }
  }, {
    "from" : [ 8, 8.25, 0 ],
    "to" : [ 8.25, 8.5, 1.25 ],
    "faces" : {
      "north" : {
        "uv" : [ 1.75, 8, 1.5, 8.25 ],
        "texture" : "#Mosin",
        "cullface" : "north"
      },
      "east" : {
        "uv" : [ 16, 14.25, 14.75, 14.5 ],
        "texture" : "#Mosin"
      },
      "south" : {
        "uv" : [ 1.75, 8, 2, 8.25 ],
        "texture" : "#Mosin"
      },
      "west" : {
        "uv" : [ 11, 14.25, 12.25, 14.5 ],
        "texture" : "#Mosin"
      },
      "up" : {
        "uv" : [ 8.75, 12.875, 9, 11.625 ],
        "texture" : "#Mosin"
      },
      "down" : {
        "uv" : [ 6.5, 8.5, 6.75, 9.75 ],
        "texture" : "#Mosin"
      }
    }
  }, {
    "from" : [ 8, 8.25, 11.625 ],
    "to" : [ 8.25, 8.375, 11.75 ],
    "faces" : {
      "east" : {
        "uv" : [ 16, 15.5, 15.875, 15.625 ],
        "texture" : "#Mosin"
      },
      "west" : {
        "uv" : [ 15.875, 15.625, 16, 15.75 ],
        "texture" : "#Mosin"
      },
      "up" : {
        "uv" : [ 15.75, 13.5, 16, 13.375 ],
        "texture" : "#Mosin"
      }
    }
  }, {
    "from" : [ 8, 8.375, 1.25 ],
    "to" : [ 8.25, 8.5, 6.625 ],
    "faces" : {
      "east" : {
        "uv" : [ 12.625, 15.25, 7.25, 15.375 ],
        "texture" : "#Mosin"
      },
      "west" : {
        "uv" : [ 7.25, 15.375, 12.625, 15.5 ],
        "texture" : "#Mosin"
      },
      "up" : {
        "uv" : [ 3.5, 16, 3.75, 10.625 ],
        "texture" : "#Mosin"
      }
    }
  }, {
    "from" : [ 8, 8.5, 0.375 ],
    "to" : [ 8.25, 8.625, 0.5 ],
    "faces" : {
      "north" : {
        "uv" : [ 15.75, 12.75, 15.5, 12.875 ],
        "texture" : "#Mosin"
      },
      "east" : {
        "uv" : [ 9.625, 10.5, 9.5, 10.625 ],
        "texture" : "#Mosin"
      },
      "south" : {
        "uv" : [ 15.75, 12.75, 16, 12.875 ],
        "texture" : "#Mosin"
      },
      "west" : {
        "uv" : [ 10.25, 9.25, 10.375, 9.375 ],
        "texture" : "#Mosin"
      },
      "up" : {
        "uv" : [ 15.25, 12.875, 15.5, 12.75 ],
        "texture" : "#Mosin"
      }
    }
  }, {
    "from" : [ 8, 8.5, 7.25 ],
    "to" : [ 8.25, 8.625, 8 ],
    "faces" : {
      "north" : {
        "uv" : [ 11.125, 12.625, 10.875, 12.75 ],
        "texture" : "#Mosin"
      },
      "east" : {
        "uv" : [ 13.625, 13.25, 12.875, 13.375 ],
        "texture" : "#Mosin"
      },
      "west" : {
        "uv" : [ 12.125, 13.25, 12.875, 13.375 ],
        "texture" : "#Mosin"
      },
      "up" : {
        "uv" : [ 9.125, 10, 9.375, 9.25 ],
        "texture" : "#Mosin"
      }
    }
  }, {
    "from" : [ 8, 8.5, 8.125 ],
    "to" : [ 8.25, 8.625, 8.375 ],
    "faces" : {
      "east" : {
        "uv" : [ 11.125, 11.5, 10.875, 11.625 ],
        "texture" : "#Mosin"
      },
      "south" : {
        "uv" : [ 10.875, 11.75, 11.125, 11.875 ],
        "texture" : "#Mosin"
      },
      "west" : {
        "uv" : [ 10.875, 11.625, 11.125, 11.75 ],
        "texture" : "#Mosin"
      },
      "up" : {
        "uv" : [ 10.625, 12.25, 10.875, 12 ],
        "texture" : "#Mosin"
      }
    }
  }, {
    "from" : [ 8, 8.5, 9.625 ],
    "to" : [ 8.125, 9.125, 9.875 ],
    "faces" : {
      "north" : {
        "uv" : [ 4.625, 10, 4.5, 10.625 ],
        "texture" : "#Mosin"
      },
      "east" : {
        "uv" : [ 10.125, 9.375, 9.875, 10 ],
        "texture" : "#Mosin"
      },
      "south" : {
        "uv" : [ 4.5, 11.375, 4.625, 12 ],
        "texture" : "#Mosin"
      },
      "west" : {
        "uv" : [ 9.625, 9.375, 9.875, 10 ],
        "texture" : "#Mosin"
      }
    }
  }, {
    "from" : [ 8, 8.5, 9.875 ],
    "to" : [ 8.125, 8.625, 10.375 ],
    "faces" : {
      "east" : {
        "uv" : [ 13.875, 12.875, 13.375, 13 ],
        "texture" : "#Mosin"
      },
      "south" : {
        "uv" : [ 9.5, 9, 9.625, 9.125 ],
        "texture" : "#Mosin"
      },
      "west" : {
        "uv" : [ 12.875, 12.875, 13.375, 13 ],
        "texture" : "#Mosin"
      },
      "up" : {
        "uv" : [ 7.125, 9.625, 7.25, 9.125 ],
        "texture" : "#Mosin"
      }
    }
  }, {
    "from" : [ 8, 8.625, 10.125 ],
    "to" : [ 8.125, 9.125, 10.375 ],
    "faces" : {
      "north" : {
        "uv" : [ 7.25, 8.625, 7.125, 9.125 ],
        "texture" : "#Mosin"
      },
      "east" : {
        "uv" : [ 10.625, 11.125, 10.375, 11.625 ],
        "texture" : "#Mosin"
      },
      "south" : {
        "uv" : [ 7.875, 13, 8, 13.5 ],
        "texture" : "#Mosin"
      },
      "west" : {
        "uv" : [ 10.375, 11.625, 10.625, 12.125 ],
        "texture" : "#Mosin"
      }
    }
  }, {
    "from" : [ 8, 8.875, 9.875 ],
    "to" : [ 8.125, 9.125, 10.125 ],
    "faces" : {
      "east" : {
        "uv" : [ 10.875, 11.5, 10.625, 11.75 ],
        "texture" : "#Mosin"
      },
      "west" : {
        "uv" : [ 10.625, 11.75, 10.875, 12 ],
        "texture" : "#Mosin"
      },
      "down" : {
        "uv" : [ 9, 12.125, 9.125, 12.375 ],
        "texture" : "#Mosin"
      }
    }
  }, {
    "from" : [ 8, 9, 9.375 ],
    "to" : [ 8.25, 9.125, 9.625 ],
    "faces" : {
      "north" : {
        "uv" : [ 11.125, 10, 10.875, 10.125 ],
        "texture" : "#Mosin"
      },
      "east" : {
        "uv" : [ 11.125, 9.625, 10.875, 9.75 ],
        "texture" : "#Mosin"
      },
      "south" : {
        "uv" : [ 10.875, 9.875, 11.125, 10 ],
        "texture" : "#Mosin"
      },
      "west" : {
        "uv" : [ 10.875, 9.75, 11.125, 9.875 ],
        "texture" : "#Mosin"
      },
      "down" : {
        "uv" : [ 10.625, 11.25, 10.875, 11.5 ],
        "texture" : "#Mosin"
      }
    }
  }, {
    "from" : [ 8, 9, 10.375 ],
    "to" : [ 8.25, 9.125, 12.25 ],
    "faces" : {
      "north" : {
        "uv" : [ 11.125, 9.25, 10.875, 9.375 ],
        "texture" : "#Mosin"
      },
      "east" : {
        "uv" : [ 14.125, 13.75, 12.25, 13.875 ],
        "texture" : "#Mosin"
      },
      "south" : {
        "uv" : [ 10.875, 10.375, 11.125, 10.5 ],
        "texture" : "#Mosin"
      },
      "west" : {
        "uv" : [ 10.375, 13.75, 12.25, 13.875 ],
        "texture" : "#Mosin"
      },
      "up" : {
        "uv" : [ 3.5, 10.625, 3.75, 8.75 ],
        "texture" : "#Mosin"
      },
      "down" : {
        "uv" : [ 3.25, 8.75, 3.5, 10.625 ],
        "texture" : "#Mosin"
      }
    }
  }, {
    "from" : [ 8, 9.375, 9.375 ],
    "to" : [ 8.25, 9.5, 12.25 ],
    "faces" : {
      "north" : {
        "uv" : [ 11.125, 9.125, 10.875, 9.25 ],
        "texture" : "#Mosin"
      },
      "east" : {
        "uv" : [ 15.5, 15.25, 12.625, 15.375 ],
        "texture" : "#Mosin"
      },
      "south" : {
        "uv" : [ 10.875, 9, 11.125, 9.125 ],
        "texture" : "#Mosin"
      },
      "west" : {
        "uv" : [ 12.625, 15.375, 15.5, 15.5 ],
        "texture" : "#Mosin"
      },
      "up" : {
        "uv" : [ 6.5, 12.625, 6.75, 9.75 ],
        "texture" : "#Mosin"
      },
      "down" : {
        "uv" : [ 6.5, 12.625, 6.75, 15.5 ],
        "texture" : "#Mosin"
      }
    }
  }, {
    "from" : [ 8, 9.5, 10.75 ],
    "to" : [ 8.25, 9.625, 11 ],
    "faces" : {
      "north" : {
        "uv" : [ 11.125, 8.625, 10.875, 8.75 ],
        "texture" : "#Mosin"
      },
      "east" : {
        "uv" : [ 11.125, 8.25, 10.875, 8.375 ],
        "texture" : "#Mosin"
      },
      "south" : {
        "uv" : [ 10.875, 8.5, 11.125, 8.625 ],
        "texture" : "#Mosin"
      },
      "west" : {
        "uv" : [ 10.875, 8.375, 11.125, 8.5 ],
        "texture" : "#Mosin"
      },
      "up" : {
        "uv" : [ 10.625, 9.75, 10.875, 9.5 ],
        "texture" : "#Mosin"
      }
    }
  }, {
    "from" : [ 8.125, 9, 9.625 ],
    "to" : [ 8.25, 9.125, 10.375 ],
    "faces" : {
      "east" : {
        "uv" : [ 12.125, 13.25, 11.375, 13.375 ],
        "texture" : "#Mosin"
      },
      "west" : {
        "uv" : [ 10.625, 13.25, 11.375, 13.375 ],
        "texture" : "#Mosin"
      },
      "down" : {
        "uv" : [ 4.5, 12, 4.625, 12.75 ],
        "texture" : "#Mosin"
      }
    }
  }, {
    "from" : [ 8.25, 8.625, 8 ],
    "to" : [ 8.375, 8.75, 8.125 ],
    "faces" : {
      "north" : {
        "uv" : [ 16, 14.875, 15.875, 15 ],
        "texture" : "#Mosin"
      },
      "east" : {
        "uv" : [ 16, 14.5, 15.875, 14.625 ],
        "texture" : "#Mosin"
      },
      "south" : {
        "uv" : [ 15.875, 14.75, 16, 14.875 ],
        "texture" : "#Mosin"
      },
      "west" : {
        "uv" : [ 15.875, 14.625, 16, 14.75 ],
        "texture" : "#Mosin"
      },
      "up" : {
        "uv" : [ 9.5, 8.875, 9.625, 8.75 ],
        "texture" : "#Mosin"
      }
    }
  }, {
    "from" : [ 8.375, 8.25, 10.5 ],
    "to" : [ 8.75, 8.5, 10.625 ],
    "faces" : {
      "north" : {
        "uv" : [ 16, 14, 15.625, 14.25 ],
        "texture" : "#Mosin"
      },
      "east" : {
        "uv" : [ 16, 15.75, 15.875, 16 ],
        "texture" : "#Mosin"
      },
      "south" : {
        "uv" : [ 10.625, 13, 11, 13.25 ],
        "texture" : "#Mosin"
      },
      "west" : {
        "uv" : [ 9.5, 10.875, 9.625, 11.125 ],
        "texture" : "#Mosin"
      },
      "up" : {
        "uv" : [ 13.625, 12.875, 14, 12.75 ],
        "texture" : "#Mosin"
      },
      "down" : {
        "uv" : [ 13.25, 12.75, 13.625, 12.875 ],
        "texture" : "#Mosin"
      }
    }
  }, {
    "from" : [ 8.5, 8.375, 10.625 ],
    "to" : [ 8.75, 8.5, 10.75 ],
    "faces" : {
      "east" : {
        "uv" : [ 16, 13.125, 15.875, 13.25 ],
        "texture" : "#Mosin"
      },
      "south" : {
        "uv" : [ 14.75, 12.75, 15, 12.875 ],
        "texture" : "#Mosin"
      },
      "west" : {
        "uv" : [ 11.625, 13, 11.75, 13.125 ],
        "texture" : "#Mosin"
      },
      "up" : {
        "uv" : [ 10.625, 8.125, 10.875, 8 ],
        "texture" : "#Mosin"
      }
    }
  } ],
  "display" : {
    "thirdperson_righthand" : {
      "translation" : [ 0, 0.9, -5.06 ],
      "scale" : [ 1.5, 1.5, 1.5 ]
    },
    "thirdperson_lefthand" : {
      "translation" : [ 0, 0.9, -5.06 ],
      "scale" : [ 1.5, 1.5, 1.5 ]
    },
    "firstperson_righthand" : {
      "translation" : [ -3.7, 5, 0.195 ],
      "scale" : [ 1.25, 1.25, 1.25 ],
      "rotation" : [ -4, -5, 0 ]
    },
    "firstperson_lefthand" : {
      "translation" : [ -3.7, 5, 0.195 ],
      "scale" : [ 1.25, 1.25, 1.25 ],
      "rotation" : [ -4, -5, 0 ]
    },
    "ground" : {
      "scale" : [ 1.7, 1.7, 1.7 ]
    },
    "gui" : {
      "scale" : [ 0, 1.25, 1.25 ],
      "rotation" : [ 90, 45, -90 ]
    },
    "head" : {
      "translation" : [ 0, 6.7, 0 ],
      "scale" : [ 2, 2, 2 ],
      "rotation" : [ 0, 0, 90 ]
    },
    "fixed" : {
      "scale" : [ 1.25, 1.25, 1.25 ],
      "rotation" : [ 0, 90, 0 ]
    }
  }
}
