{
	"format_version": "1.21.6",
	"credit": "Designed by Nightshade73 with Cubik Studio - https://cubik.studio",
	"textures": {
		"0": "item/thorn",
		"particle": "item/thorn"
	},
	"elements": [
		{
			"from": [7.5, 3.5, 12.5],
			"to": [8.75, 10.5, 13],
			"faces": {
				"north": {"uv": [0.625, 12.5, 0, 16], "texture": "#0"},
				"east": {"uv": [3.375, 5.875, 3.125, 9.375], "texture": "#0"},
				"south": {"uv": [0.5, 8.5, 1.125, 12], "texture": "#0"},
				"west": {"uv": [3.125, 9.375, 3.375, 12.875], "texture": "#0"},
				"up": {"uv": [0, 0.25, 0.625, 0], "texture": "#0"},
				"down": {"uv": [3.75, 7.25, 4.375, 7.5], "texture": "#0"}
			}
		},
		{
			"from": [7.5, 3.5, 13],
			"to": [8.75, 10, 13.25],
			"faces": {
				"north": {"uv": [1.75, 4, 1.875, 7.25], "texture": "#0"},
				"east": {"uv": [1.75, 4, 1.875, 7.25], "texture": "#0"},
				"south": {"uv": [1.75, 4, 1.875, 7.25], "texture": "#0"},
				"west": {"uv": [2.625, 0, 3.125, 1.25], "texture": "#0"},
				"up": {"uv": [1.75, 4, 1.875, 7.25], "texture": "#0"},
				"down": {"uv": [1.75, 4, 1.875, 7.25], "texture": "#0"}
			}
		},
		{
			"from": [7.5, 3.5, 13.25],
			"to": [8.75, 9.5, 13.5],
			"faces": {
				"east": {"uv": [3.125, 4.125, 3, 7.125], "texture": "#0"},
				"south": {"uv": [1.75, 12.5, 2.375, 15.5], "texture": "#0"},
				"west": {"uv": [2.875, 4.125, 3, 7.125], "texture": "#0"},
				"up": {"uv": [5.375, 9.25, 6, 9.125], "texture": "#0"},
				"down": {"uv": [6.875, 3.5, 7.5, 3.625], "texture": "#0"}
			}
		},
		{
			"from": [7.5, 3.5, 13.5],
			"to": [8.75, 8.75, 13.75],
			"faces": {
				"north": {"uv": [3.625, 3.875, 3.5, 6.5], "texture": "#0"},
				"east": {"uv": [3.625, 3.875, 3.5, 6.5], "texture": "#0"},
				"south": {"uv": [3.625, 3.875, 3.5, 6.5], "texture": "#0"},
				"west": {"uv": [3.625, 3.875, 3.5, 6.5], "texture": "#0"},
				"up": {"uv": [3.625, 3.875, 3.5, 6.5], "texture": "#0"},
				"down": {"uv": [3.625, 3.875, 3.5, 6.5], "texture": "#0"}
			}
		},
		{
			"from": [7.5, 3.5, 13.75],
			"to": [8.75, 8.25, 14],
			"faces": {
				"north": {"uv": [3.625, 3.875, 3.5, 6.5], "texture": "#0"},
				"east": {"uv": [3.625, 3.875, 3.5, 6.5], "texture": "#0"},
				"south": {"uv": [3.625, 3.875, 3.5, 6.5], "texture": "#0"},
				"west": {"uv": [3.625, 3.875, 3.5, 6.5], "texture": "#0"},
				"up": {"uv": [3.625, 3.875, 3.5, 6.5], "texture": "#0"},
				"down": {"uv": [3.625, 3.875, 3.5, 6.5], "texture": "#0"}
			}
		},
		{
			"from": [7.5, 3.5, 14],
			"to": [8.75, 7.5, 14.25],
			"faces": {
				"east": {"uv": [4.25, 7.5, 4.125, 9.5], "texture": "#0"},
				"south": {"uv": [3, 1.25, 3.625, 3.25], "texture": "#0"},
				"west": {"uv": [4.125, 5.5, 4.25, 7.5], "texture": "#0"},
				"up": {"uv": [4.625, 8.5, 5.25, 8.375], "texture": "#0"},
				"down": {"uv": [3.75, 3.5, 4.375, 3.625], "texture": "#0"}
			}
		},
		{
			"from": [7.5, 3.5, 14.25],
			"to": [8.75, 7, 14.5],
			"faces": {
				"east": {"uv": [4.375, 7.75, 4.25, 9.5], "texture": "#0"},
				"south": {"uv": [4.875, 12.5, 5.5, 14.25], "texture": "#0"},
				"west": {"uv": [4.125, 2, 4.25, 3.75], "texture": "#0"},
				"up": {"uv": [3.625, 7.625, 4.25, 7.5], "texture": "#0"},
				"down": {"uv": [2.5, 3.5, 3.125, 3.625], "texture": "#0"}
			}
		},
		{
			"from": [7.5, 3.5, 14.5],
			"to": [8.75, 6.25, 14.75],
			"faces": {
				"east": {"uv": [4.375, 4.625, 4.25, 6], "texture": "#0"},
				"south": {"uv": [7.375, 12.875, 8, 14.25], "texture": "#0"},
				"west": {"uv": [3.375, 0, 3.5, 1.375], "texture": "#0"},
				"up": {"uv": [5.5, 11.125, 6.125, 11], "texture": "#0"},
				"down": {"uv": [1.25, 3.5, 1.875, 3.625], "texture": "#0"}
			}
		},
		{
			"from": [7.5, 3.5, 14.75],
			"to": [8.75, 5.75, 15],
			"faces": {
				"east": {"uv": [4.75, 6, 4.625, 7.125], "texture": "#0"},
				"south": {"uv": [4.75, 1.375, 5.375, 2.5], "texture": "#0"},
				"west": {"uv": [4.5, 6, 4.625, 7.125], "texture": "#0"},
				"up": {"uv": [4.25, 8, 4.875, 7.875], "texture": "#0"},
				"down": {"uv": [0, 3.5, 0.625, 3.625], "texture": "#0"}
			}
		},
		{
			"from": [7.5, 4.25, 12.25],
			"to": [8.75, 10.75, 12.5],
			"faces": {
				"north": {"uv": [1.25, 3, 0.625, 6.25], "texture": "#0"},
				"east": {"uv": [3.125, 7.25, 3, 10.5], "texture": "#0"},
				"south": {"uv": [1.125, 5.75, 1.75, 9], "texture": "#0"},
				"west": {"uv": [2.875, 7.25, 3, 10.5], "texture": "#0"},
				"up": {"uv": [1.125, 7.25, 1.75, 7.125], "texture": "#0"},
				"down": {"uv": [9.375, 3.625, 10, 3.75], "texture": "#0"}
			}
		},
		{
			"from": [7.5, 4.25, 15],
			"to": [8.75, 5.25, 15.25],
			"faces": {
				"north": {"uv": [8.25, 15.5, 4.75, 16], "texture": "#0"},
				"east": {"uv": [8.25, 15.5, 4.75, 16], "texture": "#0"},
				"south": {"uv": [7.625, 15, 5.25, 15.5], "texture": "#0"},
				"west": {"uv": [8.25, 15.5, 4.75, 16], "texture": "#0"},
				"up": {"uv": [7, 15.5, 3.5, 16], "texture": "#0"},
				"down": {"uv": [8.25, 15.5, 4.75, 16], "texture": "#0"}
			}
		},
		{
			"from": [7.5, 5, 12],
			"to": [8.75, 10.75, 12.25],
			"faces": {
				"north": {"uv": [1.875, 10.125, 1.25, 13], "texture": "#0"},
				"east": {"uv": [3.5, 6.5, 3.375, 9.375], "texture": "#0"},
				"west": {"uv": [3.5, 6.5, 3.625, 9.375], "texture": "#0"},
				"up": {"uv": [7.375, 7.25, 8, 7.125], "texture": "#0"},
				"down": {"uv": [0.75, 5.375, 1.375, 5.5], "texture": "#0"}
			}
		},
		{
			"from": [7.5, 5.75, 11.75],
			"to": [8.75, 10.75, 12],
			"faces": {
				"north": {"uv": [2.5, 5.25, 1.875, 7.75], "texture": "#0"},
				"east": {"uv": [3.5, 1.375, 3.375, 3.875], "texture": "#0"},
				"west": {"uv": [3.5, 1.375, 3.625, 3.875], "texture": "#0"},
				"up": {"uv": [6.125, 7.25, 6.75, 7.125], "texture": "#0"},
				"down": {"uv": [6.25, 3.625, 6.875, 3.75], "texture": "#0"}
			}
		},
		{
			"from": [7.5, 6.5, 11.5],
			"to": [8.75, 10.75, 11.75],
			"faces": {
				"north": {"uv": [3.125, 12.625, 2.5, 14.75], "texture": "#0"},
				"east": {"uv": [4.25, 9.5, 4.125, 11.625], "texture": "#0"},
				"west": {"uv": [4, 0, 4.125, 2.125], "texture": "#0"},
				"up": {"uv": [4.875, 7.25, 5.5, 7.125], "texture": "#0"},
				"down": {"uv": [5, 3.625, 5.625, 3.75], "texture": "#0"}
			}
		},
		{
			"from": [7.5, 7.25, 11.25],
			"to": [8.75, 10.75, 11.5],
			"faces": {
				"north": {"uv": [5.625, 13, 5, 14.75], "texture": "#0"},
				"east": {"uv": [4.25, 3.75, 4.125, 5.5], "texture": "#0"},
				"west": {"uv": [4.25, 6, 4.375, 7.75], "texture": "#0"},
				"up": {"uv": [4.25, 7.25, 4.875, 7.125], "texture": "#0"},
				"down": {"uv": [8.75, 3.5, 9.375, 3.625], "texture": "#0"}
			}
		},
		{
			"from": [7.5, 8, 11],
			"to": [8.75, 10.75, 11.25],
			"faces": {
				"north": {"uv": [3.75, 5.375, 3.125, 6.75], "texture": "#0"},
				"east": {"uv": [4.375, 3.25, 4.25, 4.625], "texture": "#0"},
				"west": {"uv": [4.25, 1.875, 4.375, 3.25], "texture": "#0"},
				"up": {"uv": [3, 7.25, 3.625, 7.125], "texture": "#0"},
				"down": {"uv": [3.125, 3.625, 3.75, 3.75], "texture": "#0"}
			}
		},
		{
			"from": [7.5, 9, 10.75],
			"to": [8.75, 10.75, 11],
			"faces": {
				"north": {"uv": [5.25, 9, 4.625, 9.875], "texture": "#0"},
				"east": {"uv": [4.625, 1.875, 4.5, 2.75], "texture": "#0"},
				"west": {"uv": [4.375, 1, 4.5, 1.875], "texture": "#0"},
				"up": {"uv": [1.75, 7.25, 2.375, 7.125], "texture": "#0"},
				"down": {"uv": [1.875, 3.625, 2.5, 3.75], "texture": "#0"}
			}
		},
		{
			"from": [7.3, 9.5, 10.5],
			"to": [7.7, 13, 10.75],
			"rotation": {"angle": 0, "axis": "y", "origin": [-0.2, 0, 0]},
			"faces": {
				"north": {"uv": [5.75, 1.875, 5.875, 2.375], "texture": "#0"},
				"east": {"uv": [5.75, 1.875, 5.875, 2.375], "texture": "#0"},
				"south": {"uv": [5.75, 1.875, 5.875, 2.375], "texture": "#0"},
				"west": {"uv": [5.75, 1.875, 5.875, 4.25], "texture": "#0"},
				"up": {"uv": [5.75, 1.875, 5.875, 2.375], "texture": "#0"},
				"down": {"uv": [5.75, 1.875, 5.875, 2.375], "texture": "#0"}
			}
		},
		{
			"from": [7.3, 10.1, 10.3],
			"to": [7.6, 13.6, 10.5],
			"rotation": {"angle": 0, "axis": "y", "origin": [-0.2, 0.6, -0.2]},
			"faces": {
				"north": {"uv": [5.75, 1.875, 5.875, 2.375], "texture": "#0"},
				"east": {"uv": [5.75, 1.875, 5.875, 2.375], "texture": "#0"},
				"south": {"uv": [5.75, 1.875, 5.875, 2.375], "texture": "#0"},
				"west": {"uv": [5.75, 1.875, 5.875, 6.875], "texture": "#0"},
				"up": {"uv": [5.75, 1.875, 5.875, 2.375], "texture": "#0"},
				"down": {"uv": [5.75, 1.875, 5.875, 2.375], "texture": "#0"}
			}
		},
		{
			"from": [7.3, 11.3, 10.1],
			"to": [7.5, 14.5, 10.3],
			"rotation": {"angle": 0, "axis": "y", "origin": [-0.2, 1.8, -0.4]},
			"faces": {
				"north": {"uv": [5.75, 1.875, 5.875, 2.375], "texture": "#0"},
				"east": {"uv": [5.75, 1.875, 5.875, 2.375], "texture": "#0"},
				"south": {"uv": [5.75, 1.875, 5.875, 2.375], "texture": "#0"},
				"west": {"uv": [5.75, 1.875, 5.875, 6.875], "texture": "#0"},
				"up": {"uv": [5.75, 1.875, 5.875, 2.375], "texture": "#0"},
				"down": {"uv": [5.75, 1.875, 5.875, 2.375], "texture": "#0"}
			}
		},
		{
			"from": [7.3, 13.5, 9.9],
			"to": [7.5, 15.2, 10.1],
			"rotation": {"angle": 0, "axis": "y", "origin": [-0.2, 2.3, -0.6]},
			"faces": {
				"north": {"uv": [5.75, 1.875, 5.875, 2.375], "texture": "#0"},
				"east": {"uv": [5.75, 1.875, 5.875, 2.375], "texture": "#0"},
				"south": {"uv": [5.75, 1.875, 5.875, 2.375], "texture": "#0"},
				"west": {"uv": [5.75, 1.875, 5.875, 6.875], "texture": "#0"},
				"up": {"uv": [5.75, 1.875, 5.875, 2.375], "texture": "#0"},
				"down": {"uv": [5.75, 1.875, 5.875, 2.375], "texture": "#0"}
			}
		},
		{
			"from": [8.7, 12.1, 6.2],
			"to": [8.9, 13.1, 6.4],
			"rotation": {"angle": 0, "axis": "y", "origin": [1.2, 0.9, -4.3]},
			"faces": {
				"north": {"uv": [5.75, 1.875, 5.875, 2.375], "texture": "#0"},
				"east": {"uv": [5.75, 1.875, 5.875, 5], "texture": "#0"},
				"south": {"uv": [5.75, 1.875, 5.875, 2.375], "texture": "#0"},
				"west": {"uv": [5.75, 1.875, 5.875, 2.375], "texture": "#0"},
				"up": {"uv": [5.75, 1.875, 5.875, 2.375], "texture": "#0"},
				"down": {"uv": [5.75, 1.875, 5.875, 2.375], "texture": "#0"}
			}
		},
		{
			"from": [8.7, 12.4, 6],
			"to": [8.9, 13.4, 6.2],
			"rotation": {"angle": 0, "axis": "y", "origin": [1.2, 1.2, -4.5]},
			"faces": {
				"north": {"uv": [5.75, 1.875, 5.875, 2.375], "texture": "#0"},
				"east": {"uv": [5.75, 1.875, 5.875, 5], "texture": "#0"},
				"south": {"uv": [5.75, 1.875, 5.875, 2.375], "texture": "#0"},
				"west": {"uv": [5.75, 1.875, 5.875, 2.375], "texture": "#0"},
				"up": {"uv": [5.75, 1.875, 5.875, 2.375], "texture": "#0"},
				"down": {"uv": [5.75, 1.875, 5.875, 2.375], "texture": "#0"}
			}
		},
		{
			"from": [8.7, 12.7, 5.8],
			"to": [8.9, 13.7, 6],
			"rotation": {"angle": 0, "axis": "y", "origin": [1.2, 1.5, -4.7]},
			"faces": {
				"north": {"uv": [5.75, 1.875, 5.875, 2.375], "texture": "#0"},
				"east": {"uv": [5.75, 1.875, 5.875, 5], "texture": "#0"},
				"south": {"uv": [5.75, 1.875, 5.875, 2.375], "texture": "#0"},
				"west": {"uv": [5.75, 1.875, 5.875, 2.375], "texture": "#0"},
				"up": {"uv": [5.75, 1.875, 5.875, 2.375], "texture": "#0"},
				"down": {"uv": [5.75, 1.875, 5.875, 2.375], "texture": "#0"}
			}
		},
		{
			"from": [8.7, 13.2, 5.6],
			"to": [8.9, 14.2, 5.8],
			"rotation": {"angle": 0, "axis": "y", "origin": [1.2, 2, -4.9]},
			"faces": {
				"north": {"uv": [5.75, 1.875, 5.875, 2.375], "texture": "#0"},
				"east": {"uv": [5.75, 1.875, 5.875, 5], "texture": "#0"},
				"south": {"uv": [5.75, 1.875, 5.875, 2.375], "texture": "#0"},
				"west": {"uv": [5.75, 1.875, 5.875, 2.375], "texture": "#0"},
				"up": {"uv": [5.75, 1.875, 5.875, 2.375], "texture": "#0"},
				"down": {"uv": [5.75, 1.875, 5.875, 2.375], "texture": "#0"}
			}
		},
		{
			"from": [8.7, 14, 5.8],
			"to": [8.9, 14.4, 6],
			"rotation": {"angle": 0, "axis": "y", "origin": [1.2, 2.2, -4.7]},
			"faces": {
				"north": {"uv": [5.75, 1.875, 5.875, 5], "texture": "#0"},
				"east": {"uv": [5.75, 1.875, 5.875, 2.375], "texture": "#0"},
				"south": {"uv": [5.75, 1.875, 5.875, 2.375], "texture": "#0"},
				"west": {"uv": [5.75, 1.875, 5.875, 2.375], "texture": "#0"},
				"up": {"uv": [5.75, 1.875, 5.875, 2.375], "texture": "#0"},
				"down": {"uv": [5.75, 1.875, 5.875, 2.375], "texture": "#0"}
			}
		},
		{
			"from": [8.7, 14.3, 6],
			"to": [8.9, 14.7, 6.2],
			"rotation": {"angle": 0, "axis": "y", "origin": [1.2, 2.5, -4.5]},
			"faces": {
				"north": {"uv": [5.75, 1.875, 5.875, 2.375], "texture": "#0"},
				"east": {"uv": [5.75, 1.875, 5.875, 5], "texture": "#0"},
				"south": {"uv": [5.75, 1.875, 5.875, 2.375], "texture": "#0"},
				"west": {"uv": [5.75, 1.875, 5.875, 2.375], "texture": "#0"},
				"up": {"uv": [5.75, 1.875, 5.875, 2.375], "texture": "#0"},
				"down": {"uv": [5.75, 1.875, 5.875, 2.375], "texture": "#0"}
			}
		},
		{
			"from": [8, 6.8, 8.2],
			"to": [8.2, 8.3, 8.4],
			"rotation": {"angle": 0, "axis": "y", "origin": [0.5, -3.9, -2.3]},
			"faces": {
				"north": {"uv": [5.75, 1.875, 5.875, 2.375], "texture": "#0"},
				"east": {"uv": [5.75, 1.875, 5.875, 5], "texture": "#0"},
				"south": {"uv": [5.75, 1.875, 5.875, 2.375], "texture": "#0"},
				"west": {"uv": [5.75, 1.875, 5.875, 2.375], "texture": "#0"},
				"up": {"uv": [5.75, 1.875, 5.875, 2.375], "texture": "#0"},
				"down": {"uv": [5.75, 1.875, 5.875, 2.375], "texture": "#0"}
			}
		},
		{
			"from": [8, 7.6, 8],
			"to": [8.2, 8.6, 8.2],
			"rotation": {"angle": 0, "axis": "y", "origin": [0.5, -3.6, -2.5]},
			"faces": {
				"north": {"uv": [5.75, 1.875, 5.875, 2.375], "texture": "#0"},
				"east": {"uv": [5.75, 1.875, 5.875, 5], "texture": "#0"},
				"south": {"uv": [5.75, 1.875, 5.875, 2.375], "texture": "#0"},
				"west": {"uv": [5.75, 1.875, 5.875, 2.375], "texture": "#0"},
				"up": {"uv": [5.75, 1.875, 5.875, 2.375], "texture": "#0"},
				"down": {"uv": [5.75, 1.875, 5.875, 2.375], "texture": "#0"}
			}
		},
		{
			"from": [8, 7.9, 7.8],
			"to": [8.2, 8.9, 8],
			"rotation": {"angle": 0, "axis": "y", "origin": [0.5, -3.3, -2.7]},
			"faces": {
				"north": {"uv": [5.75, 1.875, 5.875, 2.375], "texture": "#0"},
				"east": {"uv": [5.75, 1.875, 5.875, 5], "texture": "#0"},
				"south": {"uv": [5.75, 1.875, 5.875, 2.375], "texture": "#0"},
				"west": {"uv": [5.75, 1.875, 5.875, 2.375], "texture": "#0"},
				"up": {"uv": [5.75, 1.875, 5.875, 2.375], "texture": "#0"},
				"down": {"uv": [5.75, 1.875, 5.875, 2.375], "texture": "#0"}
			}
		},
		{
			"from": [8, 8.4, 7.6],
			"to": [8.2, 9.4, 7.8],
			"rotation": {"angle": 0, "axis": "y", "origin": [0.5, -2.8, -2.9]},
			"faces": {
				"north": {"uv": [5.75, 1.875, 5.875, 2.375], "texture": "#0"},
				"east": {"uv": [5.75, 1.875, 5.875, 5], "texture": "#0"},
				"south": {"uv": [5.75, 1.875, 5.875, 2.375], "texture": "#0"},
				"west": {"uv": [5.75, 1.875, 5.875, 2.375], "texture": "#0"},
				"up": {"uv": [5.75, 1.875, 5.875, 2.375], "texture": "#0"},
				"down": {"uv": [5.75, 1.875, 5.875, 2.375], "texture": "#0"}
			}
		},
		{
			"from": [8, 9.2, 7.8],
			"to": [8.2, 9.6, 8],
			"rotation": {"angle": 0, "axis": "y", "origin": [0.5, -2.6, -2.7]},
			"faces": {
				"north": {"uv": [5.75, 1.875, 5.875, 5], "texture": "#0"},
				"east": {"uv": [5.75, 1.875, 5.875, 2.375], "texture": "#0"},
				"south": {"uv": [5.75, 1.875, 5.875, 2.375], "texture": "#0"},
				"west": {"uv": [5.75, 1.875, 5.875, 2.375], "texture": "#0"},
				"up": {"uv": [5.75, 1.875, 5.875, 2.375], "texture": "#0"},
				"down": {"uv": [5.75, 1.875, 5.875, 2.375], "texture": "#0"}
			}
		},
		{
			"from": [8, 9.5, 8],
			"to": [8.2, 10.1, 8.2],
			"rotation": {"angle": 0, "axis": "y", "origin": [0.5, -2.3, -2.5]},
			"faces": {
				"north": {"uv": [5.75, 1.875, 5.875, 2.375], "texture": "#0"},
				"east": {"uv": [5.75, 1.875, 5.875, 5], "texture": "#0"},
				"south": {"uv": [5.75, 1.875, 5.875, 2.375], "texture": "#0"},
				"west": {"uv": [5.75, 1.875, 5.875, 2.375], "texture": "#0"},
				"up": {"uv": [5.75, 1.875, 5.875, 2.375], "texture": "#0"},
				"down": {"uv": [5.75, 1.875, 5.875, 2.375], "texture": "#0"}
			}
		},
		{
			"from": [7.3, 10.8, 2.5],
			"to": [7.8, 13, 2.75],
			"rotation": {"angle": 0, "axis": "y", "origin": [-0.2, 0, -8]},
			"faces": {
				"north": {"uv": [5.75, 1.875, 5.875, 2.375], "texture": "#0"},
				"east": {"uv": [5.75, 1.875, 5.875, 2.375], "texture": "#0"},
				"south": {"uv": [5.75, 1.875, 5.875, 2.375], "texture": "#0"},
				"west": {"uv": [5.75, 1.875, 6.125, 8], "texture": "#0"},
				"up": {"uv": [5.75, 1.875, 5.875, 2.375], "texture": "#0"},
				"down": {"uv": [5.75, 1.875, 5.875, 2.375], "texture": "#0"}
			}
		},
		{
			"from": [7.3, 11.2, 2.3],
			"to": [7.7, 13.6, 2.5],
			"rotation": {"angle": 0, "axis": "y", "origin": [-0.2, 0.6, -8.2]},
			"faces": {
				"north": {"uv": [5.75, 1.875, 5.875, 2.375], "texture": "#0"},
				"east": {"uv": [5.75, 1.875, 5.875, 2.375], "texture": "#0"},
				"south": {"uv": [5.75, 1.875, 5.875, 2.375], "texture": "#0"},
				"west": {"uv": [5.75, 1.875, 6.125, 8], "texture": "#0"},
				"up": {"uv": [5.75, 1.875, 5.875, 2.375], "texture": "#0"},
				"down": {"uv": [5.75, 1.875, 5.875, 2.375], "texture": "#0"}
			}
		},
		{
			"from": [7.3, 11.3, 2.1],
			"to": [7.6, 14.8, 2.3],
			"rotation": {"angle": 0, "axis": "y", "origin": [-0.2, 1.8, -8.4]},
			"faces": {
				"north": {"uv": [5.75, 1.875, 5.875, 2.375], "texture": "#0"},
				"east": {"uv": [5.75, 1.875, 5.875, 2.375], "texture": "#0"},
				"south": {"uv": [5.75, 1.875, 5.875, 2.375], "texture": "#0"},
				"west": {"uv": [5.75, 1.875, 6.125, 8], "texture": "#0"},
				"up": {"uv": [5.75, 1.875, 5.875, 2.375], "texture": "#0"},
				"down": {"uv": [5.75, 1.875, 5.875, 2.375], "texture": "#0"}
			}
		},
		{
			"from": [7.3, 12.4, 1.9],
			"to": [7.5, 15.3, 2.1],
			"rotation": {"angle": 0, "axis": "y", "origin": [-0.2, 2.9, -8.6]},
			"faces": {
				"north": {"uv": [5.75, 1.875, 5.875, 2.375], "texture": "#0"},
				"east": {"uv": [5.75, 1.875, 5.875, 2.375], "texture": "#0"},
				"south": {"uv": [5.75, 1.875, 5.875, 2.375], "texture": "#0"},
				"west": {"uv": [5.75, 1.875, 6.125, 8], "texture": "#0"},
				"up": {"uv": [5.75, 1.875, 5.875, 2.375], "texture": "#0"},
				"down": {"uv": [5.75, 1.875, 5.875, 2.375], "texture": "#0"}
			}
		},
		{
			"from": [7.3, 14, 1.7],
			"to": [7.5, 15.9, 1.9],
			"rotation": {"angle": 0, "axis": "y", "origin": [-0.2, 2.9, -8.8]},
			"faces": {
				"north": {"uv": [5.75, 1.875, 5.875, 2.375], "texture": "#0"},
				"east": {"uv": [5.75, 1.875, 5.875, 2.375], "texture": "#0"},
				"south": {"uv": [5.75, 1.875, 5.875, 2.375], "texture": "#0"},
				"west": {"uv": [5.75, 1.875, 6.125, 8], "texture": "#0"},
				"up": {"uv": [5.75, 1.875, 5.875, 2.375], "texture": "#0"},
				"down": {"uv": [5.75, 1.875, 5.875, 2.375], "texture": "#0"}
			}
		},
		{
			"from": [7.5, 11, 3.25],
			"to": [8.8, 12.5, 7],
			"rotation": {"angle": 0, "axis": "y", "origin": [0.4, 0, 0]},
			"faces": {
				"north": {"uv": [8.75, 0, 12.125, 0.875], "texture": "#0"},
				"east": {"uv": [8.75, 0, 12.125, 0.875], "texture": "#0"},
				"south": {"uv": [8.75, 0, 12.125, 0.875], "texture": "#0"},
				"west": {"uv": [8.75, 0, 12.125, 0.875], "texture": "#0"},
				"up": {"uv": [8.75, 0, 12.125, 0.875], "texture": "#0"},
				"down": {"uv": [8.75, 0, 12.125, 0.875], "texture": "#0"}
			}
		},
		{
			"from": [7.5, 11, 7],
			"to": [8.75, 12, 14],
			"faces": {
				"north": {"uv": [16, 0, 8.625, 1.375], "texture": "#0"},
				"east": {"uv": [16, 0, 8.625, 1.375], "texture": "#0"},
				"south": {"uv": [16, 0, 8.625, 1.375], "texture": "#0"},
				"west": {"uv": [16, 0, 8.625, 1.375], "texture": "#0"},
				"up": {"uv": [16, 0, 8.625, 1.375], "texture": "#0"},
				"down": {"uv": [16, 0, 8.625, 1.375], "texture": "#0"}
			}
		},
		{
			"from": [7.5, 11, 14],
			"to": [8.75, 11.75, 14.25],
			"faces": {
				"north": {"uv": [0, 0, 1.375, 1.5], "texture": "#0"},
				"east": {"uv": [0, 0, 1.375, 1.5], "texture": "#0"},
				"south": {"uv": [0, 0, 1.375, 1.5], "texture": "#0"},
				"west": {"uv": [0, 0, 1.375, 1.5], "texture": "#0"},
				"up": {"uv": [0, 0, 1.375, 1.5], "texture": "#0"},
				"down": {"uv": [0, 0, 1.375, 1.5], "texture": "#0"}
			}
		},
		{
			"from": [7.5, 11.25, 2.25],
			"to": [8.75, 12.5, 3.25],
			"faces": {
				"north": {"uv": [8.75, 0, 12.125, 0.875], "texture": "#0"},
				"east": {"uv": [8.75, 0, 12.125, 0.875], "texture": "#0"},
				"south": {"uv": [8.75, 0, 12.125, 0.875], "texture": "#0"},
				"west": {"uv": [8.75, 0, 12.125, 0.875], "texture": "#0"},
				"up": {"uv": [8.75, 0, 12.125, 0.875], "texture": "#0"},
				"down": {"uv": [8.75, 0, 12.125, 0.875], "texture": "#0"}
			}
		},
		{
			"from": [7.5, 11.75, 0.25],
			"to": [8.75, 12.5, 2.25],
			"faces": {
				"north": {"uv": [8.75, 0, 12.125, 0.875], "texture": "#0"},
				"east": {"uv": [8.75, 0, 12.125, 0.875], "texture": "#0"},
				"south": {"uv": [8.75, 0, 12.125, 0.875], "texture": "#0"},
				"west": {"uv": [8.75, 0, 12.125, 0.875], "texture": "#0"},
				"up": {"uv": [8.75, 0, 12.125, 0.875], "texture": "#0"},
				"down": {"uv": [8.75, 0, 12.125, 0.875], "texture": "#0"}
			}
		},
		{
			"from": [7.5, 12, 7],
			"to": [8.5, 12.5, 14],
			"faces": {
				"north": {"uv": [16, 0, 8.625, 1.375], "texture": "#0"},
				"east": {"uv": [16, 0, 8.625, 1.375], "texture": "#0"},
				"south": {"uv": [16, 0, 8.625, 1.375], "texture": "#0"},
				"west": {"uv": [16, 0, 8.625, 1.375], "texture": "#0"},
				"up": {"uv": [16, 0, 8.625, 1.375], "texture": "#0"},
				"down": {"uv": [16, 0, 8.625, 1.375], "texture": "#0"}
			}
		},
		{
			"from": [7.75, 3, 12],
			"to": [8.5, 5, 12.25],
			"faces": {
				"north": {"uv": [13.875, 1.25, 14.75, 2.25], "texture": "#0"},
				"east": {"uv": [13.875, 1.25, 14.75, 2.25], "texture": "#0"},
				"south": {"uv": [13.875, 1.25, 14.75, 2.25], "texture": "#0"},
				"west": {"uv": [13.875, 1.25, 14.75, 2.25], "texture": "#0"},
				"up": {"uv": [13.875, 1.25, 14.75, 2.25], "texture": "#0"},
				"down": {"uv": [13.875, 1.25, 14.75, 2.25], "texture": "#0"}
			}
		},
		{
			"from": [7.75, 3, 12.25],
			"to": [8.5, 4.25, 12.5],
			"faces": {
				"north": {"uv": [13.875, 1.25, 14.75, 2.25], "texture": "#0"},
				"east": {"uv": [13.875, 1.25, 14.75, 2.25], "texture": "#0"},
				"south": {"uv": [13.875, 1.25, 14.75, 2.25], "texture": "#0"},
				"west": {"uv": [13.875, 1.25, 14.75, 2.25], "texture": "#0"},
				"up": {"uv": [13.875, 1.25, 14.75, 2.25], "texture": "#0"},
				"down": {"uv": [13.875, 1.25, 14.75, 2.25], "texture": "#0"}
			}
		},
		{
			"from": [7.75, 3, 12.5],
			"to": [8.5, 3.5, 15],
			"faces": {
				"north": {"uv": [13.875, 1.25, 14.75, 2.25], "texture": "#0"},
				"east": {"uv": [13.875, 1.25, 14.75, 2.25], "texture": "#0"},
				"south": {"uv": [13.875, 1.25, 14.75, 2.25], "texture": "#0"},
				"west": {"uv": [13.875, 1.25, 14.75, 2.25], "texture": "#0"},
				"up": {"uv": [13.875, 1.25, 14.75, 2.25], "texture": "#0"},
				"down": {"uv": [13.875, 1.25, 14.75, 2.25], "texture": "#0"}
			}
		},
		{
			"from": [7.75, 3.5, 15],
			"to": [8.5, 4.25, 15.25],
			"faces": {
				"north": {"uv": [13.875, 1.25, 14.75, 2.25], "texture": "#0"},
				"east": {"uv": [13.875, 1.25, 14.75, 2.25], "texture": "#0"},
				"south": {"uv": [13.875, 1.25, 14.75, 2.25], "texture": "#0"},
				"west": {"uv": [13.875, 1.25, 14.75, 2.25], "texture": "#0"},
				"up": {"uv": [13.875, 1.25, 14.75, 2.25], "texture": "#0"},
				"down": {"uv": [13.875, 1.25, 14.75, 2.25], "texture": "#0"}
			}
		},
		{
			"from": [7.75, 3.75, 15.25],
			"to": [8.5, 5.5, 15.5],
			"faces": {
				"north": {"uv": [13.875, 1.25, 14.75, 2.25], "texture": "#0"},
				"east": {"uv": [13.875, 1.25, 14.75, 2.25], "texture": "#0"},
				"south": {"uv": [13.875, 1.25, 14.75, 2.25], "texture": "#0"},
				"west": {"uv": [13.875, 1.25, 14.75, 2.25], "texture": "#0"},
				"up": {"uv": [13.875, 1.25, 14.75, 2.25], "texture": "#0"},
				"down": {"uv": [13.875, 1.25, 14.75, 2.25], "texture": "#0"}
			}
		},
		{
			"from": [7.75, 3.75, 15.5],
			"to": [8.5, 4.75, 15.75],
			"faces": {
				"north": {"uv": [13.875, 1.25, 14.75, 2.25], "texture": "#0"},
				"east": {"uv": [13.875, 1.25, 14.75, 2.25], "texture": "#0"},
				"south": {"uv": [13.875, 1.25, 14.75, 2.25], "texture": "#0"},
				"west": {"uv": [13.875, 1.25, 14.75, 2.25], "texture": "#0"},
				"up": {"uv": [13.875, 1.25, 14.75, 2.25], "texture": "#0"},
				"down": {"uv": [13.875, 1.25, 14.75, 2.25], "texture": "#0"}
			}
		},
		{
			"from": [7.75, 4, 11.75],
			"to": [8.5, 5.75, 12],
			"faces": {
				"north": {"uv": [13.875, 1.25, 14.75, 2.25], "texture": "#0"},
				"east": {"uv": [13.875, 1.25, 14.75, 2.25], "texture": "#0"},
				"south": {"uv": [13.875, 1.25, 14.75, 2.25], "texture": "#0"},
				"west": {"uv": [13.875, 1.25, 14.75, 2.25], "texture": "#0"},
				"up": {"uv": [13.875, 1.25, 14.75, 2.25], "texture": "#0"},
				"down": {"uv": [13.875, 1.25, 14.75, 2.25], "texture": "#0"}
			}
		},
		{
			"from": [7.75, 5, 11.5],
			"to": [8.5, 6.5, 11.75],
			"faces": {
				"north": {"uv": [13.875, 1.25, 14.75, 2.25], "texture": "#0"},
				"east": {"uv": [13.875, 1.25, 14.75, 2.25], "texture": "#0"},
				"south": {"uv": [13.875, 1.25, 14.75, 2.25], "texture": "#0"},
				"west": {"uv": [13.875, 1.25, 14.75, 2.25], "texture": "#0"},
				"up": {"uv": [13.875, 1.25, 14.75, 2.25], "texture": "#0"},
				"down": {"uv": [13.875, 1.25, 14.75, 2.25], "texture": "#0"}
			}
		},
		{
			"from": [7.75, 5.25, 15],
			"to": [8.5, 5.75, 15.25],
			"faces": {
				"north": {"uv": [13.875, 1.25, 14.75, 2.25], "texture": "#0"},
				"east": {"uv": [13.875, 1.25, 14.75, 2.25], "texture": "#0"},
				"south": {"uv": [13.875, 1.25, 14.75, 2.25], "texture": "#0"},
				"west": {"uv": [13.875, 1.25, 14.75, 2.25], "texture": "#0"},
				"up": {"uv": [13.875, 1.25, 14.75, 2.25], "texture": "#0"},
				"down": {"uv": [13.875, 1.25, 14.75, 2.25], "texture": "#0"}
			}
		},
		{
			"from": [7.75, 5.75, 11.25],
			"to": [8.5, 7.25, 11.5],
			"faces": {
				"north": {"uv": [13.875, 1.25, 14.75, 2.25], "texture": "#0"},
				"east": {"uv": [13.875, 1.25, 14.75, 2.25], "texture": "#0"},
				"south": {"uv": [13.875, 1.25, 14.75, 2.25], "texture": "#0"},
				"west": {"uv": [13.875, 1.25, 14.75, 2.25], "texture": "#0"},
				"up": {"uv": [13.875, 1.25, 14.75, 2.25], "texture": "#0"},
				"down": {"uv": [13.875, 1.25, 14.75, 2.25], "texture": "#0"}
			}
		},
		{
			"from": [7.75, 5.75, 14.75],
			"to": [8.5, 6.5, 15],
			"faces": {
				"north": {"uv": [13.875, 1.25, 14.75, 2.25], "texture": "#0"},
				"east": {"uv": [13.875, 1.25, 14.75, 2.25], "texture": "#0"},
				"south": {"uv": [13.875, 1.25, 14.75, 2.25], "texture": "#0"},
				"west": {"uv": [13.875, 1.25, 14.75, 2.25], "texture": "#0"},
				"up": {"uv": [13.875, 1.25, 14.75, 2.25], "texture": "#0"},
				"down": {"uv": [13.875, 1.25, 14.75, 2.25], "texture": "#0"}
			}
		},
		{
			"from": [7.75, 6.25, 14.5],
			"to": [8.5, 7.25, 14.75],
			"faces": {
				"north": {"uv": [13.875, 1.25, 14.75, 2.25], "texture": "#0"},
				"east": {"uv": [13.875, 1.25, 14.75, 2.25], "texture": "#0"},
				"south": {"uv": [13.875, 1.25, 14.75, 2.25], "texture": "#0"},
				"west": {"uv": [13.875, 1.25, 14.75, 2.25], "texture": "#0"},
				"up": {"uv": [13.875, 1.25, 14.75, 2.25], "texture": "#0"},
				"down": {"uv": [13.875, 1.25, 14.75, 2.25], "texture": "#0"}
			}
		},
		{
			"from": [7.75, 6.5, 11],
			"to": [8.5, 8, 11.25],
			"faces": {
				"north": {"uv": [13.875, 1.25, 14.75, 2.25], "texture": "#0"},
				"east": {"uv": [13.875, 1.25, 14.75, 2.25], "texture": "#0"},
				"south": {"uv": [13.875, 1.25, 14.75, 2.25], "texture": "#0"},
				"west": {"uv": [13.875, 1.25, 14.75, 2.25], "texture": "#0"},
				"up": {"uv": [13.875, 1.25, 14.75, 2.25], "texture": "#0"},
				"down": {"uv": [13.875, 1.25, 14.75, 2.25], "texture": "#0"}
			}
		},
		{
			"from": [7.75, 7, 14.25],
			"to": [8.5, 8, 14.5],
			"faces": {
				"north": {"uv": [13.875, 1.25, 14.75, 2.25], "texture": "#0"},
				"east": {"uv": [13.875, 1.25, 14.75, 2.25], "texture": "#0"},
				"south": {"uv": [13.875, 1.25, 14.75, 2.25], "texture": "#0"},
				"west": {"uv": [13.875, 1.25, 14.75, 2.25], "texture": "#0"},
				"up": {"uv": [13.875, 1.25, 14.75, 2.25], "texture": "#0"},
				"down": {"uv": [13.875, 1.25, 14.75, 2.25], "texture": "#0"}
			}
		},
		{
			"from": [7.75, 7.25, 10.75],
			"to": [8.5, 9, 11],
			"faces": {
				"north": {"uv": [13.875, 1.25, 14.75, 2.25], "texture": "#0"},
				"east": {"uv": [13.875, 1.25, 14.75, 2.25], "texture": "#0"},
				"south": {"uv": [13.875, 1.25, 14.75, 2.25], "texture": "#0"},
				"west": {"uv": [13.875, 1.25, 14.75, 2.25], "texture": "#0"},
				"up": {"uv": [13.875, 1.25, 14.75, 2.25], "texture": "#0"},
				"down": {"uv": [13.875, 1.25, 14.75, 2.25], "texture": "#0"}
			}
		},
		{
			"from": [7.75, 7.5, 14],
			"to": [8.5, 11, 14.25],
			"faces": {
				"north": {"uv": [13.875, 1.25, 14.75, 2.25], "texture": "#0"},
				"east": {"uv": [13.875, 1.25, 14.75, 2.25], "texture": "#0"},
				"south": {"uv": [13.875, 1.25, 14.75, 2.25], "texture": "#0"},
				"west": {"uv": [13.875, 1.25, 14.75, 2.25], "texture": "#0"},
				"up": {"uv": [13.875, 1.25, 14.75, 2.25], "texture": "#0"},
				"down": {"uv": [13.875, 1.25, 14.75, 2.25], "texture": "#0"}
			}
		},
		{
			"from": [7.75, 8, 7.75],
			"to": [8.5, 8.25, 10.75],
			"faces": {
				"north": {"uv": [1.75, 4, 1.875, 7.25], "texture": "#0"},
				"east": {"uv": [1.75, 4, 1.875, 7.25], "texture": "#0"},
				"south": {"uv": [1.75, 4, 1.875, 7.25], "texture": "#0"},
				"west": {"uv": [1.75, 4, 1.875, 7.25], "texture": "#0"},
				"up": {"uv": [1.75, 4, 1.875, 7.25], "texture": "#0"},
				"down": {"uv": [1.75, 4, 1.875, 7.25], "texture": "#0"}
			}
		},
		{
			"from": [7.75, 8.25, 7.5],
			"to": [8.5, 8.5, 7.75],
			"faces": {
				"north": {"uv": [1.75, 4, 1.875, 7.25], "texture": "#0"},
				"east": {"uv": [1.75, 4, 1.875, 7.25], "texture": "#0"},
				"south": {"uv": [1.75, 4, 1.875, 7.25], "texture": "#0"},
				"west": {"uv": [2.625, 0, 3.125, 1.25], "texture": "#0"},
				"up": {"uv": [1.75, 4, 1.875, 7.25], "texture": "#0"},
				"down": {"uv": [1.75, 4, 1.875, 7.25], "texture": "#0"}
			}
		},
		{
			"from": [7.75, 8.25, 9.75],
			"to": [8.5, 11, 10.5],
			"faces": {
				"north": {"uv": [2, 13.625, 5.375, 16], "texture": "#0"},
				"east": {"uv": [2, 13.625, 5.375, 16], "texture": "#0"},
				"south": {"uv": [2, 13.625, 5.375, 16], "texture": "#0"},
				"west": {"uv": [2, 13.625, 5.375, 16], "texture": "#0"},
				"up": {"uv": [2, 13.625, 5.375, 16], "texture": "#0"},
				"down": {"uv": [2, 13.625, 5.375, 16], "texture": "#0"}
			}
		},
		{
			"from": [7.75, 8.25, 10.5],
			"to": [8.5, 9.5, 10.75],
			"faces": {
				"north": {"uv": [13.875, 1.25, 14.75, 2.25], "texture": "#0"},
				"east": {"uv": [13.875, 1.25, 14.75, 2.25], "texture": "#0"},
				"south": {"uv": [13.875, 1.25, 14.75, 2.25], "texture": "#0"},
				"west": {"uv": [13.875, 1.25, 14.75, 2.25], "texture": "#0"},
				"up": {"uv": [13.875, 1.25, 14.75, 2.25], "texture": "#0"},
				"down": {"uv": [13.875, 1.25, 14.75, 2.25], "texture": "#0"}
			}
		},
		{
			"from": [7.75, 8.25, 13.75],
			"to": [8.5, 11, 14],
			"faces": {
				"north": {"uv": [13.875, 1.25, 14.75, 2.25], "texture": "#0"},
				"east": {"uv": [13.875, 1.25, 14.75, 2.25], "texture": "#0"},
				"south": {"uv": [13.875, 1.25, 14.75, 2.25], "texture": "#0"},
				"west": {"uv": [13.875, 1.25, 14.75, 2.25], "texture": "#0"},
				"up": {"uv": [13.875, 1.25, 14.75, 2.25], "texture": "#0"},
				"down": {"uv": [13.875, 1.25, 14.75, 2.25], "texture": "#0"}
			}
		},
		{
			"from": [7.75, 8.5, 7.25],
			"to": [8.5, 8.75, 7.5],
			"faces": {
				"north": {"uv": [1.75, 4, 1.875, 7.25], "texture": "#0"},
				"east": {"uv": [1.75, 4, 1.875, 7.25], "texture": "#0"},
				"south": {"uv": [1.75, 4, 1.875, 7.25], "texture": "#0"},
				"west": {"uv": [1.75, 4, 1.875, 7.25], "texture": "#0"},
				"up": {"uv": [1.75, 4, 1.875, 7.25], "texture": "#0"},
				"down": {"uv": [1.75, 4, 1.875, 7.25], "texture": "#0"}
			}
		},
		{
			"from": [7.75, 8.75, 7],
			"to": [8.5, 11, 7.25],
			"faces": {
				"north": {"uv": [1.75, 4, 1.875, 7.25], "texture": "#0"},
				"east": {"uv": [1.75, 4, 1.875, 7.25], "texture": "#0"},
				"south": {"uv": [1.75, 4, 1.875, 7.25], "texture": "#0"},
				"west": {"uv": [2.625, 0, 3.125, 1.25], "texture": "#0"},
				"up": {"uv": [1.75, 4, 1.875, 7.25], "texture": "#0"},
				"down": {"uv": [1.75, 4, 1.875, 7.25], "texture": "#0"}
			}
		},
		{
			"from": [7.75, 8.75, 13.5],
			"to": [8.5, 11, 13.75],
			"faces": {
				"north": {"uv": [13.875, 1.25, 14.75, 2.25], "texture": "#0"},
				"east": {"uv": [13.875, 1.25, 14.75, 2.25], "texture": "#0"},
				"south": {"uv": [13.875, 1.25, 14.75, 2.25], "texture": "#0"},
				"west": {"uv": [13.875, 1.25, 14.75, 2.25], "texture": "#0"},
				"up": {"uv": [13.875, 1.25, 14.75, 2.25], "texture": "#0"},
				"down": {"uv": [13.875, 1.25, 14.75, 2.25], "texture": "#0"}
			}
		},
		{
			"from": [7.75, 9.5, 13.25],
			"to": [8.5, 11, 13.5],
			"faces": {
				"north": {"uv": [13.875, 1.25, 14.75, 2.25], "texture": "#0"},
				"east": {"uv": [13.875, 1.25, 14.75, 2.25], "texture": "#0"},
				"south": {"uv": [13.875, 1.25, 14.75, 2.25], "texture": "#0"},
				"west": {"uv": [13.875, 1.25, 14.75, 2.25], "texture": "#0"},
				"up": {"uv": [13.875, 1.25, 14.75, 2.25], "texture": "#0"},
				"down": {"uv": [13.875, 1.25, 14.75, 2.25], "texture": "#0"}
			}
		},
		{
			"from": [7.75, 9.5, 14.25],
			"to": [8.1, 10.75, 14.5],
			"faces": {
				"north": {"uv": [4, 3.75, 5.25, 2.625], "texture": "#0"},
				"east": {"uv": [4, 3.75, 5.25, 2.625], "texture": "#0"},
				"south": {"uv": [4, 3.75, 5.25, 2.625], "texture": "#0"},
				"west": {"uv": [4, 3.75, 5.25, 2.625], "texture": "#0"},
				"up": {"uv": [4, 3.75, 5.25, 2.625], "texture": "#0"},
				"down": {"uv": [4, 3.75, 5.25, 2.625], "texture": "#0"}
			}
		},
		{
			"from": [7.75, 9.75, 14.5],
			"to": [7.9, 10.35, 14.75],
			"faces": {
				"north": {"uv": [4, 3.75, 5.25, 2.625], "texture": "#0"},
				"east": {"uv": [4, 3.75, 5.25, 2.625], "texture": "#0"},
				"south": {"uv": [4, 3.75, 5.25, 2.625], "texture": "#0"},
				"west": {"uv": [4, 3.75, 5.25, 2.625], "texture": "#0"},
				"up": {"uv": [4, 3.75, 5.25, 2.625], "texture": "#0"},
				"down": {"uv": [4, 3.75, 5.25, 2.625], "texture": "#0"}
			}
		},
		{
			"from": [7.75, 9.75, 14.75],
			"to": [8, 10, 15.5],
			"faces": {
				"north": {"uv": [4, 3.75, 5.25, 2.625], "texture": "#0"},
				"east": {"uv": [4, 3.75, 5.25, 2.625], "texture": "#0"},
				"south": {"uv": [4, 3.75, 5.25, 2.625], "texture": "#0"},
				"west": {"uv": [4, 3.75, 5.25, 2.625], "texture": "#0"},
				"up": {"uv": [4, 3.75, 5.25, 2.625], "texture": "#0"},
				"down": {"uv": [4, 3.75, 5.25, 2.625], "texture": "#0"}
			}
		},
		{
			"from": [7.75, 9.95, 14.75],
			"to": [8, 10.1, 15.2],
			"rotation": {"angle": 0, "axis": "y", "origin": [0, 0.2, -0.5]},
			"faces": {
				"north": {"uv": [4, 3.75, 5.25, 2.625], "texture": "#0"},
				"east": {"uv": [4, 3.75, 5.25, 2.625], "texture": "#0"},
				"south": {"uv": [4, 3.75, 5.25, 2.625], "texture": "#0"},
				"west": {"uv": [4, 3.75, 5.25, 2.625], "texture": "#0"},
				"up": {"uv": [4, 3.75, 5.25, 2.625], "texture": "#0"},
				"down": {"uv": [4, 3.75, 5.25, 2.625], "texture": "#0"}
			}
		},
		{
			"from": [7.75, 9.65, 15.35],
			"to": [8, 9.8, 15.5],
			"rotation": {"angle": 0, "axis": "y", "origin": [0, -0.1, -0.2]},
			"faces": {
				"north": {"uv": [4, 3.75, 5.25, 2.625], "texture": "#0"},
				"east": {"uv": [4, 3.75, 5.25, 2.625], "texture": "#0"},
				"south": {"uv": [4, 3.75, 5.25, 2.625], "texture": "#0"},
				"west": {"uv": [4, 3.75, 5.25, 2.625], "texture": "#0"},
				"up": {"uv": [4, 3.75, 5.25, 2.625], "texture": "#0"},
				"down": {"uv": [4, 3.75, 5.25, 2.625], "texture": "#0"}
			}
		},
		{
			"from": [7.65, 9.75, 15.5],
			"to": [7.8, 10.25, 15.8],
			"rotation": {"angle": 0, "axis": "y", "origin": [-0.1, 0, 0]},
			"faces": {
				"north": {"uv": [4, 3.75, 5.25, 2.625], "texture": "#0"},
				"east": {"uv": [4, 3.75, 5.25, 2.625], "texture": "#0"},
				"south": {"uv": [4, 3.75, 5.25, 2.625], "texture": "#0"},
				"west": {"uv": [4, 3.75, 5.25, 2.625], "texture": "#0"},
				"up": {"uv": [4, 3.75, 5.25, 2.625], "texture": "#0"},
				"down": {"uv": [4, 3.75, 5.25, 2.625], "texture": "#0"}
			}
		},
		{
			"from": [7.55, 10.15, 15.6],
			"to": [7.7, 10.65, 15.8],
			"rotation": {"angle": 0, "axis": "y", "origin": [-0.2, 0.4, -0.2]},
			"faces": {
				"north": {"uv": [4, 3.75, 5.25, 2.625], "texture": "#0"},
				"east": {"uv": [4, 3.75, 5.25, 2.625], "texture": "#0"},
				"south": {"uv": [4, 3.75, 5.25, 2.625], "texture": "#0"},
				"west": {"uv": [4, 3.75, 5.25, 2.625], "texture": "#0"},
				"up": {"uv": [4, 3.75, 5.25, 2.625], "texture": "#0"},
				"down": {"uv": [4, 3.75, 5.25, 2.625], "texture": "#0"}
			}
		},
		{
			"from": [7.75, 10, 6.75],
			"to": [8.5, 11, 7],
			"faces": {
				"north": {"uv": [1.75, 4, 1.875, 7.25], "texture": "#0"},
				"east": {"uv": [1.75, 4, 1.875, 7.25], "texture": "#0"},
				"south": {"uv": [1.75, 4, 1.875, 7.25], "texture": "#0"},
				"west": {"uv": [2.625, 0, 3.125, 1.25], "texture": "#0"},
				"up": {"uv": [1.75, 4, 1.875, 7.25], "texture": "#0"},
				"down": {"uv": [1.75, 4, 1.875, 7.25], "texture": "#0"}
			}
		},
		{
			"from": [7.75, 10, 7.25],
			"to": [8.5, 11, 9.75],
			"faces": {
				"north": {"uv": [2, 13.625, 5.375, 16], "texture": "#0"},
				"east": {"uv": [2, 13.625, 5.375, 16], "texture": "#0"},
				"south": {"uv": [2, 13.625, 5.375, 16], "texture": "#0"},
				"west": {"uv": [2, 13.625, 5.375, 16], "texture": "#0"},
				"up": {"uv": [2, 13.625, 5.375, 16], "texture": "#0"},
				"down": {"uv": [2, 13.625, 5.375, 16], "texture": "#0"}
			}
		},
		{
			"from": [7.75, 10, 13],
			"to": [8.5, 11, 13.25],
			"faces": {
				"north": {"uv": [13.875, 1.25, 14.75, 2.25], "texture": "#0"},
				"east": {"uv": [13.875, 1.25, 14.75, 2.25], "texture": "#0"},
				"south": {"uv": [13.875, 1.25, 14.75, 2.25], "texture": "#0"},
				"west": {"uv": [13.875, 1.25, 14.75, 2.25], "texture": "#0"},
				"up": {"uv": [13.875, 1.25, 14.75, 2.25], "texture": "#0"},
				"down": {"uv": [13.875, 1.25, 14.75, 2.25], "texture": "#0"}
			}
		},
		{
			"from": [7.75, 10.25, 3.25],
			"to": [8.5, 11, 6.75],
			"faces": {
				"north": {"uv": [2, 13.625, 5.375, 16], "texture": "#0"},
				"east": {"uv": [2, 13.625, 5.375, 16], "texture": "#0"},
				"south": {"uv": [2, 13.625, 5.375, 16], "texture": "#0"},
				"west": {"uv": [2, 13.625, 5.375, 16], "texture": "#0"},
				"up": {"uv": [2, 13.625, 5.375, 16], "texture": "#0"},
				"down": {"uv": [2, 13.625, 5.375, 16], "texture": "#0"}
			}
		},
		{
			"from": [7.75, 10.5, 10.5],
			"to": [8.5, 11, 10.75],
			"faces": {
				"east": {"uv": [5, 0.875, 4.875, 1.125], "texture": "#0"},
				"south": {"uv": [15.625, 14.25, 16, 14.5], "texture": "#missing"},
				"west": {"uv": [5, 8.5, 5.125, 8.75], "texture": "#0"}
			}
		},
		{
			"from": [7.75, 10.5, 12.5],
			"to": [8.5, 11, 13],
			"faces": {
				"north": {"uv": [13.875, 1.25, 14.75, 2.25], "texture": "#0"},
				"east": {"uv": [13.875, 1.25, 14.75, 2.25], "texture": "#0"},
				"south": {"uv": [13.875, 1.25, 14.75, 2.25], "texture": "#0"},
				"west": {"uv": [13.875, 1.25, 14.75, 2.25], "texture": "#0"},
				"up": {"uv": [13.875, 1.25, 14.75, 2.25], "texture": "#0"},
				"down": {"uv": [13.875, 1.25, 14.75, 2.25], "texture": "#0"}
			}
		},
		{
			"from": [7.75, 10.75, 10.75],
			"to": [8.5, 11, 12.5],
			"faces": {
				"north": {"uv": [13.875, 1.25, 14.75, 2.25], "texture": "#0"},
				"east": {"uv": [13.875, 1.25, 14.75, 2.25], "texture": "#0"},
				"south": {"uv": [13.875, 1.25, 14.75, 2.25], "texture": "#0"},
				"west": {"uv": [13.875, 1.25, 14.75, 2.25], "texture": "#0"},
				"up": {"uv": [13.875, 1.25, 14.75, 2.25], "texture": "#0"},
				"down": {"uv": [13.875, 1.25, 14.75, 2.25], "texture": "#0"}
			}
		},
		{
			"from": [7.75, 11, 2.25],
			"to": [8.5, 11.25, 3.25],
			"faces": {
				"north": {"uv": [2, 13.625, 5.375, 16], "texture": "#0"},
				"east": {"uv": [2, 13.625, 5.375, 16], "texture": "#0"},
				"south": {"uv": [2, 13.625, 5.375, 16], "texture": "#0"},
				"west": {"uv": [2, 13.625, 5.375, 16], "texture": "#0"},
				"up": {"uv": [2, 13.625, 5.375, 16], "texture": "#0"},
				"down": {"uv": [2, 13.625, 5.375, 16], "texture": "#0"}
			}
		},
		{
			"from": [7.75, 11.5, 0.25],
			"to": [8.5, 11.75, 2.25],
			"faces": {
				"north": {"uv": [2, 13.625, 5.375, 16], "texture": "#0"},
				"east": {"uv": [2, 13.625, 5.375, 16], "texture": "#0"},
				"south": {"uv": [2, 13.625, 5.375, 16], "texture": "#0"},
				"west": {"uv": [2, 13.625, 5.375, 16], "texture": "#0"},
				"up": {"uv": [2, 13.625, 5.375, 16], "texture": "#0"},
				"down": {"uv": [2, 13.625, 5.375, 16], "texture": "#0"}
			}
		},
		{
			"from": [7.75, 11.75, 0],
			"to": [8.5, 12.5, 0.25],
			"faces": {
				"north": {"uv": [8.875, 1.75, 12.375, 2.75], "texture": "#0"},
				"east": {"uv": [8.875, 1.75, 12.375, 2.75], "texture": "#0"},
				"south": {"uv": [8.875, 1.75, 12.375, 2.75], "texture": "#0"},
				"west": {"uv": [8.875, 1.75, 12.375, 2.75], "texture": "#0"},
				"up": {"uv": [8.875, 1.75, 12.375, 2.75], "texture": "#0"},
				"down": {"uv": [8.875, 1.75, 12.375, 2.75], "texture": "#0"}
			}
		},
		{
			"from": [7.75, 11.75, 14],
			"to": [8.5, 12.25, 14.25],
			"faces": {
				"north": {"uv": [0, 0, 1.375, 1.5], "texture": "#0"},
				"east": {"uv": [0, 0, 1.375, 1.5], "texture": "#0"},
				"south": {"uv": [0, 0, 1.375, 1.5], "texture": "#0"},
				"west": {"uv": [0, 0, 1.375, 1.5], "texture": "#0"},
				"up": {"uv": [0, 0, 1.375, 1.5], "texture": "#0"},
				"down": {"uv": [0, 0, 1.375, 1.5], "texture": "#0"}
			}
		},
		{
			"from": [7.75, 12, 14.25],
			"to": [8.5, 12.5, 14.5],
			"faces": {
				"north": {"uv": [0, 0, 1.375, 1.5], "texture": "#0"},
				"east": {"uv": [0, 0, 1.375, 1.5], "texture": "#0"},
				"south": {"uv": [0, 0, 1.375, 1.5], "texture": "#0"},
				"west": {"uv": [0, 0, 1.375, 1.5], "texture": "#0"},
				"up": {"uv": [0, 0, 1.375, 1.5], "texture": "#0"},
				"down": {"uv": [0, 0, 1.375, 1.5], "texture": "#0"}
			}
		},
		{
			"from": [8.15, 12.25, 14.5],
			"to": [8.65, 12.75, 14.75],
			"rotation": {"angle": 0, "axis": "y", "origin": [0.4, 0, 0]},
			"faces": {
				"north": {"uv": [0, 0, 0.375, 0.75], "texture": "#0"},
				"east": {"uv": [0, 0, 0.375, 0.75], "texture": "#0"},
				"south": {"uv": [0, 0, 0.25, 1.25], "texture": "#0"},
				"west": {"uv": [0, 0, 0.375, 0.75], "texture": "#0"},
				"up": {"uv": [0, 0, 0.375, 0.75], "texture": "#0"},
				"down": {"uv": [0, 0, 0.375, 0.75], "texture": "#0"}
			}
		},
		{
			"from": [8.45, 12.75, 14.5],
			"to": [8.75, 13.05, 14.8],
			"rotation": {"angle": 0, "axis": "y", "origin": [0.7, 0.5, 0]},
			"faces": {
				"north": {"uv": [0, 0, 0.375, 0.75], "texture": "#0"},
				"east": {"uv": [0, 0, 0.375, 0.75], "texture": "#0"},
				"south": {"uv": [0, 0, 0.25, 1.25], "texture": "#0"},
				"west": {"uv": [0, 0, 0.375, 0.75], "texture": "#0"},
				"up": {"uv": [0, 0, 0.375, 0.75], "texture": "#0"},
				"down": {"uv": [0, 0, 0.375, 0.75], "texture": "#0"}
			}
		},
		{
			"from": [8.55, 13.05, 14.5],
			"to": [8.75, 13.45, 14.7],
			"rotation": {"angle": 0, "axis": "y", "origin": [0.8, 0.8, 0]},
			"faces": {
				"north": {"uv": [0, 0, 0.375, 0.75], "texture": "#0"},
				"east": {"uv": [0, 0, 0.375, 0.75], "texture": "#0"},
				"south": {"uv": [0, 0, 0.25, 1.25], "texture": "#0"},
				"west": {"uv": [0, 0, 0.375, 0.75], "texture": "#0"},
				"up": {"uv": [0, 0, 0.375, 0.75], "texture": "#0"},
				"down": {"uv": [0, 0, 0.375, 0.75], "texture": "#0"}
			}
		},
		{
			"from": [7.75, 12.5, 0.25],
			"to": [8.5, 13, 7],
			"faces": {
				"north": {"uv": [8.875, 1.75, 12.375, 2.75], "texture": "#0"},
				"east": {"uv": [8.875, 1.75, 12.375, 2.75], "texture": "#0"},
				"south": {"uv": [8.875, 1.75, 12.375, 2.75], "texture": "#0"},
				"west": {"uv": [8.875, 1.75, 12.375, 2.75], "texture": "#0"},
				"up": {"uv": [8.875, 1.75, 12.375, 2.75], "texture": "#0"},
				"down": {"uv": [8.875, 1.75, 12.375, 2.75], "texture": "#0"}
			}
		},
		{
			"from": [7.75, 12.5, 7],
			"to": [8.25, 13, 14],
			"faces": {
				"north": {"uv": [8.875, 1.75, 12.375, 2.75], "texture": "#0"},
				"east": {"uv": [8.875, 1.75, 12.375, 2.75], "texture": "#0"},
				"south": {"uv": [8.875, 1.75, 12.375, 2.75], "texture": "#0"},
				"west": {"uv": [8.875, 1.75, 12.375, 2.75], "texture": "#0"},
				"up": {"uv": [8.875, 1.75, 12.375, 2.75], "texture": "#0"},
				"down": {"uv": [8.875, 1.75, 12.375, 2.75], "texture": "#0"}
			}
		},
		{
			"from": [7.75, 13, 12.5],
			"to": [8, 13.25, 13],
			"faces": {
				"north": {"uv": [4, 3.75, 5.25, 2.625], "texture": "#0"},
				"east": {"uv": [4, 3.75, 5.25, 2.625], "texture": "#0"},
				"south": {"uv": [4, 3.75, 5.25, 2.625], "texture": "#0"},
				"west": {"uv": [4, 3.75, 5.25, 2.625], "texture": "#0"},
				"up": {"uv": [4, 3.75, 5.25, 2.625], "texture": "#0"},
				"down": {"uv": [4, 3.75, 5.25, 2.625], "texture": "#0"}
			}
		},
		{
			"from": [8, 8.25, 9],
			"to": [8.25, 8.75, 9.75],
			"faces": {
				"north": {"uv": [13.875, 1.25, 14.75, 2.25], "texture": "#0"},
				"east": {"uv": [13.875, 1.25, 14.75, 2.25], "texture": "#0"},
				"south": {"uv": [13.875, 1.25, 14.75, 2.25], "texture": "#0"},
				"west": {"uv": [13.875, 1.25, 14.75, 2.25], "texture": "#0"},
				"up": {"uv": [13.875, 1.25, 14.75, 2.25], "texture": "#0"},
				"down": {"uv": [13.875, 1.25, 14.75, 2.25], "texture": "#0"}
			}
		},
		{
			"from": [8, 8.75, 9.25],
			"to": [8.25, 10, 9.75],
			"faces": {
				"north": {"uv": [13.875, 1.25, 14.75, 2.25], "texture": "#0"},
				"east": {"uv": [13.875, 1.25, 14.75, 2.25], "texture": "#0"},
				"south": {"uv": [13.875, 1.25, 14.75, 2.25], "texture": "#0"},
				"west": {"uv": [13.875, 1.25, 14.75, 2.25], "texture": "#0"},
				"up": {"uv": [13.875, 1.25, 14.75, 2.25], "texture": "#0"},
				"down": {"uv": [13.875, 1.25, 14.75, 2.25], "texture": "#0"}
			}
		},
		{
			"from": [8, 9.75, 9],
			"to": [8.25, 10, 9.25],
			"faces": {
				"north": {"uv": [13.875, 1.25, 14.75, 2.25], "texture": "#0"},
				"east": {"uv": [13.875, 1.25, 14.75, 2.25], "texture": "#0"},
				"south": {"uv": [13.875, 1.25, 14.75, 2.25], "texture": "#0"},
				"west": {"uv": [13.875, 1.25, 14.75, 2.25], "texture": "#0"},
				"up": {"uv": [13.875, 1.25, 14.75, 2.25], "texture": "#0"},
				"down": {"uv": [13.875, 1.25, 14.75, 2.25], "texture": "#0"}
			}
		},
		{
			"from": [8, 10.5, 0.25],
			"to": [8.25, 11.5, 2.25],
			"faces": {
				"north": {"uv": [2, 13.625, 5.375, 16], "texture": "#0"},
				"east": {"uv": [2, 13.625, 5.375, 16], "texture": "#0"},
				"south": {"uv": [2, 13.625, 5.375, 16], "texture": "#0"},
				"west": {"uv": [2, 13.625, 5.375, 16], "texture": "#0"},
				"up": {"uv": [2, 13.625, 5.375, 16], "texture": "#0"},
				"down": {"uv": [2, 13.625, 5.375, 16], "texture": "#0"}
			}
		},
		{
			"from": [8, 10.5, 2.25],
			"to": [8.25, 11, 3.25],
			"faces": {
				"north": {"uv": [2, 13.625, 5.375, 16], "texture": "#0"},
				"east": {"uv": [2, 13.625, 5.375, 16], "texture": "#0"},
				"south": {"uv": [2, 13.625, 5.375, 16], "texture": "#0"},
				"west": {"uv": [2, 13.625, 5.375, 16], "texture": "#0"},
				"up": {"uv": [2, 13.625, 5.375, 16], "texture": "#0"},
				"down": {"uv": [2, 13.625, 5.375, 16], "texture": "#0"}
			}
		},
		{
			"from": [8, 13, 0.75],
			"to": [8.25, 13.25, 1.25],
			"faces": {
				"north": {"uv": [4, 3.75, 5.25, 2.625], "texture": "#0"},
				"east": {"uv": [4, 3.75, 5.25, 2.625], "texture": "#0"},
				"south": {"uv": [4, 3.75, 5.25, 2.625], "texture": "#0"},
				"west": {"uv": [4, 3.75, 5.25, 2.625], "texture": "#0"},
				"up": {"uv": [4, 3.75, 5.25, 2.625], "texture": "#0"},
				"down": {"uv": [4, 3.75, 5.25, 2.625], "texture": "#0"}
			}
		},
		{
			"from": [8.25, 12.5, 9.25],
			"to": [8.5, 13, 14],
			"faces": {
				"north": {"uv": [8.875, 1.75, 12.375, 2.75], "texture": "#0"},
				"east": {"uv": [8.875, 1.75, 12.375, 2.75], "texture": "#0"},
				"south": {"uv": [8.875, 1.75, 12.375, 2.75], "texture": "#0"},
				"west": {"uv": [8.875, 1.75, 12.375, 2.75], "texture": "#0"},
				"up": {"uv": [8.875, 1.75, 12.375, 2.75], "texture": "#0"},
				"down": {"uv": [8.875, 1.75, 12.375, 2.75], "texture": "#0"}
			}
		},
		{
			"from": [8.25, 12.75, 7],
			"to": [8.5, 13, 9.25],
			"faces": {
				"north": {"uv": [8.875, 1.75, 12.375, 2.75], "texture": "#0"},
				"east": {"uv": [8.875, 1.75, 12.375, 2.75], "texture": "#0"},
				"south": {"uv": [8.875, 1.75, 12.375, 2.75], "texture": "#0"},
				"west": {"uv": [8.875, 1.75, 12.375, 2.75], "texture": "#0"},
				"up": {"uv": [8.875, 1.75, 12.375, 2.75], "texture": "#0"},
				"down": {"uv": [8.875, 1.75, 12.375, 2.75], "texture": "#0"}
			}
		},
		{
			"from": [8.25, 13, 12.5],
			"to": [8.5, 13.25, 13],
			"faces": {
				"north": {"uv": [4, 3.75, 5.25, 2.625], "texture": "#0"},
				"east": {"uv": [4, 3.75, 5.25, 2.625], "texture": "#0"},
				"south": {"uv": [4, 3.75, 5.25, 2.625], "texture": "#0"},
				"west": {"uv": [4, 3.75, 5.25, 2.625], "texture": "#0"},
				"up": {"uv": [4, 3.75, 5.25, 2.625], "texture": "#0"},
				"down": {"uv": [4, 3.75, 5.25, 2.625], "texture": "#0"}
			}
		},
		{
			"from": [8.5, 12, 9.25],
			"to": [8.75, 12.5, 14],
			"faces": {
				"north": {"uv": [8.75, 0, 12.125, 0.875], "texture": "#0"},
				"east": {"uv": [8.75, 0, 12.125, 0.875], "texture": "#0"},
				"south": {"uv": [8.75, 0, 12.125, 0.875], "texture": "#0"},
				"west": {"uv": [8.75, 0, 12.125, 0.875], "texture": "#0"},
				"up": {"uv": [8.75, 0, 12.125, 0.875], "texture": "#0"},
				"down": {"uv": [8.75, 0, 12.125, 0.875], "texture": "#0"}
			}
		}
	],
	"display": {
		"thirdperson_righthand": {
			"translation": [0, 0.05, 0],
			"scale": [0.5, 0.5, 0.5]
		},
		"thirdperson_lefthand": {
			"translation": [0, 0.05, 0],
			"scale": [0.5, 0.5, 0.5]
		},
		"firstperson_righthand": {
			"rotation": [-5, -7, -1],
			"translation": [1.29, 1.517, -1.08],
			"scale": [0.75, 0.75, 0.75]
		},
		"firstperson_lefthand": {
			"rotation": [-2, -83, 5],
			"translation": [0.5, 6.5, 8.25],
			"scale": [0.4, 0.4, 0.4]
		},
		"gui": {
			"rotation": [90, 45, -90],
			"translation": [-1.39, -0.69, 0],
			"scale": [0, 0.9, 0.9]
		},
		"head": {
			"rotation": [0, 0, 90],
			"translation": [0, 6.7, 0],
			"scale": [0.75, 0.75, 0.75]
		},
		"fixed": {
			"rotation": [0, 90, 0]
		},
		"on_shelf": {
			"scale": [3, 3, 3]
		}
	}
}