{
    "sources": [
        {
            "type": "directory",
            "source": "block",
            "prefix": "block/"
        },
        {
            "type": "directory",
            "source": "colormap",
            "prefix": "colormap/"
        },
        {
            "type": "directory",
            "source": "entity",
            "prefix": "entity/"
        },
        {
            "type": "directory",
            "source": "environment",
            "prefix": "environment/"
        },
        {
            "type": "directory",
            "source": "gui",
            "prefix": "gui/"
        },
        {
            "type": "directory",
            "source": "guns",
            "prefix": "guns/"
        },
        {
            "type": "directory",
            "source": "item",
            "prefix": "item/"
        },
        {
            "type": "directory",
            "source": "misc",
            "prefix": "misc/"
        },
        {
            "type": "directory",
            "source": "mob_effect",
            "prefix": "mob_effect/"
        },
        {
            "type": "directory",
            "source": "models",
            "prefix": "models/"
        },
        {
            "type": "directory",
            "source": "painting",
            "prefix": "painting/"
        }
    ]
}