{
	"credit": "Made by samus2002",
	"textures": {
		"0": "rms_the_end_texture/end_scuttler",
		"particle": "rms_the_end_texture/end_scuttler"
	},
	"elements": [
		{
			"from": [1.0125, 7.5, 3.04951],
			"to": [15.0125, 14.5, 12.04951],
			"rotation": {"angle": 0, "axis": "y", "origin": [8.0125, 23.5, 21.04951]},
			"faces": {
				"north": {"uv": [7.75, 5, 9.5, 5.875], "texture": "#0"},
				"east": {"uv": [9.5, 2, 10.625, 2.875], "texture": "#0"},
				"south": {"uv": [1.125, 8, 2.875, 8.875], "texture": "#0"},
				"west": {"uv": [2.875, 9.5, 4, 10.375], "texture": "#0"},
				"up": {"uv": [8.25, 7.5, 6.5, 6.375], "texture": "#0"},
				"down": {"uv": [1.75, 6.75, 0, 7.875], "texture": "#0"}
			}
		},
		{
			"from": [1.0125, 3.5, 3.04951],
			"to": [7.0125, 7.5, 3.04951],
			"rotation": {"angle": 0, "axis": "y", "origin": [8.0125, 21.5, 21.04951]},
			"faces": {
				"north": {"uv": [2.625, 10.5, 3.375, 11], "texture": "#0"},
				"east": {"uv": [10.875, 2.375, 10.875, 2.875], "texture": "#0"},
				"south": {"uv": [3.375, 10.5, 2.625, 11], "texture": "#0"},
				"west": {"uv": [11, 0, 11, 0.5], "texture": "#0"},
				"up": {"uv": [11.625, 3, 10.875, 3], "texture": "#0"},
				"down": {"uv": [11.625, 3.125, 10.875, 3.125], "texture": "#0"}
			}
		},
		{
			"from": [1.0125, 3.5, 3.04951],
			"to": [1.0125, 7.5, 9.04951],
			"rotation": {"angle": 0, "axis": "y", "origin": [8.0125, 21.5, 21.04951]},
			"faces": {
				"north": {"uv": [11, 0.625, 11, 1.125], "texture": "#0"},
				"east": {"uv": [11.25, 7.5, 10.5, 8], "texture": "#0"},
				"south": {"uv": [11, 2.375, 11, 2.875], "texture": "#0"},
				"west": {"uv": [10.5, 7.5, 11.25, 8], "texture": "#0"},
				"up": {"uv": [11, 4, 11, 3.25], "texture": "#0"},
				"down": {"uv": [3.625, 11, 3.625, 11.75], "texture": "#0"}
			}
		},
		{
			"from": [0.8625, 10.5, 2.89951],
			"to": [0.8625, 12.5, 8.89951],
			"rotation": {"angle": 0, "axis": "y", "origin": [7.8625, 23.5, 20.89951]},
			"faces": {
				"north": {"uv": [3.125, 6.5, 3.125, 6.75], "texture": "#0"},
				"east": {"uv": [11.5, 1.5, 10.75, 1.75], "texture": "#0"},
				"south": {"uv": [4.625, 7, 4.625, 7.25], "texture": "#0"},
				"west": {"uv": [10.75, 1.5, 11.5, 1.75], "texture": "#0"},
				"up": {"uv": [3.75, 11.75, 3.75, 11], "texture": "#0"},
				"down": {"uv": [3.875, 11, 3.875, 11.75], "texture": "#0"}
			}
		},
		{
			"from": [0.8625, 10.5, 2.89951],
			"to": [4.8625, 12.5, 2.89951],
			"rotation": {"angle": 0, "axis": "y", "origin": [7.8625, 23.5, 20.89951]},
			"faces": {
				"north": {"uv": [4.125, 7.5, 4.625, 7.75], "texture": "#0"},
				"east": {"uv": [2.875, 6.5, 2.875, 6.75], "texture": "#0"},
				"south": {"uv": [4.625, 7.5, 4.125, 7.75], "texture": "#0"},
				"west": {"uv": [3, 6.5, 3, 6.75], "texture": "#0"},
				"up": {"uv": [8.625, 9.375, 8.125, 9.375], "texture": "#0"},
				"down": {"uv": [8.625, 9.5, 8.125, 9.5], "texture": "#0"}
			}
		},
		{
			"from": [15.1375, 10.5, 2.94951],
			"to": [15.1375, 12.5, 8.94951],
			"rotation": {"angle": 0, "axis": "y", "origin": [8.1375, 23.5, 20.94951]},
			"faces": {
				"north": {"uv": [3.125, 6.5, 3.125, 6.75], "texture": "#0"},
				"east": {"uv": [11.5, 1.5, 10.75, 1.75], "texture": "#0"},
				"south": {"uv": [4.625, 7, 4.625, 7.25], "texture": "#0"},
				"west": {"uv": [10.75, 1.5, 11.5, 1.75], "texture": "#0"},
				"up": {"uv": [3.75, 11.75, 3.75, 11], "texture": "#0"},
				"down": {"uv": [3.875, 11, 3.875, 11.75], "texture": "#0"}
			}
		},
		{
			"from": [11.1375, 10.5, 2.94951],
			"to": [15.1375, 12.5, 2.94951],
			"rotation": {"angle": 0, "axis": "y", "origin": [8.1375, 23.5, 20.94951]},
			"faces": {
				"north": {"uv": [4.625, 7.5, 4.125, 7.75], "texture": "#0"},
				"east": {"uv": [3, 6.5, 3, 6.75], "texture": "#0"},
				"south": {"uv": [4.125, 7.5, 4.625, 7.75], "texture": "#0"},
				"west": {"uv": [2.875, 6.5, 2.875, 6.75], "texture": "#0"},
				"up": {"uv": [8.125, 9.375, 8.625, 9.375], "texture": "#0"},
				"down": {"uv": [8.125, 9.5, 8.625, 9.5], "texture": "#0"}
			}
		},
		{
			"from": [1.0125, 14.5, 3.04951],
			"to": [7.0125, 22.5, 3.04951],
			"rotation": {"angle": 0, "axis": "y", "origin": [8.0125, 32.5, 21.04951]},
			"faces": {
				"north": {"uv": [4.125, 9.625, 4.875, 10.625], "texture": "#0"},
				"east": {"uv": [5.875, 11, 5.875, 12], "texture": "#0"},
				"south": {"uv": [4.875, 9.625, 4.125, 10.625], "texture": "#0"},
				"west": {"uv": [6, 11, 6, 12], "texture": "#0"},
				"up": {"uv": [11.75, 1.25, 11, 1.25], "texture": "#0"},
				"down": {"uv": [11.75, 1.375, 11, 1.375], "texture": "#0"}
			}
		},
		{
			"from": [1.0125, 14.5, 3.04951],
			"to": [1.0125, 22.5, 9.04951],
			"rotation": {"angle": 0, "axis": "y", "origin": [8.0125, 32.5, 21.04951]},
			"faces": {
				"north": {"uv": [11, 6, 11, 7], "texture": "#0"},
				"east": {"uv": [10.375, 7.5, 9.625, 8.5], "texture": "#0"},
				"south": {"uv": [6.125, 11, 6.125, 12], "texture": "#0"},
				"west": {"uv": [9.625, 7.5, 10.375, 8.5], "texture": "#0"},
				"up": {"uv": [6.25, 11.75, 6.25, 11], "texture": "#0"},
				"down": {"uv": [6.375, 11, 6.375, 11.75], "texture": "#0"}
			}
		},
		{
			"from": [15.0125, 14.5, 3.04951],
			"to": [15.0125, 22.5, 9.04951],
			"rotation": {"angle": 0, "axis": "y", "origin": [8.0125, 32.5, 21.04951]},
			"faces": {
				"north": {"uv": [11, 6, 11, 7], "texture": "#0"},
				"east": {"uv": [10.375, 7.5, 9.625, 8.5], "texture": "#0"},
				"south": {"uv": [6.125, 11, 6.125, 12], "texture": "#0"},
				"west": {"uv": [9.625, 7.5, 10.375, 8.5], "texture": "#0"},
				"up": {"uv": [6.25, 11.75, 6.25, 11], "texture": "#0"},
				"down": {"uv": [6.375, 11, 6.375, 11.75], "texture": "#0"}
			}
		},
		{
			"from": [9.0125, 14.5, 3.04951],
			"to": [15.0125, 22.5, 3.04951],
			"rotation": {"angle": 0, "axis": "y", "origin": [8.0125, 32.5, 21.04951]},
			"faces": {
				"north": {"uv": [4.875, 9.625, 4.125, 10.625], "texture": "#0"},
				"east": {"uv": [6, 11, 6, 12], "texture": "#0"},
				"south": {"uv": [4.125, 9.625, 4.875, 10.625], "texture": "#0"},
				"west": {"uv": [5.875, 11, 5.875, 12], "texture": "#0"},
				"up": {"uv": [11, 1.25, 11.75, 1.25], "texture": "#0"},
				"down": {"uv": [11, 1.375, 11.75, 1.375], "texture": "#0"}
			}
		},
		{
			"from": [15.0125, 3.5, 3.04951],
			"to": [15.0125, 7.5, 9.04951],
			"rotation": {"angle": 0, "axis": "y", "origin": [8.0125, 21.5, 21.04951]},
			"faces": {
				"north": {"uv": [11, 0.625, 11, 1.125], "texture": "#0"},
				"east": {"uv": [11.25, 7.5, 10.5, 8], "texture": "#0"},
				"south": {"uv": [11, 2.375, 11, 2.875], "texture": "#0"},
				"west": {"uv": [10.5, 7.5, 11.25, 8], "texture": "#0"},
				"up": {"uv": [11, 4, 11, 3.25], "texture": "#0"},
				"down": {"uv": [3.625, 11, 3.625, 11.75], "texture": "#0"}
			}
		},
		{
			"from": [9.0125, 3.5, 3.04951],
			"to": [15.0125, 7.5, 3.04951],
			"rotation": {"angle": 0, "axis": "y", "origin": [8.0125, 21.5, 21.04951]},
			"faces": {
				"north": {"uv": [3.375, 10.5, 2.625, 11], "texture": "#0"},
				"east": {"uv": [11, 0, 11, 0.5], "texture": "#0"},
				"south": {"uv": [2.625, 10.5, 3.375, 11], "texture": "#0"},
				"west": {"uv": [10.875, 2.375, 10.875, 2.875], "texture": "#0"},
				"up": {"uv": [10.875, 3, 11.625, 3], "texture": "#0"},
				"down": {"uv": [10.875, 3.125, 11.625, 3.125], "texture": "#0"}
			}
		}
	],
	"gui_light": "front",
	"display": {
		"gui": {
			"rotation": [22, 144, 0],
			"translation": [0, -1.25, 0],
			"scale": [0.6, 0.6, 0.6]
		}
	},
	"groups": [
		{
			"name": "h_head",
			"origin": [8.0125, 7.38889, 12.88285],
			"color": 0,
			"children": [
				0,
				1,
				2,
				{
					"name": "h_left_eye",
					"origin": [1.8625, 7, 5.39951],
					"color": 0,
					"children": [3, 4]
				},
				{
					"name": "h_right_eye",
					"origin": [14.1375, 7, 5.44951],
					"color": 0,
					"children": [5, 6]
				},
				7,
				8,
				9,
				10,
				11,
				12,
				{
					"name": "tag_name",
					"origin": [8.0125, 11.38889, 8.88285],
					"color": 0,
					"children": []
				},
				{
					"name": "ob_hb3",
					"origin": [8.0125, 8.57969, 23.60049],
					"color": 0,
					"children": [13]
				}
			]
		}
	]
}