{"textures":{"0":"modelengine:entity/nightharrow_wendigo_texture","particle":"#0"},"elements":[{"from":[16.990852,6.8361435,0.88840485],"to":[16.990852,18.836143,8.888405],"faces":{"east":{"uv":[4.0625,4.3125,4.5625,5.0625],"tintindex":0,"rotation":0,"texture":"#0"},"west":{"uv":[4.5625,4.3125,4.0625,5.0625],"tintindex":0,"rotation":0,"texture":"#0"}},"rotation":{"origin":[7.9908524,12.8361435,4.388405],"angle":-45.0,"axis":"x"}},{"from":[-0.009147644,12.421932,-0.86159515],"to":[5.9908524,14.421932,1.1384048],"faces":{"east":{"uv":[9.1875,8.875,9.0625,9.0],"tintindex":0,"rotation":0,"texture":"#0"},"south":{"uv":[8.875,7.5625,8.5,7.6875],"tintindex":0,"rotation":0,"texture":"#0"},"north":{"uv":[8.875,7.5625,8.5,7.6875],"tintindex":0,"rotation":0,"texture":"#0"},"west":{"uv":[9.1875,8.875,9.0625,9.0],"tintindex":0,"rotation":0,"texture":"#0"},"up":{"uv":[8.625,1.25,9.0,1.125],"tintindex":0,"rotation":0,"texture":"#0"},"down":{"uv":[8.625,1.25,9.0,1.125],"tintindex":0,"rotation":0,"texture":"#0"}},"rotation":{"origin":[2.9908524,13.421932,2.1384048],"angle":-22.5,"axis":"y"}},{"from":[-1.0091476,6.8361435,0.88840485],"to":[-1.0091476,18.836143,8.888405],"faces":{"east":{"uv":[4.0625,4.3125,4.5625,5.0625],"tintindex":0,"rotation":0,"texture":"#0"},"west":{"uv":[4.5625,4.3125,4.0625,5.0625],"tintindex":0,"rotation":0,"texture":"#0"}},"rotation":{"origin":[7.9908524,12.8361435,4.388405],"angle":-45.0,"axis":"x"}},{"from":[-0.009147644,7.421932,4.388405],"to":[5.9908524,9.421932,6.388405],"faces":{"east":{"uv":[9.1875,8.875,9.0625,9.0],"tintindex":0,"rotation":0,"texture":"#0"},"south":{"uv":[8.875,7.5625,8.5,7.6875],"tintindex":0,"rotation":0,"texture":"#0"},"north":{"uv":[8.875,7.5625,8.5,7.6875],"tintindex":0,"rotation":0,"texture":"#0"},"west":{"uv":[9.1875,8.875,9.0625,9.0],"tintindex":0,"rotation":0,"texture":"#0"},"up":{"uv":[8.625,1.25,9.0,1.125],"tintindex":0,"rotation":0,"texture":"#0"},"down":{"uv":[8.625,1.25,9.0,1.125],"tintindex":0,"rotation":0,"texture":"#0"}},"rotation":{"origin":[2.9908524,8.421932,7.388405],"angle":-22.5,"axis":"y"}},{"from":[16.965853,3.7464104,6.0821323],"to":[16.965853,11.74641,18.082132],"faces":{"east":{"uv":[5.1875,0.0,4.4375,0.5],"tintindex":0,"rotation":0,"texture":"#0"},"west":{"uv":[4.4375,0.0,5.1875,0.5],"tintindex":0,"rotation":0,"texture":"#0"}},"rotation":{"origin":[16.990852,4.7464104,12.082132],"angle":22.5,"axis":"x"}},{"from":[-0.984148,3.7464104,6.0821323],"to":[-0.984148,11.74641,18.082132],"faces":{"east":{"uv":[5.1875,0.0,4.4375,0.5],"tintindex":0,"rotation":0,"texture":"#0"},"west":{"uv":[4.4375,0.0,5.1875,0.5],"tintindex":0,"rotation":0,"texture":"#0"}},"rotation":{"origin":[-1.0091476,4.7464104,12.082132],"angle":22.5,"axis":"x"}},{"from":[6.4908524,6.129036,2.1812983],"to":[9.490852,18.129036,6.1812983],"faces":{"east":{"uv":[6.0625,6.5625,6.3125,7.3125],"tintindex":0,"rotation":0,"texture":"#0"},"south":{"uv":[5.75,7.125,5.9375,7.875],"tintindex":0,"rotation":0,"texture":"#0"},"north":{"uv":[5.75,7.125,5.9375,7.875],"tintindex":0,"rotation":0,"texture":"#0"},"west":{"uv":[6.875,1.9375,7.125,2.6875],"tintindex":0,"rotation":0,"texture":"#0"},"up":{"uv":[8.75,0.5,8.5625,0.25],"tintindex":0,"rotation":0,"texture":"#0"},"down":{"uv":[8.75,0.5,8.5625,0.25],"tintindex":0,"rotation":0,"texture":"#0"}},"rotation":{"origin":[7.9908524,12.129036,3.6812983],"angle":-45.0,"axis":"x"}},{"from":[9.990852,7.421932,4.388405],"to":[15.990852,9.421932,6.388405],"faces":{"east":{"uv":[9.0625,8.875,9.1875,9.0],"tintindex":0,"rotation":0,"texture":"#0"},"south":{"uv":[8.5,7.5625,8.875,7.6875],"tintindex":0,"rotation":0,"texture":"#0"},"north":{"uv":[8.5,7.5625,8.875,7.6875],"tintindex":0,"rotation":0,"texture":"#0"},"west":{"uv":[9.0625,8.875,9.1875,9.0],"tintindex":0,"rotation":0,"texture":"#0"},"up":{"uv":[9.0,1.25,8.625,1.125],"tintindex":0,"rotation":0,"texture":"#0"},"down":{"uv":[9.0,1.25,8.625,1.125],"tintindex":0,"rotation":0,"texture":"#0"}},"rotation":{"origin":[12.990852,8.421932,7.388405],"angle":22.5,"axis":"y"}},{"from":[6.1549335,9.94693,-0.81220436],"to":[13.154934,10.94693,1.1877956],"faces":{"east":{"uv":[7.3125,0.875,7.4375,0.9375],"tintindex":0,"rotation":0,"texture":"#0"},"south":{"uv":[8.75,5.1875,9.1875,5.25],"tintindex":0,"rotation":0,"texture":"#0"},"north":{"uv":[2.8125,4.25,3.25,4.3125],"tintindex":0,"rotation":0,"texture":"#0"},"west":{"uv":[7.3125,5.875,7.4375,5.9375],"tintindex":0,"rotation":0,"texture":"#0"},"up":{"uv":[8.875,4.375,8.4375,4.25],"tintindex":0,"rotation":0,"texture":"#0"},"down":{"uv":[8.875,4.4375,8.4375,4.5625],"tintindex":0,"rotation":0,"texture":"#0"}},"rotation":{"origin":[12.904934,10.921932,4.4377956],"angle":-45.0,"axis":"y"}},{"from":[9.990852,12.421932,-0.86159515],"to":[15.990852,14.421932,1.1384048],"faces":{"east":{"uv":[9.0625,8.875,9.1875,9.0],"tintindex":0,"rotation":0,"texture":"#0"},"south":{"uv":[8.5,7.5625,8.875,7.6875],"tintindex":0,"rotation":0,"texture":"#0"},"north":{"uv":[8.5,7.5625,8.875,7.6875],"tintindex":0,"rotation":0,"texture":"#0"},"west":{"uv":[9.0625,8.875,9.1875,9.0],"tintindex":0,"rotation":0,"texture":"#0"},"up":{"uv":[9.0,1.25,8.625,1.125],"tintindex":0,"rotation":0,"texture":"#0"},"down":{"uv":[9.0,1.25,8.625,1.125],"tintindex":0,"rotation":0,"texture":"#0"}},"rotation":{"origin":[12.990852,13.421932,2.1384048],"angle":22.5,"axis":"y"}},{"from":[2.8267708,9.94693,-0.81220436],"to":[9.826771,10.94693,1.1877956],"faces":{"east":{"uv":[7.4375,5.875,7.3125,5.9375],"tintindex":0,"rotation":0,"texture":"#0"},"south":{"uv":[9.1875,5.1875,8.75,5.25],"tintindex":0,"rotation":0,"texture":"#0"},"north":{"uv":[3.25,4.25,2.8125,4.3125],"tintindex":0,"rotation":0,"texture":"#0"},"west":{"uv":[7.4375,0.875,7.3125,0.9375],"tintindex":0,"rotation":0,"texture":"#0"},"up":{"uv":[8.4375,4.375,8.875,4.25],"tintindex":0,"rotation":0,"texture":"#0"},"down":{"uv":[8.4375,4.4375,8.875,4.5625],"tintindex":0,"rotation":0,"texture":"#0"}},"rotation":{"origin":[3.0767708,10.921932,4.4377956],"angle":45.0,"axis":"y"}},{"from":[2.8267708,12.44693,-3.0622044],"to":[9.826771,13.44693,-1.0622044],"faces":{"east":{"uv":[7.4375,5.875,7.3125,5.9375],"tintindex":0,"rotation":0,"texture":"#0"},"south":{"uv":[9.1875,5.1875,8.75,5.25],"tintindex":0,"rotation":0,"texture":"#0"},"north":{"uv":[3.25,4.25,2.8125,4.3125],"tintindex":0,"rotation":0,"texture":"#0"},"west":{"uv":[7.4375,0.875,7.3125,0.9375],"tintindex":0,"rotation":0,"texture":"#0"},"up":{"uv":[8.4375,4.375,8.875,4.25],"tintindex":0,"rotation":0,"texture":"#0"},"down":{"uv":[8.4375,4.4375,8.875,4.5625],"tintindex":0,"rotation":0,"texture":"#0"}},"rotation":{"origin":[3.0767708,13.421932,2.1877956],"angle":45.0,"axis":"y"}},{"from":[-0.009147644,9.921932,1.3884048],"to":[5.9908524,11.921932,3.3884048],"faces":{"east":{"uv":[9.1875,8.875,9.0625,9.0],"tintindex":0,"rotation":0,"texture":"#0"},"south":{"uv":[8.875,7.5625,8.5,7.6875],"tintindex":0,"rotation":0,"texture":"#0"},"north":{"uv":[8.875,7.5625,8.5,7.6875],"tintindex":0,"rotation":0,"texture":"#0"},"west":{"uv":[9.1875,8.875,9.0625,9.0],"tintindex":0,"rotation":0,"texture":"#0"},"up":{"uv":[8.625,1.25,9.0,1.125],"tintindex":0,"rotation":0,"texture":"#0"},"down":{"uv":[8.625,1.25,9.0,1.125],"tintindex":0,"rotation":0,"texture":"#0"}},"rotation":{"origin":[2.9908524,10.921932,4.388405],"angle":-22.5,"axis":"y"}},{"from":[6.1549335,12.44693,-3.0622044],"to":[13.154934,13.44693,-1.0622044],"faces":{"east":{"uv":[7.3125,0.875,7.4375,0.9375],"tintindex":0,"rotation":0,"texture":"#0"},"south":{"uv":[8.75,5.1875,9.1875,5.25],"tintindex":0,"rotation":0,"texture":"#0"},"north":{"uv":[2.8125,4.25,3.25,4.3125],"tintindex":0,"rotation":0,"texture":"#0"},"west":{"uv":[7.3125,5.875,7.4375,5.9375],"tintindex":0,"rotation":0,"texture":"#0"},"up":{"uv":[8.875,4.375,8.4375,4.25],"tintindex":0,"rotation":0,"texture":"#0"},"down":{"uv":[8.875,4.4375,8.4375,4.5625],"tintindex":0,"rotation":0,"texture":"#0"}},"rotation":{"origin":[12.904934,13.421932,2.1877956],"angle":-45.0,"axis":"y"}},{"from":[9.990852,9.921932,1.3884048],"to":[15.990852,11.921932,3.3884048],"faces":{"east":{"uv":[9.0625,8.875,9.1875,9.0],"tintindex":0,"rotation":0,"texture":"#0"},"south":{"uv":[8.5,7.5625,8.875,7.6875],"tintindex":0,"rotation":0,"texture":"#0"},"north":{"uv":[8.5,7.5625,8.875,7.6875],"tintindex":0,"rotation":0,"texture":"#0"},"west":{"uv":[9.0625,8.875,9.1875,9.0],"tintindex":0,"rotation":0,"texture":"#0"},"up":{"uv":[9.0,1.25,8.625,1.125],"tintindex":0,"rotation":0,"texture":"#0"},"down":{"uv":[9.0,1.25,8.625,1.125],"tintindex":0,"rotation":0,"texture":"#0"}},"rotation":{"origin":[12.990852,10.921932,4.388405],"angle":22.5,"axis":"y"}},{"from":[-1.0091476,5.8361435,8.888405],"to":[16.990852,17.836143,8.888405],"faces":{"south":{"uv":[0.0,0.8125,1.125,1.5625],"tintindex":0,"rotation":0,"texture":"#0"},"north":{"uv":[1.125,0.8125,0.0,1.5625],"tintindex":0,"rotation":0,"texture":"#0"}},"rotation":{"origin":[7.9908524,12.8361435,4.388405],"angle":-45.0,"axis":"x"}},{"from":[6.1549335,7.44693,2.1877956],"to":[13.154934,8.44693,4.1877956],"faces":{"east":{"uv":[7.3125,0.875,7.4375,0.9375],"tintindex":0,"rotation":0,"texture":"#0"},"south":{"uv":[8.75,5.1875,9.1875,5.25],"tintindex":0,"rotation":0,"texture":"#0"},"north":{"uv":[2.8125,4.25,3.25,4.3125],"tintindex":0,"rotation":0,"texture":"#0"},"west":{"uv":[7.3125,5.875,7.4375,5.9375],"tintindex":0,"rotation":0,"texture":"#0"},"up":{"uv":[8.875,4.375,8.4375,4.25],"tintindex":0,"rotation":0,"texture":"#0"},"down":{"uv":[8.875,4.4375,8.4375,4.5625],"tintindex":0,"rotation":0,"texture":"#0"}},"rotation":{"origin":[12.904934,8.421932,7.4377956],"angle":-45.0,"axis":"y"}},{"from":[2.8267708,7.44693,2.1877956],"to":[9.826771,8.44693,4.1877956],"faces":{"east":{"uv":[7.4375,5.875,7.3125,5.9375],"tintindex":0,"rotation":0,"texture":"#0"},"south":{"uv":[9.1875,5.1875,8.75,5.25],"tintindex":0,"rotation":0,"texture":"#0"},"north":{"uv":[3.25,4.25,2.8125,4.3125],"tintindex":0,"rotation":0,"texture":"#0"},"west":{"uv":[7.4375,0.875,7.3125,0.9375],"tintindex":0,"rotation":0,"texture":"#0"},"up":{"uv":[8.4375,4.375,8.875,4.25],"tintindex":0,"rotation":0,"texture":"#0"},"down":{"uv":[8.4375,4.4375,8.875,4.5625],"tintindex":0,"rotation":0,"texture":"#0"}},"rotation":{"origin":[3.0767708,8.421932,7.4377956],"angle":45.0,"axis":"y"}}],"display":{"head":{"rotation":[0.0,0.0,0.0]},"firstperson_righthand":{"rotation":[0.0,0.0,0.0]},"thirdperson_lefthand":{"rotation":[0.0,-0.0,-0.0]},"firstperson_lefthand":{"rotation":[0.0,-0.0,-0.0]},"fixed":{"rotation":[0.0,0.0,0.0]},"ground":{"rotation":[0.0,0.0,0.0]},"thirdperson_righthand":{"rotation":[0.0,0.0,0.0]},"gui":{"rotation":[-150.0,-45.0,180.0]}}}