{"textures":{"0":"modelengine:entity/nightharrow_wendigo_texture","particle":"#0"},"elements":[{"from":[5.0,3.593999,8.319601],"to":[11.0,8.593998,11.319601],"faces":{"east":{"uv":[5.0625,6.5625,5.25,6.875],"tintindex":0,"rotation":0,"texture":"#0"},"south":{"uv":[3.375,7.5625,3.75,7.875],"tintindex":0,"rotation":0,"texture":"#0"},"north":{"uv":[6.625,3.9375,7.0,4.25],"tintindex":0,"rotation":0,"texture":"#0"},"west":{"uv":[8.3125,6.0625,8.5,6.375],"tintindex":0,"rotation":0,"texture":"#0"},"up":{"uv":[8.3125,3.75,7.9375,3.5625],"tintindex":0,"rotation":0,"texture":"#0"},"down":{"uv":[8.3125,3.75,7.9375,3.5625],"tintindex":0,"rotation":0,"texture":"#0"}},"rotation":{"origin":[9.0,3.093999,9.319601],"angle":-22.5,"axis":"x"}}],"display":{"head":{"rotation":[0.0,0.0,0.0]},"firstperson_righthand":{"rotation":[0.0,0.0,0.0]},"thirdperson_lefthand":{"rotation":[0.0,-0.0,-0.0]},"firstperson_lefthand":{"rotation":[0.0,-0.0,-0.0]},"fixed":{"rotation":[0.0,0.0,0.0]},"ground":{"rotation":[0.0,0.0,0.0]},"thirdperson_righthand":{"rotation":[0.0,0.0,0.0]},"gui":{"rotation":[-150.0,-45.0,180.0]}}}