{"textures":{"0":"modelengine:entity/nightharrow_wendigo_texture","particle":"#0"},"elements":[{"from":[4.8901,4.8248253,-2.3985434],"to":[4.8901,7.8248253,2.6014566],"faces":{"east":{"uv":[1.3125,8.4375,1.625,8.625],"tintindex":0,"rotation":0,"texture":"#0"},"west":{"uv":[1.625,8.4375,1.3125,8.625],"tintindex":0,"rotation":0,"texture":"#0"}},"rotation":{"origin":[7.8526,8.410316,-0.14007664],"angle":-45.0,"axis":"x"}},{"from":[4.8901,2.8248253,-2.3985434],"to":[10.8151,4.8248253,2.6014566],"faces":{"east":{"uv":[9.0,8.875,8.6875,9.0],"tintindex":0,"rotation":0,"texture":"#0"},"south":{"uv":[5.5,3.5,5.125,3.625],"tintindex":0,"rotation":0,"texture":"#0"},"north":{"uv":[8.875,6.625,8.5,6.75],"tintindex":0,"rotation":0,"texture":"#0"},"west":{"uv":[8.25,8.875,7.9375,9.0],"tintindex":0,"rotation":0,"texture":"#0"},"up":{"uv":[7.9375,1.875,7.625,2.25],"tintindex":0,"rotation":90,"texture":"#0"},"down":{"uv":[2.8125,8.0,2.5,7.625],"tintindex":0,"rotation":270,"texture":"#0"}},"rotation":{"origin":[7.8526,8.410316,-0.14007664],"angle":-45.0,"axis":"x"}},{"from":[4.9151,4.7560234,-1.2854223],"to":[4.9151,7.7560234,3.7145777],"faces":{"east":{"uv":[8.4375,2.5625,8.75,2.75],"tintindex":0,"rotation":0,"texture":"#0"},"west":{"uv":[8.75,2.5625,8.4375,2.75],"tintindex":0,"rotation":0,"texture":"#0"}}},{"from":[10.789101,4.7560234,-1.2854223],"to":[10.789101,7.7560234,3.7145777],"faces":{"east":{"uv":[8.4375,2.5625,8.75,2.75],"tintindex":0,"rotation":0,"texture":"#0"},"west":{"uv":[8.75,2.5625,8.4375,2.75],"tintindex":0,"rotation":0,"texture":"#0"}}},{"from":[10.8151,4.8248253,-2.3985434],"to":[10.8151,7.8248253,2.6014566],"faces":{"east":{"uv":[1.3125,8.4375,1.625,8.625],"tintindex":0,"rotation":0,"texture":"#0"},"west":{"uv":[1.625,8.4375,1.3125,8.625],"tintindex":0,"rotation":0,"texture":"#0"}},"rotation":{"origin":[7.8526,8.410316,-0.14007664],"angle":-45.0,"axis":"x"}},{"from":[4.8651,8.724125,1.8477602],"to":[10.865101,14.724125,7.84776],"faces":{"east":{"uv":[7.5625,1.0,7.1875,1.375],"tintindex":0,"rotation":0,"texture":"#0"},"south":{"uv":[5.6875,7.125,5.3125,7.5],"tintindex":0,"rotation":0,"texture":"#0"},"north":{"uv":[7.5625,1.9375,7.1875,2.3125],"tintindex":0,"rotation":0,"texture":"#0"},"west":{"uv":[4.0,7.125,3.625,7.5],"tintindex":0,"rotation":0,"texture":"#0"},"up":{"uv":[7.5625,4.1875,7.1875,4.5625],"tintindex":0,"rotation":90,"texture":"#0"},"down":{"uv":[7.5625,5.0,7.1875,4.625],"tintindex":0,"rotation":270,"texture":"#0"}},"rotation":{"origin":[7.8526,8.410316,-0.14007664],"angle":22.5,"axis":"x"}},{"from":[8.3151,10.496902,-5.393605],"to":[9.3151,16.496902,-3.3936052],"faces":{"east":{"uv":[8.0625,8.4375,7.9375,8.8125],"tintindex":0,"rotation":0,"texture":"#0"},"south":{"uv":[0.5,5.5625,0.4375,5.9375],"tintindex":0,"rotation":0,"texture":"#0"},"north":{"uv":[0.5,5.5625,0.4375,5.9375],"tintindex":0,"rotation":0,"texture":"#0"},"west":{"uv":[8.0625,8.4375,7.9375,8.8125],"tintindex":0,"rotation":0,"texture":"#0"},"up":{"uv":[2.125,5.6875,2.0,5.75],"tintindex":0,"rotation":90,"texture":"#0"},"down":{"uv":[2.125,5.6875,2.0,5.75],"tintindex":0,"rotation":270,"texture":"#0"}},"rotation":{"origin":[7.8526,8.410316,-0.14007664],"angle":-22.5,"axis":"x"}},{"from":[4.8901,7.7560234,-1.2854223],"to":[10.8151,10.756023,3.7145777],"faces":{"east":{"uv":[8.6875,3.5,8.375,3.6875],"tintindex":0,"rotation":0,"texture":"#0"},"south":{"uv":[8.375,0.875,8.0,1.0625],"tintindex":0,"rotation":0,"texture":"#0"},"north":{"uv":[8.375,1.75,8.0,1.9375],"tintindex":0,"rotation":0,"texture":"#0"},"west":{"uv":[3.5,8.375,3.1875,8.5625],"tintindex":0,"rotation":0,"texture":"#0"},"up":{"uv":[7.875,7.3125,7.5625,7.6875],"tintindex":0,"rotation":90,"texture":"#0"},"down":{"uv":[7.9375,1.875,7.625,2.25],"tintindex":0,"rotation":270,"texture":"#0"}}},{"from":[7.3401,5.0245056,-5.8051977],"to":[9.340099,8.024506,0.19480228],"faces":{"east":{"uv":[8.375,4.8125,8.0,5.0],"tintindex":0,"rotation":0,"texture":"#0"},"south":{"uv":[6.6875,9.0,6.8125,9.1875],"tintindex":0,"rotation":0,"texture":"#0"},"north":{"uv":[6.8125,9.0,6.6875,9.1875],"tintindex":0,"rotation":0,"texture":"#0"},"west":{"uv":[8.375,4.8125,8.0,5.0],"tintindex":0,"rotation":0,"texture":"#0"},"up":{"uv":[8.875,6.8125,8.5,6.9375],"tintindex":0,"rotation":90,"texture":"#0"},"down":{"uv":[8.875,6.8125,8.5,6.9375],"tintindex":0,"rotation":270,"texture":"#0"}},"rotation":{"origin":[7.8526,8.410316,-0.14007664],"angle":22.5,"axis":"x"}},{"from":[6.3651,5.5168266,-2.2922068],"to":[9.365101,8.516827,3.7077932],"faces":{"east":{"uv":[8.375,2.0,8.0,2.1875],"tintindex":0,"rotation":0,"texture":"#0"},"south":{"uv":[1.0625,8.9375,1.25,9.125],"tintindex":0,"rotation":0,"texture":"#0"},"north":{"uv":[1.25,8.9375,1.0625,9.125],"tintindex":0,"rotation":0,"texture":"#0"},"west":{"uv":[8.375,2.0,8.0,2.1875],"tintindex":0,"rotation":0,"texture":"#0"},"up":{"uv":[8.375,4.3125,8.0,4.5],"tintindex":0,"rotation":90,"texture":"#0"},"down":{"uv":[8.375,4.3125,8.0,4.5],"tintindex":0,"rotation":270,"texture":"#0"}},"rotation":{"origin":[7.8526,8.410316,-0.14007664],"angle":-22.5,"axis":"x"}}],"display":{"head":{"rotation":[0.0,0.0,0.0]},"firstperson_righthand":{"rotation":[0.0,0.0,0.0]},"thirdperson_lefthand":{"rotation":[0.0,-0.0,-0.0]},"firstperson_lefthand":{"rotation":[0.0,-0.0,-0.0]},"fixed":{"rotation":[0.0,0.0,0.0]},"ground":{"rotation":[0.0,0.0,0.0]},"thirdperson_righthand":{"rotation":[0.0,0.0,0.0]},"gui":{"rotation":[-150.0,-45.0,180.0]}}}