{"textures":{"0":"modelengine:entity/nightharrow_wendigo_texture","particle":"#0"},"elements":[{"from":[5.8958335,1.3892488,6.7085814],"to":[10.895833,7.389248,18.70858],"faces":{"east":{"uv":[6.4375,1.125,5.6875,1.5],"tintindex":0,"rotation":0,"texture":"#0"},"south":{"uv":[1.75,7.5625,1.4375,7.9375],"tintindex":0,"rotation":0,"texture":"#0"},"north":{"uv":[1.75,7.5625,1.4375,7.9375],"tintindex":0,"rotation":0,"texture":"#0"},"west":{"uv":[6.4375,1.125,5.6875,1.5],"tintindex":0,"rotation":0,"texture":"#0"},"up":{"uv":[5.3125,7.0625,5.625,6.3125],"tintindex":0,"rotation":0,"texture":"#0"},"down":{"uv":[5.3125,7.0625,5.625,6.3125],"tintindex":0,"rotation":0,"texture":"#0"}},"rotation":{"origin":[7.8958335,5.389248,11.708582],"angle":45.0,"axis":"x"}}],"display":{"head":{"rotation":[0.0,0.0,0.0]},"firstperson_righthand":{"rotation":[0.0,0.0,0.0]},"thirdperson_lefthand":{"rotation":[0.0,-0.0,-0.0]},"firstperson_lefthand":{"rotation":[0.0,-0.0,-0.0]},"fixed":{"rotation":[0.0,0.0,0.0]},"ground":{"rotation":[0.0,0.0,0.0]},"thirdperson_righthand":{"rotation":[0.0,0.0,0.0]},"gui":{"rotation":[-150.0,-45.0,180.0]}}}