{"textures":{"0":"modelengine:entity/bug_swarm","particle":"#0"},"elements":[{"from":[6.561185,9.040062,4.0],"to":[6.561185,19.040062,12.0],"faces":{"east":{"uv":[2.25,0.0,4.25,2.5],"tintindex":0,"rotation":0,"texture":"#0"},"west":{"uv":[4.25,0.0,2.25,2.5],"tintindex":0,"rotation":0,"texture":"#0"}},"rotation":{"origin":[5.964466,6.8083534,9.196302],"angle":-45.0,"axis":"z"}}],"display":{"head":{"rotation":[0.0,0.0,0.0]},"firstperson_righthand":{"rotation":[0.0,0.0,0.0]},"thirdperson_lefthand":{"rotation":[0.0,-0.0,-0.0]},"firstperson_lefthand":{"rotation":[0.0,-0.0,-0.0]},"fixed":{"rotation":[0.0,0.0,0.0]},"ground":{"rotation":[0.0,0.0,0.0]},"thirdperson_righthand":{"rotation":[0.0,0.0,0.0]},"gui":{"rotation":[-150.0,-45.0,180.0]}}}