{"textures":{"0":"modelengine:entity/bug_swarm","particle":"#0"},"elements":[{"from":[6.7440834,3.4738703,4.5],"to":[6.7440834,7.4738703,11.5],"faces":{"east":{"uv":[5.75,2.75,4.0,3.75],"tintindex":0,"rotation":0,"texture":"#0"},"west":{"uv":[4.0,2.75,5.75,3.75],"tintindex":0,"rotation":0,"texture":"#0"}},"rotation":{"origin":[5.9846334,10.866646,9.696302],"angle":22.5,"axis":"z"}}],"display":{"head":{"rotation":[0.0,0.0,0.0]},"firstperson_righthand":{"rotation":[0.0,0.0,0.0]},"thirdperson_lefthand":{"rotation":[0.0,-0.0,-0.0]},"firstperson_lefthand":{"rotation":[0.0,-0.0,-0.0]},"fixed":{"rotation":[0.0,0.0,0.0]},"ground":{"rotation":[0.0,0.0,0.0]},"thirdperson_righthand":{"rotation":[0.0,0.0,0.0]},"gui":{"rotation":[-150.0,-45.0,180.0]}}}