{
  "textures" : {
    "VSS" : "guns/vss"
  },
  "credit" : "Designed by Nightshade73 with Cubik Studio - https://cubik.studio",
  "elements" : [ {
    "from" : [ 7.625, 8.625, 7.625 ],
    "to" : [ 8.375, 8.875, 7.75 ],
    "faces" : {
      "north" : {
        "uv" : [ 12.75, 15.125, 12, 15.375 ],
        "texture" : "#VSS"
      },
      "east" : {
        "uv" : [ 13.25, 15.125, 13.125, 15.375 ],
        "texture" : "#VSS"
      },
      "south" : {
        "uv" : [ 6, 12.25, 6.75, 12.5 ],
        "texture" : "#VSS"
      },
      "west" : {
        "uv" : [ 6.875, 0, 7, 0.25 ],
        "texture" : "#VSS"
      },
      "up" : {
        "uv" : [ 11.625, 10, 12.375, 9.875 ],
        "texture" : "#VSS"
      },
      "down" : {
        "uv" : [ 13.875, 9.875, 14.625, 10 ],
        "texture" : "#VSS"
      }
    }
  }, {
    "from" : [ 7.875, 5.75, 10.125 ],
    "to" : [ 8.5, 8.625, 10.75 ],
    "faces" : {
      "north" : {
        "uv" : [ 2.625, 6.5, 2, 9.375 ],
        "texture" : "#VSS"
      },
      "east" : {
        "uv" : [ 1.25, 2.25, 0.625, 5.125 ],
        "texture" : "#VSS"
      },
      "south" : {
        "uv" : [ 2, 9.375, 2.625, 12.25 ],
        "texture" : "#VSS"
      },
      "west" : {
        "uv" : [ 2, 12.25, 2.625, 15.125 ],
        "texture" : "#VSS"
      },
      "up" : {
        "uv" : [ 2, 0.625, 2.625, 0 ],
        "texture" : "#VSS"
      },
      "down" : {
        "uv" : [ 15.125, 13.375, 15.75, 14 ],
        "texture" : "#VSS"
      }
    }
  }, {
    "from" : [ 7.875, 5.75, 10.75 ],
    "to" : [ 8.5, 7.5, 10.875 ],
    "faces" : {
      "east" : {
        "uv" : [ 4.875, 3.875, 4.75, 5.625 ],
        "texture" : "#VSS"
      },
      "south" : {
        "uv" : [ 5.25, 13.375, 5.875, 15.125 ],
        "texture" : "#VSS"
      },
      "west" : {
        "uv" : [ 4.75, 5.625, 4.875, 7.375 ],
        "texture" : "#VSS"
      },
      "up" : {
        "uv" : [ 7.125, 13.5, 7.75, 13.375 ],
        "texture" : "#VSS"
      },
      "down" : {
        "uv" : [ 6.5, 13.375, 7.125, 13.5 ],
        "texture" : "#VSS"
      }
    }
  }, {
    "from" : [ 7.875, 5.75, 10.875 ],
    "to" : [ 8.5, 7.125, 11 ],
    "faces" : {
      "east" : {
        "uv" : [ 4.5, 0, 4.375, 1.375 ],
        "texture" : "#VSS"
      },
      "south" : {
        "uv" : [ 12.625, 13.75, 13.25, 15.125 ],
        "texture" : "#VSS"
      },
      "west" : {
        "uv" : [ 6, 1.625, 6.125, 3 ],
        "texture" : "#VSS"
      },
      "up" : {
        "uv" : [ 9.375, 12.375, 10, 12.25 ],
        "texture" : "#VSS"
      },
      "down" : {
        "uv" : [ 7.75, 13.375, 8.375, 13.5 ],
        "texture" : "#VSS"
      }
    }
  }, {
    "from" : [ 7.875, 5.75, 11 ],
    "to" : [ 8.5, 6.75, 11.125 ],
    "faces" : {
      "east" : {
        "uv" : [ 5.75, 7.375, 5.625, 8.375 ],
        "texture" : "#VSS"
      },
      "south" : {
        "uv" : [ 3.75, 11.25, 4.375, 12.25 ],
        "texture" : "#VSS"
      },
      "west" : {
        "uv" : [ 5.625, 6.125, 5.75, 7.125 ],
        "texture" : "#VSS"
      },
      "up" : {
        "uv" : [ 10.625, 12.375, 11.25, 12.25 ],
        "texture" : "#VSS"
      },
      "down" : {
        "uv" : [ 10, 12.25, 10.625, 12.375 ],
        "texture" : "#VSS"
      }
    }
  }, {
    "from" : [ 7.875, 5.75, 11.125 ],
    "to" : [ 8.5, 6.5, 11.375 ],
    "faces" : {
      "east" : {
        "uv" : [ 11.375, 13.375, 11.125, 14.125 ],
        "texture" : "#VSS"
      },
      "south" : {
        "uv" : [ 15, 11.5, 15.625, 12.25 ],
        "texture" : "#VSS"
      },
      "west" : {
        "uv" : [ 10.25, 13.375, 10.5, 14.125 ],
        "texture" : "#VSS"
      },
      "up" : {
        "uv" : [ 8.75, 9.5, 9.375, 9.25 ],
        "texture" : "#VSS"
      },
      "down" : {
        "uv" : [ 9.375, 9.25, 10, 9.5 ],
        "texture" : "#VSS"
      }
    }
  }, {
    "from" : [ 7.875, 5.875, 10 ],
    "to" : [ 8.5, 6.25, 10.125 ],
    "faces" : {
      "north" : {
        "uv" : [ 12, 13.375, 11.375, 13.75 ],
        "texture" : "#VSS"
      },
      "east" : {
        "uv" : [ 6.25, 0.125, 6.125, 0.5 ],
        "texture" : "#VSS"
      },
      "west" : {
        "uv" : [ 6.125, 0.625, 6.25, 1 ],
        "texture" : "#VSS"
      },
      "up" : {
        "uv" : [ 11.875, 12.375, 12.5, 12.25 ],
        "texture" : "#VSS"
      },
      "down" : {
        "uv" : [ 11.25, 12.25, 11.875, 12.375 ],
        "texture" : "#VSS"
      }
    }
  }, {
    "from" : [ 7.875, 6.5, 11.25 ],
    "to" : [ 8.5, 6.625, 11.625 ],
    "faces" : {
      "north" : {
        "uv" : [ 13.125, 12.25, 12.5, 12.375 ],
        "texture" : "#VSS"
      },
      "east" : {
        "uv" : [ 7.375, 6.875, 7, 7 ],
        "texture" : "#VSS"
      },
      "south" : {
        "uv" : [ 13.125, 12.25, 13.75, 12.375 ],
        "texture" : "#VSS"
      },
      "west" : {
        "uv" : [ 1.625, 0, 2, 0.125 ],
        "texture" : "#VSS"
      },
      "up" : {
        "uv" : [ 0.625, 0.375, 1.25, 0 ],
        "texture" : "#VSS"
      },
      "down" : {
        "uv" : [ 10, 9.5, 10.625, 9.875 ],
        "texture" : "#VSS"
      }
    }
  }, {
    "from" : [ 7.875, 6.5, 15.75 ],
    "to" : [ 8.5, 8.375, 16 ],
    "faces" : {
      "north" : {
        "uv" : [ 2.625, 0.625, 2, 2.5 ],
        "texture" : "#VSS"
      },
      "east" : {
        "uv" : [ 2.625, 4.625, 2.375, 6.5 ],
        "texture" : "#VSS"
      },
      "south" : {
        "uv" : [ 0.625, 0.375, 1.25, 2.25 ],
        "texture" : "#VSS",
        "cullface" : "south"
      },
      "west" : {
        "uv" : [ 2.375, 2.75, 2.625, 4.625 ],
        "texture" : "#VSS"
      },
      "up" : {
        "uv" : [ 15.25, 10.75, 15.875, 10.5 ],
        "texture" : "#VSS"
      },
      "down" : {
        "uv" : [ 14.625, 10.5, 15.25, 10.75 ],
        "texture" : "#VSS"
      }
    }
  }, {
    "from" : [ 7.875, 6.625, 11.375 ],
    "to" : [ 8.5, 6.75, 15.75 ],
    "faces" : {
      "north" : {
        "uv" : [ 14.375, 11.375, 13.75, 11.5 ],
        "texture" : "#VSS"
      },
      "east" : {
        "uv" : [ 10.625, 12, 6.25, 12.125 ],
        "texture" : "#VSS"
      },
      "west" : {
        "uv" : [ 6.25, 12.125, 10.625, 12.25 ],
        "texture" : "#VSS"
      },
      "up" : {
        "uv" : [ 0.625, 16, 1.25, 11.625 ],
        "texture" : "#VSS"
      },
      "down" : {
        "uv" : [ 0, 0.875, 0.625, 5.25 ],
        "texture" : "#VSS"
      }
    }
  }, {
    "from" : [ 7.875, 6.75, 14.75 ],
    "to" : [ 8.5, 6.875, 15.75 ],
    "faces" : {
      "north" : {
        "uv" : [ 11.875, 9.5, 11.25, 9.625 ],
        "texture" : "#VSS"
      },
      "east" : {
        "uv" : [ 15.75, 15.125, 14.75, 15.25 ],
        "texture" : "#VSS"
      },
      "west" : {
        "uv" : [ 14.625, 11.25, 15.625, 11.375 ],
        "texture" : "#VSS"
      },
      "up" : {
        "uv" : [ 12.5, 13.375, 13.125, 12.375 ],
        "texture" : "#VSS"
      }
    }
  }, {
    "from" : [ 7.875, 6.875, 8.875 ],
    "to" : [ 8.5, 8.625, 9 ],
    "faces" : {
      "north" : {
        "uv" : [ 5.25, 13.375, 4.625, 15.125 ],
        "texture" : "#VSS"
      },
      "east" : {
        "uv" : [ 4.5, 1.375, 4.375, 3.125 ],
        "texture" : "#VSS"
      },
      "south" : {
        "uv" : [ 4, 13.375, 4.625, 15.125 ],
        "texture" : "#VSS"
      },
      "west" : {
        "uv" : [ 5.75, 5.75, 5.875, 7.5 ],
        "texture" : "#VSS"
      },
      "up" : {
        "uv" : [ 9.5, 9.25, 10.125, 9.125 ],
        "texture" : "#VSS"
      },
      "down" : {
        "uv" : [ 13.125, 9.5, 13.75, 9.625 ],
        "texture" : "#VSS"
      }
    }
  }, {
    "from" : [ 7.875, 6.875, 9 ],
    "to" : [ 8.5, 7.375, 9.125 ],
    "faces" : {
      "east" : {
        "uv" : [ 6.25, 3.5, 6.125, 4 ],
        "texture" : "#VSS"
      },
      "south" : {
        "uv" : [ 10.75, 10, 11.375, 10.5 ],
        "texture" : "#VSS"
      },
      "west" : {
        "uv" : [ 6.125, 1.625, 6.25, 2.125 ],
        "texture" : "#VSS"
      },
      "up" : {
        "uv" : [ 10.75, 9.25, 11.375, 9.125 ],
        "texture" : "#VSS"
      },
      "down" : {
        "uv" : [ 10.125, 9.125, 10.75, 9.25 ],
        "texture" : "#VSS"
      }
    }
  }, {
    "from" : [ 7.875, 6.875, 14.875 ],
    "to" : [ 8.5, 7, 15.75 ],
    "faces" : {
      "north" : {
        "uv" : [ 15, 9.5, 14.375, 9.625 ],
        "texture" : "#VSS"
      },
      "east" : {
        "uv" : [ 9.875, 9.875, 9, 10 ],
        "texture" : "#VSS"
      },
      "west" : {
        "uv" : [ 10.75, 9.875, 11.625, 10 ],
        "texture" : "#VSS"
      },
      "up" : {
        "uv" : [ 5, 12.25, 5.625, 11.375 ],
        "texture" : "#VSS"
      }
    }
  }, {
    "from" : [ 7.875, 7, 8.625 ],
    "to" : [ 8.5, 8.625, 8.875 ],
    "faces" : {
      "north" : {
        "uv" : [ 7.125, 13.5, 6.5, 15.125 ],
        "texture" : "#VSS"
      },
      "east" : {
        "uv" : [ 4.375, 8.625, 4.125, 10.25 ],
        "texture" : "#VSS"
      },
      "west" : {
        "uv" : [ 4.5, 0.625, 4.75, 2.25 ],
        "texture" : "#VSS"
      },
      "up" : {
        "uv" : [ 7.5, 9.5, 8.125, 9.25 ],
        "texture" : "#VSS"
      },
      "down" : {
        "uv" : [ 8.125, 9.25, 8.75, 9.5 ],
        "texture" : "#VSS"
      }
    }
  }, {
    "from" : [ 7.875, 7, 10 ],
    "to" : [ 8.5, 8.625, 10.125 ],
    "faces" : {
      "north" : {
        "uv" : [ 8.375, 13.5, 7.75, 15.125 ],
        "texture" : "#VSS"
      },
      "east" : {
        "uv" : [ 4.875, 2.25, 4.75, 3.875 ],
        "texture" : "#VSS"
      },
      "west" : {
        "uv" : [ 4.75, 0.625, 4.875, 2.25 ],
        "texture" : "#VSS"
      },
      "up" : {
        "uv" : [ 13.75, 12.375, 14.375, 12.25 ],
        "texture" : "#VSS"
      },
      "down" : {
        "uv" : [ 7.625, 9.125, 8.25, 9.25 ],
        "texture" : "#VSS"
      }
    }
  }, {
    "from" : [ 7.875, 7, 15 ],
    "to" : [ 8.5, 7.125, 15.75 ],
    "faces" : {
      "north" : {
        "uv" : [ 15.625, 12.25, 15, 12.375 ],
        "texture" : "#VSS"
      },
      "east" : {
        "uv" : [ 13.875, 9.875, 13.125, 10 ],
        "texture" : "#VSS"
      },
      "west" : {
        "uv" : [ 12.375, 9.875, 13.125, 10 ],
        "texture" : "#VSS"
      },
      "up" : {
        "uv" : [ 9.625, 14.125, 10.25, 13.375 ],
        "texture" : "#VSS"
      }
    }
  }, {
    "from" : [ 7.875, 7.125, 8.375 ],
    "to" : [ 8.5, 8.625, 8.625 ],
    "faces" : {
      "north" : {
        "uv" : [ 9, 13.625, 8.375, 15.125 ],
        "texture" : "#VSS"
      },
      "east" : {
        "uv" : [ 4.375, 4, 4.125, 5.5 ],
        "texture" : "#VSS"
      },
      "west" : {
        "uv" : [ 4.125, 5.5, 4.375, 7 ],
        "texture" : "#VSS"
      },
      "up" : {
        "uv" : [ 15, 9.875, 15.625, 9.625 ],
        "texture" : "#VSS"
      },
      "down" : {
        "uv" : [ 11.25, 9.625, 11.875, 9.875 ],
        "texture" : "#VSS"
      }
    }
  }, {
    "from" : [ 7.875, 7.125, 15.125 ],
    "to" : [ 8.5, 7.375, 15.75 ],
    "faces" : {
      "north" : {
        "uv" : [ 15, 9.625, 14.375, 9.875 ],
        "texture" : "#VSS"
      },
      "east" : {
        "uv" : [ 13.125, 9.625, 12.5, 9.875 ],
        "texture" : "#VSS"
      },
      "west" : {
        "uv" : [ 13.125, 9.625, 13.75, 9.875 ],
        "texture" : "#VSS"
      },
      "up" : {
        "uv" : [ 12.125, 11.25, 12.75, 10.625 ],
        "texture" : "#VSS"
      }
    }
  }, {
    "from" : [ 7.875, 7.25, 8.125 ],
    "to" : [ 8.5, 8.625, 8.375 ],
    "faces" : {
      "north" : {
        "uv" : [ 12.625, 13.75, 12, 15.125 ],
        "texture" : "#VSS"
      },
      "east" : {
        "uv" : [ 5.375, 0.625, 5.125, 2 ],
        "texture" : "#VSS"
      },
      "west" : {
        "uv" : [ 4.875, 0.625, 5.125, 2 ],
        "texture" : "#VSS"
      },
      "up" : {
        "uv" : [ 10, 9.5, 10.625, 9.25 ],
        "texture" : "#VSS"
      },
      "down" : {
        "uv" : [ 11.875, 9.625, 12.5, 9.875 ],
        "texture" : "#VSS"
      }
    }
  }, {
    "from" : [ 7.875, 7.375, 7.875 ],
    "to" : [ 8.5, 8.625, 8.125 ],
    "faces" : {
      "north" : {
        "uv" : [ 15.125, 13.875, 14.5, 15.125 ],
        "texture" : "#VSS"
      },
      "east" : {
        "uv" : [ 5.625, 7.125, 5.375, 8.375 ],
        "texture" : "#VSS"
      },
      "west" : {
        "uv" : [ 5.375, 8.375, 5.625, 9.625 ],
        "texture" : "#VSS"
      },
      "up" : {
        "uv" : [ 10.625, 9.875, 11.25, 9.625 ],
        "texture" : "#VSS"
      },
      "down" : {
        "uv" : [ 8.375, 13.375, 9, 13.625 ],
        "texture" : "#VSS"
      }
    }
  }, {
    "from" : [ 7.875, 7.375, 15.25 ],
    "to" : [ 8.5, 8.375, 15.75 ],
    "faces" : {
      "north" : {
        "uv" : [ 14.375, 12.375, 13.75, 13.375 ],
        "texture" : "#VSS"
      },
      "east" : {
        "uv" : [ 5.375, 9.375, 4.875, 10.375 ],
        "texture" : "#VSS"
      },
      "west" : {
        "uv" : [ 4.875, 10.375, 5.375, 11.375 ],
        "texture" : "#VSS"
      },
      "up" : {
        "uv" : [ 14.5, 13.875, 15.125, 13.375 ],
        "texture" : "#VSS"
      }
    }
  }, {
    "from" : [ 7.875, 7.5, 7.625 ],
    "to" : [ 8.5, 8.625, 7.875 ],
    "faces" : {
      "north" : {
        "uv" : [ 4, 12.25, 3.375, 13.375 ],
        "texture" : "#VSS"
      },
      "east" : {
        "uv" : [ 16, 14, 15.75, 15.125 ],
        "texture" : "#VSS"
      },
      "west" : {
        "uv" : [ 5.375, 3.5, 5.625, 4.625 ],
        "texture" : "#VSS"
      },
      "up" : {
        "uv" : [ 9, 13.625, 9.625, 13.375 ],
        "texture" : "#VSS"
      },
      "down" : {
        "uv" : [ 6.75, 12.25, 7.375, 12.5 ],
        "texture" : "#VSS"
      }
    }
  }, {
    "from" : [ 7.875, 7.875, 10.75 ],
    "to" : [ 8.5, 8.625, 10.875 ],
    "faces" : {
      "east" : {
        "uv" : [ 6.375, 4.75, 6.25, 5.5 ],
        "texture" : "#VSS"
      },
      "south" : {
        "uv" : [ 13.75, 11.5, 14.375, 12.25 ],
        "texture" : "#VSS"
      },
      "west" : {
        "uv" : [ 6.375, 7.875, 6.5, 8.625 ],
        "texture" : "#VSS"
      },
      "up" : {
        "uv" : [ 11.5, 10.625, 12.125, 10.5 ],
        "texture" : "#VSS"
      },
      "down" : {
        "uv" : [ 12.75, 10.5, 13.375, 10.625 ],
        "texture" : "#VSS"
      }
    }
  }, {
    "from" : [ 7.875, 8, 6.5 ],
    "to" : [ 8.5, 9, 7.375 ],
    "faces" : {
      "north" : {
        "uv" : [ 15.625, 12.375, 15, 13.375 ],
        "texture" : "#VSS"
      },
      "east" : {
        "uv" : [ 11.375, 14.125, 10.5, 15.125 ],
        "texture" : "#VSS"
      },
      "south" : {
        "uv" : [ 14.375, 12.375, 15, 13.375 ],
        "texture" : "#VSS"
      },
      "west" : {
        "uv" : [ 9.625, 14.125, 10.5, 15.125 ],
        "texture" : "#VSS"
      },
      "up" : {
        "uv" : [ 11.25, 12.25, 11.875, 11.375 ],
        "texture" : "#VSS"
      },
      "down" : {
        "uv" : [ 5.625, 11.375, 6.25, 12.25 ],
        "texture" : "#VSS"
      }
    }
  }, {
    "from" : [ 7.875, 8, 7.375 ],
    "to" : [ 8.5, 8.875, 7.5 ],
    "faces" : {
      "east" : {
        "uv" : [ 5.75, 5, 5.625, 5.875 ],
        "texture" : "#VSS"
      },
      "south" : {
        "uv" : [ 3.75, 2.25, 4.375, 3.125 ],
        "texture" : "#VSS"
      },
      "west" : {
        "uv" : [ 6.25, 7.75, 6.375, 8.625 ],
        "texture" : "#VSS"
      },
      "up" : {
        "uv" : [ 14, 10.625, 14.625, 10.5 ],
        "texture" : "#VSS"
      },
      "down" : {
        "uv" : [ 13.375, 10.5, 14, 10.625 ],
        "texture" : "#VSS"
      }
    }
  }, {
    "from" : [ 7.875, 8, 7.5 ],
    "to" : [ 8.5, 8.75, 7.625 ],
    "faces" : {
      "east" : {
        "uv" : [ 6.375, 4, 6.25, 4.75 ],
        "texture" : "#VSS"
      },
      "south" : {
        "uv" : [ 5.375, 10.5, 6, 11.25 ],
        "texture" : "#VSS"
      },
      "west" : {
        "uv" : [ 6.375, 4.75, 6.5, 5.5 ],
        "texture" : "#VSS"
      },
      "up" : {
        "uv" : [ 10.625, 9.625, 11.25, 9.5 ],
        "texture" : "#VSS"
      },
      "down" : {
        "uv" : [ 12.5, 9.5, 13.125, 9.625 ],
        "texture" : "#VSS"
      }
    }
  }, {
    "from" : [ 7.875, 8, 9 ],
    "to" : [ 8.5, 8.625, 10 ],
    "faces" : {
      "east" : {
        "uv" : [ 6, 12.25, 5, 12.875 ],
        "texture" : "#VSS"
      },
      "west" : {
        "uv" : [ 4, 12.25, 5, 12.875 ],
        "texture" : "#VSS"
      },
      "up" : {
        "uv" : [ 10, 13.375, 10.625, 12.375 ],
        "texture" : "#VSS"
      },
      "down" : {
        "uv" : [ 9.375, 12.375, 10, 13.375 ],
        "texture" : "#VSS"
      }
    }
  }, {
    "from" : [ 7.875, 8, 10.875 ],
    "to" : [ 8.5, 8.625, 11.375 ],
    "faces" : {
      "east" : {
        "uv" : [ 5.375, 0, 4.875, 0.625 ],
        "texture" : "#VSS"
      },
      "south" : {
        "uv" : [ 11.5, 10.625, 12.125, 11.25 ],
        "texture" : "#VSS"
      },
      "west" : {
        "uv" : [ 5.75, 9.375, 6.25, 10 ],
        "texture" : "#VSS"
      },
      "up" : {
        "uv" : [ 7, 10.5, 7.625, 10 ],
        "texture" : "#VSS"
      },
      "down" : {
        "uv" : [ 8.25, 10, 8.875, 10.5 ],
        "texture" : "#VSS"
      }
    }
  }, {
    "from" : [ 7.875, 8, 15.125 ],
    "to" : [ 8.5, 8.375, 15.25 ],
    "faces" : {
      "north" : {
        "uv" : [ 14.25, 10, 13.625, 10.375 ],
        "texture" : "#VSS"
      },
      "east" : {
        "uv" : [ 7, 7, 6.875, 7.375 ],
        "texture" : "#VSS"
      },
      "west" : {
        "uv" : [ 6.875, 6.625, 7, 7 ],
        "texture" : "#VSS"
      },
      "up" : {
        "uv" : [ 10.25, 10.625, 10.875, 10.5 ],
        "texture" : "#VSS"
      },
      "down" : {
        "uv" : [ 13.75, 9.5, 14.375, 9.625 ],
        "texture" : "#VSS"
      }
    }
  }, {
    "from" : [ 7.875, 8.125, 5.875 ],
    "to" : [ 8.5, 9, 6.5 ],
    "faces" : {
      "north" : {
        "uv" : [ 4.375, 3.125, 3.75, 4 ],
        "texture" : "#VSS"
      },
      "east" : {
        "uv" : [ 4.375, 1.375, 3.75, 2.25 ],
        "texture" : "#VSS"
      },
      "west" : {
        "uv" : [ 3.75, 0.5, 4.375, 1.375 ],
        "texture" : "#VSS"
      },
      "up" : {
        "uv" : [ 13.375, 11.25, 14, 10.625 ],
        "texture" : "#VSS"
      },
      "down" : {
        "uv" : [ 10.25, 10.625, 10.875, 11.25 ],
        "texture" : "#VSS"
      }
    }
  }, {
    "from" : [ 7.875, 8.125, 11.375 ],
    "to" : [ 8.5, 8.625, 11.875 ],
    "faces" : {
      "east" : {
        "uv" : [ 11.875, 10, 11.375, 10.5 ],
        "texture" : "#VSS"
      },
      "south" : {
        "uv" : [ 7.625, 10, 8.25, 10.5 ],
        "texture" : "#VSS"
      },
      "west" : {
        "uv" : [ 11.875, 10, 12.375, 10.5 ],
        "texture" : "#VSS"
      },
      "up" : {
        "uv" : [ 9.5, 10.5, 10.125, 10 ],
        "texture" : "#VSS"
      },
      "down" : {
        "uv" : [ 8.875, 10, 9.5, 10.5 ],
        "texture" : "#VSS"
      }
    }
  }, {
    "from" : [ 7.875, 8.125, 11.875 ],
    "to" : [ 8.5, 8.375, 15.125 ],
    "faces" : {
      "east" : {
        "uv" : [ 13.25, 15.375, 10, 15.625 ],
        "texture" : "#VSS"
      },
      "west" : {
        "uv" : [ 12.75, 15.75, 16, 16 ],
        "texture" : "#VSS"
      },
      "up" : {
        "uv" : [ 0.625, 11.625, 1.25, 8.375 ],
        "texture" : "#VSS"
      },
      "down" : {
        "uv" : [ 0.625, 5.125, 1.25, 8.375 ],
        "texture" : "#VSS"
      }
    }
  }, {
    "from" : [ 7.875, 8.25, 5.375 ],
    "to" : [ 8.5, 9, 5.875 ],
    "faces" : {
      "north" : {
        "uv" : [ 12.5, 11.5, 11.875, 12.25 ],
        "texture" : "#VSS"
      },
      "east" : {
        "uv" : [ 5.375, 6.375, 4.875, 7.125 ],
        "texture" : "#VSS"
      },
      "west" : {
        "uv" : [ 4.875, 7.125, 5.375, 7.875 ],
        "texture" : "#VSS"
      },
      "up" : {
        "uv" : [ 14.625, 11.25, 15.25, 10.75 ],
        "texture" : "#VSS"
      },
      "down" : {
        "uv" : [ 3.75, 0, 4.375, 0.5 ],
        "texture" : "#VSS"
      }
    }
  }, {
    "from" : [ 7.875, 8.375, 15.875 ],
    "to" : [ 8.5, 8.5, 16 ],
    "faces" : {
      "north" : {
        "uv" : [ 9.5, 9.125, 8.875, 9.25 ],
        "texture" : "#VSS"
      },
      "east" : {
        "uv" : [ 7.375, 5.25, 7.25, 5.375 ],
        "texture" : "#VSS"
      },
      "south" : {
        "uv" : [ 8.25, 9.125, 8.875, 9.25 ],
        "texture" : "#VSS",
        "cullface" : "south"
      },
      "west" : {
        "uv" : [ 7.25, 5.375, 7.375, 5.5 ],
        "texture" : "#VSS"
      },
      "up" : {
        "uv" : [ 11.375, 9.25, 12, 9.125 ],
        "texture" : "#VSS"
      }
    }
  }, {
    "from" : [ 7.875, 8.5, 0 ],
    "to" : [ 8.5, 8.875, 5.375 ],
    "faces" : {
      "north" : {
        "uv" : [ 8.75, 9.5, 8.125, 9.875 ],
        "texture" : "#VSS",
        "cullface" : "north"
      },
      "east" : {
        "uv" : [ 12.75, 15.625, 7.375, 16 ],
        "texture" : "#VSS"
      },
      "west" : {
        "uv" : [ 2, 15.625, 7.375, 16 ],
        "texture" : "#VSS"
      },
      "up" : {
        "uv" : [ 0, 10.625, 0.625, 5.25 ],
        "texture" : "#VSS"
      },
      "down" : {
        "uv" : [ 0, 10.625, 0.625, 16 ],
        "texture" : "#VSS"
      }
    }
  }, {
    "from" : [ 7.875, 9.375, 9.375 ],
    "to" : [ 8.125, 9.75, 9.625 ],
    "faces" : {
      "north" : {
        "uv" : [ 6.5, 3.625, 6.25, 4 ],
        "texture" : "#VSS"
      },
      "east" : {
        "uv" : [ 6.5, 2.5, 6.25, 2.875 ],
        "texture" : "#VSS"
      },
      "south" : {
        "uv" : [ 6.25, 3.25, 6.5, 3.625 ],
        "texture" : "#VSS"
      },
      "west" : {
        "uv" : [ 6.25, 2.875, 6.5, 3.25 ],
        "texture" : "#VSS"
      },
      "up" : {
        "uv" : [ 10.375, 11.625, 10.625, 11.375 ],
        "texture" : "#VSS"
      },
      "down" : {
        "uv" : [ 6.25, 0.625, 6.5, 0.875 ],
        "texture" : "#VSS"
      }
    }
  }, {
    "from" : [ 7.875, 9.375, 10.5 ],
    "to" : [ 8.5, 9.5, 10.625 ],
    "faces" : {
      "north" : {
        "uv" : [ 13.75, 11.375, 13.125, 11.5 ],
        "texture" : "#VSS"
      },
      "east" : {
        "uv" : [ 7.375, 5.125, 7.25, 5.25 ],
        "texture" : "#VSS"
      },
      "south" : {
        "uv" : [ 5.875, 13.375, 6.5, 13.5 ],
        "texture" : "#VSS"
      },
      "west" : {
        "uv" : [ 7.25, 5.5, 7.375, 5.625 ],
        "texture" : "#VSS"
      },
      "up" : {
        "uv" : [ 14.375, 11.5, 15, 11.375 ],
        "texture" : "#VSS"
      },
      "down" : {
        "uv" : [ 10.875, 10.5, 11.5, 10.625 ],
        "texture" : "#VSS"
      }
    }
  }, {
    "from" : [ 7.875, 9.375, 10.625 ],
    "to" : [ 8.125, 9.75, 10.75 ],
    "faces" : {
      "north" : {
        "uv" : [ 6.5, 2.125, 6.25, 2.5 ],
        "texture" : "#VSS"
      },
      "east" : {
        "uv" : [ 7, 7.75, 6.875, 8.125 ],
        "texture" : "#VSS"
      },
      "south" : {
        "uv" : [ 6.25, 1.75, 6.5, 2.125 ],
        "texture" : "#VSS"
      },
      "west" : {
        "uv" : [ 6.875, 7.375, 7, 7.75 ],
        "texture" : "#VSS"
      },
      "up" : {
        "uv" : [ 7, 6, 7.25, 5.875 ],
        "texture" : "#VSS"
      },
      "down" : {
        "uv" : [ 7, 6, 7.25, 6.125 ],
        "texture" : "#VSS"
      }
    }
  }, {
    "from" : [ 7.875, 9.5, 10.5 ],
    "to" : [ 8.125, 9.75, 10.625 ],
    "faces" : {
      "north" : {
        "uv" : [ 6.75, 0, 6.5, 0.25 ],
        "texture" : "#VSS"
      },
      "east" : {
        "uv" : [ 7, 1.25, 6.875, 1.5 ],
        "texture" : "#VSS"
      },
      "west" : {
        "uv" : [ 6.875, 1.5, 7, 1.75 ],
        "texture" : "#VSS"
      },
      "up" : {
        "uv" : [ 15.75, 9.25, 16, 9.125 ],
        "texture" : "#VSS"
      }
    }
  }, {
    "from" : [ 7.875, 9.75, 8.5 ],
    "to" : [ 8.5, 10.125, 9 ],
    "faces" : {
      "north" : {
        "uv" : [ 12.625, 13.375, 12, 13.75 ],
        "texture" : "#VSS"
      },
      "east" : {
        "uv" : [ 6.25, 5.375, 5.75, 5.75 ],
        "texture" : "#VSS"
      },
      "south" : {
        "uv" : [ 12.625, 13.375, 13.25, 13.75 ],
        "texture" : "#VSS"
      },
      "west" : {
        "uv" : [ 5.75, 4, 6.25, 4.375 ],
        "texture" : "#VSS"
      },
      "up" : {
        "uv" : [ 15.25, 11.25, 15.875, 10.75 ],
        "texture" : "#VSS"
      },
      "down" : {
        "uv" : [ 5.75, 10, 6.375, 10.5 ],
        "texture" : "#VSS"
      }
    }
  }, {
    "from" : [ 7.875, 9.75, 9.875 ],
    "to" : [ 8.5, 10.125, 10.25 ],
    "faces" : {
      "north" : {
        "uv" : [ 13, 10, 12.375, 10.375 ],
        "texture" : "#VSS"
      },
      "east" : {
        "uv" : [ 6.125, 0.125, 5.75, 0.5 ],
        "texture" : "#VSS"
      },
      "south" : {
        "uv" : [ 13, 10, 13.625, 10.375 ],
        "texture" : "#VSS"
      },
      "west" : {
        "uv" : [ 6.5, 4.375, 6.875, 4.75 ],
        "texture" : "#VSS"
      },
      "up" : {
        "uv" : [ 9.375, 10.875, 10, 10.5 ],
        "texture" : "#VSS"
      },
      "down" : {
        "uv" : [ 13.25, 13.375, 13.875, 13.75 ],
        "texture" : "#VSS"
      }
    }
  }, {
    "from" : [ 7.875, 9.75, 11.25 ],
    "to" : [ 8.5, 10.125, 11.875 ],
    "faces" : {
      "north" : {
        "uv" : [ 15.5, 10.125, 14.875, 10.5 ],
        "texture" : "#VSS"
      },
      "east" : {
        "uv" : [ 8.125, 9.5, 7.5, 9.875 ],
        "texture" : "#VSS"
      },
      "south" : {
        "uv" : [ 6.25, 9.5, 6.875, 9.875 ],
        "texture" : "#VSS"
      },
      "west" : {
        "uv" : [ 6.875, 9.5, 7.5, 9.875 ],
        "texture" : "#VSS"
      },
      "up" : {
        "uv" : [ 7.5, 12.875, 8.125, 12.25 ],
        "texture" : "#VSS"
      },
      "down" : {
        "uv" : [ 14, 10.625, 14.625, 11.25 ],
        "texture" : "#VSS"
      }
    }
  }, {
    "from" : [ 8, 5.75, 7.625 ],
    "to" : [ 8.375, 7.5, 7.875 ],
    "faces" : {
      "north" : {
        "uv" : [ 3.75, 3, 3.375, 4.75 ],
        "texture" : "#VSS"
      },
      "east" : {
        "uv" : [ 4.75, 5.625, 4.5, 7.375 ],
        "texture" : "#VSS"
      },
      "south" : {
        "uv" : [ 3.375, 1.25, 3.75, 3 ],
        "texture" : "#VSS"
      },
      "west" : {
        "uv" : [ 4.5, 3.875, 4.75, 5.625 ],
        "texture" : "#VSS"
      },
      "down" : {
        "uv" : [ 12.125, 9.25, 12.5, 9.5 ],
        "texture" : "#VSS"
      }
    }
  }, {
    "from" : [ 8, 5.75, 7.875 ],
    "to" : [ 8.375, 7.375, 8.125 ],
    "faces" : {
      "east" : {
        "uv" : [ 4.375, 7, 4.125, 8.625 ],
        "texture" : "#VSS"
      },
      "south" : {
        "uv" : [ 3.75, 7, 4.125, 8.625 ],
        "texture" : "#VSS"
      },
      "west" : {
        "uv" : [ 4.5, 2.25, 4.75, 3.875 ],
        "texture" : "#VSS"
      },
      "down" : {
        "uv" : [ 12.875, 9.25, 13.25, 9.5 ],
        "texture" : "#VSS"
      }
    }
  }, {
    "from" : [ 8, 5.75, 8.125 ],
    "to" : [ 8.375, 7.25, 8.375 ],
    "faces" : {
      "east" : {
        "uv" : [ 5.375, 7.875, 5.125, 9.375 ],
        "texture" : "#VSS"
      },
      "south" : {
        "uv" : [ 3.75, 5.5, 4.125, 7 ],
        "texture" : "#VSS"
      },
      "west" : {
        "uv" : [ 4.875, 7.875, 5.125, 9.375 ],
        "texture" : "#VSS"
      },
      "down" : {
        "uv" : [ 13.625, 9.25, 14, 9.5 ],
        "texture" : "#VSS"
      }
    }
  }, {
    "from" : [ 8, 5.75, 8.375 ],
    "to" : [ 8.375, 7.125, 8.625 ],
    "faces" : {
      "east" : {
        "uv" : [ 5.125, 2, 4.875, 3.375 ],
        "texture" : "#VSS"
      },
      "south" : {
        "uv" : [ 4.5, 8.625, 4.875, 10 ],
        "texture" : "#VSS"
      },
      "west" : {
        "uv" : [ 5.125, 2, 5.375, 3.375 ],
        "texture" : "#VSS"
      },
      "down" : {
        "uv" : [ 14.375, 9.25, 14.75, 9.5 ],
        "texture" : "#VSS"
      }
    }
  }, {
    "from" : [ 8, 5.75, 8.625 ],
    "to" : [ 8.375, 7, 8.875 ],
    "faces" : {
      "east" : {
        "uv" : [ 5.625, 4.625, 5.375, 5.875 ],
        "texture" : "#VSS"
      },
      "south" : {
        "uv" : [ 4.5, 7.375, 4.875, 8.625 ],
        "texture" : "#VSS"
      },
      "west" : {
        "uv" : [ 5.375, 5.875, 5.625, 7.125 ],
        "texture" : "#VSS"
      },
      "down" : {
        "uv" : [ 15.125, 9.25, 15.5, 9.5 ],
        "texture" : "#VSS"
      }
    }
  }, {
    "from" : [ 8, 6.25, 10 ],
    "to" : [ 8.375, 6.375, 10.125 ],
    "faces" : {
      "north" : {
        "uv" : [ 15.125, 9, 14.75, 9.125 ],
        "texture" : "#VSS"
      },
      "east" : {
        "uv" : [ 7.25, 3.625, 7.125, 3.75 ],
        "texture" : "#VSS"
      },
      "west" : {
        "uv" : [ 7, 3.625, 7.125, 3.75 ],
        "texture" : "#VSS"
      },
      "up" : {
        "uv" : [ 14.75, 9, 15.125, 8.875 ],
        "texture" : "#VSS"
      }
    }
  }, {
    "from" : [ 8, 6.375, 11.375 ],
    "to" : [ 8.375, 6.5, 11.625 ],
    "faces" : {
      "east" : {
        "uv" : [ 7.25, 4.75, 7, 4.875 ],
        "texture" : "#VSS"
      },
      "south" : {
        "uv" : [ 12.875, 9, 13.25, 9.125 ],
        "texture" : "#VSS"
      },
      "west" : {
        "uv" : [ 6, 1.5, 6.25, 1.625 ],
        "texture" : "#VSS"
      },
      "down" : {
        "uv" : [ 6.5, 3.75, 6.875, 4 ],
        "texture" : "#VSS"
      }
    }
  }, {
    "from" : [ 8, 6.5, 11.125 ],
    "to" : [ 8.375, 6.625, 11.25 ],
    "faces" : {
      "east" : {
        "uv" : [ 7.375, 2.625, 7.25, 2.75 ],
        "texture" : "#VSS"
      },
      "west" : {
        "uv" : [ 7.125, 2.625, 7.25, 2.75 ],
        "texture" : "#VSS"
      },
      "up" : {
        "uv" : [ 12.125, 9.125, 12.5, 9 ],
        "texture" : "#VSS"
      }
    }
  }, {
    "from" : [ 8, 6.5, 11.625 ],
    "to" : [ 8.375, 6.625, 15.75 ],
    "faces" : {
      "east" : {
        "uv" : [ 10.375, 11.625, 6.25, 11.75 ],
        "texture" : "#VSS"
      },
      "west" : {
        "uv" : [ 6.25, 11.75, 10.375, 11.875 ],
        "texture" : "#VSS"
      },
      "down" : {
        "uv" : [ 1.25, 1.125, 1.625, 5.25 ],
        "texture" : "#VSS"
      }
    }
  }, {
    "from" : [ 8, 6.625, 11.25 ],
    "to" : [ 8.375, 6.75, 11.375 ],
    "faces" : {
      "north" : {
        "uv" : [ 10.25, 8.875, 9.875, 9 ],
        "texture" : "#VSS"
      },
      "east" : {
        "uv" : [ 7.125, 2.375, 7, 2.5 ],
        "texture" : "#VSS"
      },
      "west" : {
        "uv" : [ 7, 2.5, 7.125, 2.625 ],
        "texture" : "#VSS"
      },
      "up" : {
        "uv" : [ 10.25, 9.125, 10.625, 9 ],
        "texture" : "#VSS"
      }
    }
  }, {
    "from" : [ 8, 6.75, 11.375 ],
    "to" : [ 8.375, 6.875, 14.75 ],
    "faces" : {
      "north" : {
        "uv" : [ 9.125, 8.875, 8.75, 9 ],
        "texture" : "#VSS"
      },
      "east" : {
        "uv" : [ 10, 10.875, 6.625, 11 ],
        "texture" : "#VSS"
      },
      "west" : {
        "uv" : [ 6.625, 11, 10, 11.125 ],
        "texture" : "#VSS"
      },
      "up" : {
        "uv" : [ 3, 11.5, 3.375, 8.125 ],
        "texture" : "#VSS"
      }
    }
  }, {
    "from" : [ 8, 6.875, 14.75 ],
    "to" : [ 8.375, 7, 14.875 ],
    "faces" : {
      "north" : {
        "uv" : [ 15.75, 9.125, 15.375, 9.25 ],
        "texture" : "#VSS"
      },
      "east" : {
        "uv" : [ 12, 15.125, 11.875, 15.25 ],
        "texture" : "#VSS"
      },
      "west" : {
        "uv" : [ 7, 2.25, 7.125, 2.375 ],
        "texture" : "#VSS"
      },
      "up" : {
        "uv" : [ 7.625, 9.125, 8, 9 ],
        "texture" : "#VSS"
      }
    }
  }, {
    "from" : [ 8, 7, 14.875 ],
    "to" : [ 8.375, 7.125, 15 ],
    "faces" : {
      "north" : {
        "uv" : [ 7.375, 8.125, 7, 8.25 ],
        "texture" : "#VSS"
      },
      "east" : {
        "uv" : [ 7.375, 4.375, 7.25, 4.5 ],
        "texture" : "#VSS"
      },
      "west" : {
        "uv" : [ 7, 3.5, 7.125, 3.625 ],
        "texture" : "#VSS"
      },
      "up" : {
        "uv" : [ 15.25, 8.75, 15.625, 8.625 ],
        "texture" : "#VSS"
      }
    }
  }, {
    "from" : [ 8, 7.125, 15 ],
    "to" : [ 8.375, 8.125, 15.125 ],
    "faces" : {
      "north" : {
        "uv" : [ 1.625, 0.125, 1.25, 1.125 ],
        "texture" : "#VSS"
      },
      "east" : {
        "uv" : [ 5.75, 8.625, 5.625, 9.625 ],
        "texture" : "#VSS"
      },
      "south" : {
        "uv" : [ 15.625, 12.375, 16, 13.375 ],
        "texture" : "#VSS"
      },
      "west" : {
        "uv" : [ 5.25, 4.375, 5.375, 5.375 ],
        "texture" : "#VSS"
      }
    }
  }, {
    "from" : [ 8, 7.375, 9 ],
    "to" : [ 8.375, 7.625, 9.125 ],
    "faces" : {
      "east" : {
        "uv" : [ 7.5, 12.25, 7.375, 12.5 ],
        "texture" : "#VSS"
      },
      "south" : {
        "uv" : [ 6.5, 3, 6.875, 3.25 ],
        "texture" : "#VSS"
      },
      "west" : {
        "uv" : [ 7.25, 4, 7.375, 4.25 ],
        "texture" : "#VSS"
      },
      "up" : {
        "uv" : [ 13.25, 9, 13.625, 8.875 ],
        "texture" : "#VSS"
      }
    }
  }, {
    "from" : [ 8, 7.375, 9.125 ],
    "to" : [ 8.375, 7.5, 9.875 ],
    "faces" : {
      "east" : {
        "uv" : [ 7.625, 9.125, 6.875, 9.25 ],
        "texture" : "#VSS"
      },
      "south" : {
        "uv" : [ 9.125, 9, 9.5, 9.125 ],
        "texture" : "#VSS"
      },
      "west" : {
        "uv" : [ 14.625, 9.875, 15.375, 10 ],
        "texture" : "#VSS"
      },
      "up" : {
        "uv" : [ 5.375, 3.5, 5.75, 2.75 ],
        "texture" : "#VSS"
      },
      "down" : {
        "uv" : [ 3, 0, 3.375, 0.75 ],
        "texture" : "#VSS"
      }
    }
  }, {
    "from" : [ 8, 7.375, 9.875 ],
    "to" : [ 8.25, 8, 10 ],
    "faces" : {
      "north" : {
        "uv" : [ 6.5, 8.625, 6.25, 9.25 ],
        "texture" : "#VSS"
      },
      "east" : {
        "uv" : [ 6.25, 8.125, 6.125, 8.75 ],
        "texture" : "#VSS"
      },
      "west" : {
        "uv" : [ 6.25, 1.125, 6.375, 1.75 ],
        "texture" : "#VSS"
      },
      "down" : {
        "uv" : [ 10.375, 11.875, 10.625, 12 ],
        "texture" : "#VSS"
      }
    }
  }, {
    "from" : [ 8, 7.375, 15.125 ],
    "to" : [ 8.375, 8, 15.25 ],
    "faces" : {
      "east" : {
        "uv" : [ 6.5, 4.125, 6.375, 4.75 ],
        "texture" : "#VSS"
      },
      "west" : {
        "uv" : [ 6.375, 1.125, 6.5, 1.75 ],
        "texture" : "#VSS"
      }
    }
  }, {
    "from" : [ 8, 7.875, 6.5 ],
    "to" : [ 8.375, 8, 7.5 ],
    "faces" : {
      "north" : {
        "uv" : [ 14.5, 8.625, 14.125, 8.75 ],
        "texture" : "#VSS"
      },
      "east" : {
        "uv" : [ 14.25, 15.125, 13.25, 15.25 ],
        "texture" : "#VSS"
      },
      "south" : {
        "uv" : [ 15.625, 8.625, 16, 8.75 ],
        "texture" : "#VSS"
      },
      "west" : {
        "uv" : [ 14.75, 15.625, 15.75, 15.75 ],
        "texture" : "#VSS"
      },
      "up" : {
        "uv" : [ 4.875, 4.375, 5.25, 3.375 ],
        "texture" : "#VSS"
      },
      "down" : {
        "uv" : [ 1.625, 0.125, 2, 1.125 ],
        "texture" : "#VSS"
      }
    }
  }, {
    "from" : [ 8, 8, 5.875 ],
    "to" : [ 8.375, 8.125, 6.5 ],
    "faces" : {
      "north" : {
        "uv" : [ 7.375, 7.625, 7, 7.75 ],
        "texture" : "#VSS"
      },
      "east" : {
        "uv" : [ 15, 12.25, 14.375, 12.375 ],
        "texture" : "#VSS"
      },
      "west" : {
        "uv" : [ 15, 11.375, 15.625, 11.5 ],
        "texture" : "#VSS"
      },
      "down" : {
        "uv" : [ 5.75, 7.5, 6.125, 8.125 ],
        "texture" : "#VSS"
      }
    }
  }, {
    "from" : [ 8, 8, 11.375 ],
    "to" : [ 8.375, 8.125, 15 ],
    "faces" : {
      "east" : {
        "uv" : [ 10.25, 11.125, 6.625, 11.25 ],
        "texture" : "#VSS"
      },
      "west" : {
        "uv" : [ 9.125, 11.25, 12.75, 11.375 ],
        "texture" : "#VSS"
      },
      "up" : {
        "uv" : [ 3, 15.125, 3.375, 11.5 ],
        "texture" : "#VSS"
      },
      "down" : {
        "uv" : [ 2.625, 0, 3, 3.625 ],
        "texture" : "#VSS"
      }
    }
  }, {
    "from" : [ 8, 8.125, 5.375 ],
    "to" : [ 8.375, 8.25, 5.875 ],
    "faces" : {
      "north" : {
        "uv" : [ 8, 8.875, 7.625, 9 ],
        "texture" : "#VSS"
      },
      "east" : {
        "uv" : [ 6.25, 0, 5.75, 0.125 ],
        "texture" : "#VSS"
      },
      "west" : {
        "uv" : [ 14.25, 15.125, 14.75, 15.25 ],
        "texture" : "#VSS"
      },
      "down" : {
        "uv" : [ 5.875, 6, 6.25, 6.5 ],
        "texture" : "#VSS"
      }
    }
  }, {
    "from" : [ 8, 8.375, 0 ],
    "to" : [ 8.375, 8.5, 5.375 ],
    "faces" : {
      "north" : {
        "uv" : [ 8.75, 8.875, 8.375, 9 ],
        "texture" : "#VSS",
        "cullface" : "north"
      },
      "east" : {
        "uv" : [ 9.375, 13.25, 4, 13.375 ],
        "texture" : "#VSS"
      },
      "west" : {
        "uv" : [ 4, 13.125, 9.375, 13.25 ],
        "texture" : "#VSS"
      },
      "down" : {
        "uv" : [ 1.25, 5.25, 1.625, 10.625 ],
        "texture" : "#VSS"
      }
    }
  }, {
    "from" : [ 8, 8.375, 11.875 ],
    "to" : [ 8.375, 8.625, 12.125 ],
    "faces" : {
      "east" : {
        "uv" : [ 6.5, 0.375, 6.25, 0.625 ],
        "texture" : "#VSS"
      },
      "south" : {
        "uv" : [ 6.5, 2, 6.875, 2.25 ],
        "texture" : "#VSS"
      },
      "west" : {
        "uv" : [ 6.875, 8.875, 7.125, 9.125 ],
        "texture" : "#VSS"
      },
      "up" : {
        "uv" : [ 6.5, 2.75, 6.875, 2.5 ],
        "texture" : "#VSS"
      }
    }
  }, {
    "from" : [ 8, 8.375, 12.125 ],
    "to" : [ 8.375, 8.5, 15.875 ],
    "faces" : {
      "east" : {
        "uv" : [ 10, 11.375, 6.25, 11.5 ],
        "texture" : "#VSS"
      },
      "west" : {
        "uv" : [ 5.375, 11.25, 9.125, 11.375 ],
        "texture" : "#VSS"
      },
      "up" : {
        "uv" : [ 2.625, 11.125, 3, 7.375 ],
        "texture" : "#VSS"
      },
      "down" : {
        "uv" : [ 2.625, 3.625, 3, 7.375 ],
        "texture" : "#VSS"
      }
    }
  }, {
    "from" : [ 8, 8.625, 7.75 ],
    "to" : [ 8.375, 9.125, 11.75 ],
    "faces" : {
      "north" : {
        "uv" : [ 6.25, 6.5, 5.875, 7 ],
        "texture" : "#VSS"
      },
      "east" : {
        "uv" : [ 6, 15.125, 2, 15.625 ],
        "texture" : "#VSS"
      },
      "south" : {
        "uv" : [ 5.75, 3.5, 6.125, 4 ],
        "texture" : "#VSS"
      },
      "west" : {
        "uv" : [ 6, 15.125, 10, 15.625 ],
        "texture" : "#VSS"
      },
      "up" : {
        "uv" : [ 2.625, 15.125, 3, 11.125 ],
        "texture" : "#VSS"
      },
      "down" : {
        "uv" : [ 2, 2.5, 2.375, 6.5 ],
        "texture" : "#VSS"
      }
    }
  }, {
    "from" : [ 8, 8.625, 11.75 ],
    "to" : [ 8.375, 8.875, 11.875 ],
    "faces" : {
      "east" : {
        "uv" : [ 7.125, 4, 7, 4.25 ],
        "texture" : "#VSS"
      },
      "south" : {
        "uv" : [ 6.5, 1.5, 6.875, 1.75 ],
        "texture" : "#VSS"
      },
      "west" : {
        "uv" : [ 7.125, 4, 7.25, 4.25 ],
        "texture" : "#VSS"
      },
      "up" : {
        "uv" : [ 11.375, 9.125, 11.75, 9 ],
        "texture" : "#VSS"
      }
    }
  }, {
    "from" : [ 8, 8.75, 7.5 ],
    "to" : [ 8.375, 9.125, 7.625 ],
    "faces" : {
      "north" : {
        "uv" : [ 6.875, 4.75, 6.5, 5.125 ],
        "texture" : "#VSS"
      },
      "east" : {
        "uv" : [ 7, 8.125, 6.875, 8.5 ],
        "texture" : "#VSS"
      },
      "south" : {
        "uv" : [ 6.5, 5.125, 6.875, 5.5 ],
        "texture" : "#VSS"
      },
      "west" : {
        "uv" : [ 6.875, 8.5, 7, 8.875 ],
        "texture" : "#VSS"
      },
      "up" : {
        "uv" : [ 11.75, 9.125, 12.125, 9 ],
        "texture" : "#VSS"
      }
    }
  }, {
    "from" : [ 8, 8.875, 0 ],
    "to" : [ 8.375, 9, 5.375 ],
    "faces" : {
      "north" : {
        "uv" : [ 12.875, 9, 12.5, 9.125 ],
        "texture" : "#VSS",
        "cullface" : "north"
      },
      "east" : {
        "uv" : [ 9.375, 13, 4, 13.125 ],
        "texture" : "#VSS"
      },
      "west" : {
        "uv" : [ 4, 12.875, 9.375, 13 ],
        "texture" : "#VSS"
      },
      "up" : {
        "uv" : [ 1.625, 10.625, 2, 5.25 ],
        "texture" : "#VSS"
      }
    }
  }, {
    "from" : [ 8, 8.875, 7.375 ],
    "to" : [ 8.375, 9.125, 7.5 ],
    "faces" : {
      "north" : {
        "uv" : [ 6.875, 1.25, 6.5, 1.5 ],
        "texture" : "#VSS"
      },
      "east" : {
        "uv" : [ 5.75, 8.375, 5.625, 8.625 ],
        "texture" : "#VSS"
      },
      "west" : {
        "uv" : [ 5.625, 3.5, 5.75, 3.75 ],
        "texture" : "#VSS"
      },
      "up" : {
        "uv" : [ 13.25, 9.125, 13.625, 9 ],
        "texture" : "#VSS"
      }
    }
  }, {
    "from" : [ 8, 8.875, 7.625 ],
    "to" : [ 8.375, 9.125, 7.75 ],
    "faces" : {
      "east" : {
        "uv" : [ 7.125, 4.5, 7, 4.75 ],
        "texture" : "#VSS"
      },
      "west" : {
        "uv" : [ 15.875, 10.5, 16, 10.75 ],
        "texture" : "#VSS"
      },
      "up" : {
        "uv" : [ 13.625, 9, 14, 8.875 ],
        "texture" : "#VSS"
      }
    }
  }, {
    "from" : [ 8, 9, 5.375 ],
    "to" : [ 8.375, 9.125, 7.375 ],
    "faces" : {
      "north" : {
        "uv" : [ 14.375, 8.875, 14, 9 ],
        "texture" : "#VSS"
      },
      "east" : {
        "uv" : [ 14.75, 15.625, 12.75, 15.75 ],
        "texture" : "#VSS"
      },
      "west" : {
        "uv" : [ 10, 15.25, 12, 15.375 ],
        "texture" : "#VSS"
      },
      "up" : {
        "uv" : [ 3, 4.75, 3.375, 2.75 ],
        "texture" : "#VSS"
      },
      "down" : {
        "uv" : [ 3, 0.75, 3.375, 2.75 ],
        "texture" : "#VSS"
      }
    }
  }, {
    "from" : [ 8, 9.125, 5.5 ],
    "to" : [ 8.375, 9.25, 7.375 ],
    "faces" : {
      "north" : {
        "uv" : [ 15.5, 9, 15.125, 9.125 ],
        "texture" : "#VSS"
      },
      "east" : {
        "uv" : [ 14.25, 10.375, 12.375, 10.5 ],
        "texture" : "#VSS"
      },
      "south" : {
        "uv" : [ 15.125, 8.875, 15.5, 9 ],
        "texture" : "#VSS"
      },
      "west" : {
        "uv" : [ 6.25, 9.875, 8.125, 10 ],
        "texture" : "#VSS"
      },
      "up" : {
        "uv" : [ 3.375, 6.625, 3.75, 4.75 ],
        "texture" : "#VSS"
      }
    }
  }, {
    "from" : [ 8, 9.25, 9.125 ],
    "to" : [ 8.375, 9.375, 11 ],
    "faces" : {
      "north" : {
        "uv" : [ 15.875, 8.875, 15.5, 9 ],
        "texture" : "#VSS"
      },
      "east" : {
        "uv" : [ 11.875, 15.125, 10, 15.25 ],
        "texture" : "#VSS"
      },
      "south" : {
        "uv" : [ 7, 8.75, 7.375, 8.875 ],
        "texture" : "#VSS"
      },
      "west" : {
        "uv" : [ 12.75, 11.25, 14.625, 11.375 ],
        "texture" : "#VSS"
      },
      "up" : {
        "uv" : [ 3.375, 12.25, 3.75, 10.375 ],
        "texture" : "#VSS"
      },
      "down" : {
        "uv" : [ 3.375, 8.5, 3.75, 10.375 ],
        "texture" : "#VSS"
      }
    }
  }, {
    "from" : [ 8, 9.375, 9.25 ],
    "to" : [ 8.375, 9.5, 9.375 ],
    "faces" : {
      "north" : {
        "uv" : [ 8.5, 8.75, 8.125, 8.875 ],
        "texture" : "#VSS"
      },
      "east" : {
        "uv" : [ 7.375, 5.875, 7.25, 6 ],
        "texture" : "#VSS"
      },
      "south" : {
        "uv" : [ 8.5, 8.75, 8.875, 8.875 ],
        "texture" : "#VSS"
      },
      "west" : {
        "uv" : [ 7.25, 4.75, 7.375, 4.875 ],
        "texture" : "#VSS"
      },
      "up" : {
        "uv" : [ 7.75, 8.875, 8.125, 8.75 ],
        "texture" : "#VSS"
      }
    }
  }, {
    "from" : [ 8, 9.375, 9.75 ],
    "to" : [ 8.375, 9.5, 9.875 ],
    "faces" : {
      "north" : {
        "uv" : [ 10, 8.75, 9.625, 8.875 ],
        "texture" : "#VSS"
      },
      "east" : {
        "uv" : [ 7.25, 3.375, 7.125, 3.5 ],
        "texture" : "#VSS"
      },
      "south" : {
        "uv" : [ 10, 8.75, 10.375, 8.875 ],
        "texture" : "#VSS"
      },
      "west" : {
        "uv" : [ 7.25, 3.375, 7.375, 3.5 ],
        "texture" : "#VSS"
      },
      "up" : {
        "uv" : [ 9.25, 8.875, 9.625, 8.75 ],
        "texture" : "#VSS"
      }
    }
  }, {
    "from" : [ 8, 9.375, 10 ],
    "to" : [ 8.375, 9.5, 10.125 ],
    "faces" : {
      "north" : {
        "uv" : [ 11.5, 8.75, 11.125, 8.875 ],
        "texture" : "#VSS"
      },
      "east" : {
        "uv" : [ 7.375, 3.5, 7.25, 3.625 ],
        "texture" : "#VSS"
      },
      "south" : {
        "uv" : [ 11.5, 8.75, 11.875, 8.875 ],
        "texture" : "#VSS"
      },
      "west" : {
        "uv" : [ 7, 3.375, 7.125, 3.5 ],
        "texture" : "#VSS"
      },
      "up" : {
        "uv" : [ 10.75, 8.875, 11.125, 8.75 ],
        "texture" : "#VSS"
      }
    }
  }, {
    "from" : [ 8, 9.375, 10.25 ],
    "to" : [ 8.375, 9.5, 10.375 ],
    "faces" : {
      "north" : {
        "uv" : [ 13, 8.75, 12.625, 8.875 ],
        "texture" : "#VSS"
      },
      "east" : {
        "uv" : [ 7.375, 3.625, 7.25, 3.75 ],
        "texture" : "#VSS"
      },
      "south" : {
        "uv" : [ 13, 8.75, 13.375, 8.875 ],
        "texture" : "#VSS"
      },
      "west" : {
        "uv" : [ 7.125, 3.5, 7.25, 3.625 ],
        "texture" : "#VSS"
      },
      "up" : {
        "uv" : [ 12.25, 8.875, 12.625, 8.75 ],
        "texture" : "#VSS"
      }
    }
  }, {
    "from" : [ 8, 9.375, 10.75 ],
    "to" : [ 8.375, 9.5, 10.875 ],
    "faces" : {
      "north" : {
        "uv" : [ 9.625, 8.625, 9.25, 8.75 ],
        "texture" : "#VSS"
      },
      "east" : {
        "uv" : [ 7.125, 3.75, 7, 3.875 ],
        "texture" : "#VSS"
      },
      "south" : {
        "uv" : [ 14.125, 8.75, 14.5, 8.875 ],
        "texture" : "#VSS"
      },
      "west" : {
        "uv" : [ 7.25, 3.75, 7.375, 3.875 ],
        "texture" : "#VSS"
      },
      "up" : {
        "uv" : [ 13.75, 8.875, 14.125, 8.75 ],
        "texture" : "#VSS"
      }
    }
  }, {
    "from" : [ 8, 9.625, 8.5 ],
    "to" : [ 8.375, 9.75, 9 ],
    "faces" : {
      "north" : {
        "uv" : [ 14.875, 8.75, 14.5, 8.875 ],
        "texture" : "#VSS"
      },
      "east" : {
        "uv" : [ 14.625, 9.125, 14.125, 9.25 ],
        "texture" : "#VSS"
      },
      "south" : {
        "uv" : [ 14.875, 8.75, 15.25, 8.875 ],
        "texture" : "#VSS"
      },
      "west" : {
        "uv" : [ 13.625, 9.125, 14.125, 9.25 ],
        "texture" : "#VSS"
      },
      "down" : {
        "uv" : [ 15.5, 10, 15.875, 10.5 ],
        "texture" : "#VSS"
      }
    }
  }, {
    "from" : [ 8, 9.625, 9.875 ],
    "to" : [ 8.375, 9.75, 10.25 ],
    "faces" : {
      "north" : {
        "uv" : [ 15.625, 8.75, 15.25, 8.875 ],
        "texture" : "#VSS"
      },
      "east" : {
        "uv" : [ 7.75, 8.625, 7.375, 8.75 ],
        "texture" : "#VSS"
      },
      "south" : {
        "uv" : [ 15.625, 8.75, 16, 8.875 ],
        "texture" : "#VSS"
      },
      "west" : {
        "uv" : [ 7, 8.625, 7.375, 8.75 ],
        "texture" : "#VSS"
      },
      "down" : {
        "uv" : [ 6.5, 8.875, 6.875, 9.25 ],
        "texture" : "#VSS"
      }
    }
  }, {
    "from" : [ 8, 9.625, 11.25 ],
    "to" : [ 8.375, 9.75, 11.875 ],
    "faces" : {
      "north" : {
        "uv" : [ 8.125, 8.625, 7.75, 8.75 ],
        "texture" : "#VSS"
      },
      "east" : {
        "uv" : [ 15.5, 10, 14.875, 10.125 ],
        "texture" : "#VSS"
      },
      "south" : {
        "uv" : [ 8.125, 8.625, 8.5, 8.75 ],
        "texture" : "#VSS"
      },
      "west" : {
        "uv" : [ 14.25, 10, 14.875, 10.125 ],
        "texture" : "#VSS"
      },
      "down" : {
        "uv" : [ 5.75, 8.75, 6.125, 9.375 ],
        "texture" : "#VSS"
      }
    }
  }, {
    "from" : [ 8, 9.75, 9 ],
    "to" : [ 8.375, 10.125, 9.875 ],
    "faces" : {
      "east" : {
        "uv" : [ 9.375, 10.5, 8.5, 10.875 ],
        "texture" : "#VSS"
      },
      "west" : {
        "uv" : [ 7.625, 10.5, 8.5, 10.875 ],
        "texture" : "#VSS"
      },
      "up" : {
        "uv" : [ 15.625, 12.25, 16, 11.375 ],
        "texture" : "#VSS"
      },
      "down" : {
        "uv" : [ 5.375, 9.625, 5.75, 10.5 ],
        "texture" : "#VSS"
      }
    }
  }, {
    "from" : [ 8, 9.75, 10.25 ],
    "to" : [ 8.375, 10.125, 11.25 ],
    "faces" : {
      "east" : {
        "uv" : [ 15.75, 15.25, 14.75, 15.625 ],
        "texture" : "#VSS"
      },
      "west" : {
        "uv" : [ 6.625, 10.5, 7.625, 10.875 ],
        "texture" : "#VSS"
      },
      "up" : {
        "uv" : [ 4.875, 6.375, 5.25, 5.375 ],
        "texture" : "#VSS"
      },
      "down" : {
        "uv" : [ 4.875, 4.375, 5.25, 5.375 ],
        "texture" : "#VSS"
      }
    }
  }, {
    "from" : [ 8, 10.125, 8.5 ],
    "to" : [ 8.375, 10.25, 9 ],
    "faces" : {
      "north" : {
        "uv" : [ 8.875, 8.625, 8.5, 8.75 ],
        "texture" : "#VSS"
      },
      "east" : {
        "uv" : [ 13.125, 9.125, 12.625, 9.25 ],
        "texture" : "#VSS"
      },
      "south" : {
        "uv" : [ 8.875, 8.625, 9.25, 8.75 ],
        "texture" : "#VSS"
      },
      "west" : {
        "uv" : [ 13.125, 9.125, 13.625, 9.25 ],
        "texture" : "#VSS"
      },
      "up" : {
        "uv" : [ 5.75, 1.5, 6.125, 1 ],
        "texture" : "#VSS"
      }
    }
  }, {
    "from" : [ 8, 10.125, 9.875 ],
    "to" : [ 8.375, 10.375, 10.25 ],
    "faces" : {
      "north" : {
        "uv" : [ 6.875, 0.25, 6.5, 0.5 ],
        "texture" : "#VSS"
      },
      "east" : {
        "uv" : [ 6.25, 5.75, 5.875, 6 ],
        "texture" : "#VSS"
      },
      "south" : {
        "uv" : [ 12.75, 15.125, 13.125, 15.375 ],
        "texture" : "#VSS"
      },
      "west" : {
        "uv" : [ 5.375, 0, 5.75, 0.25 ],
        "texture" : "#VSS"
      },
      "up" : {
        "uv" : [ 6.5, 7, 6.875, 6.625 ],
        "texture" : "#VSS"
      }
    }
  }, {
    "from" : [ 8, 10.125, 11.25 ],
    "to" : [ 8.375, 10.25, 11.875 ],
    "faces" : {
      "north" : {
        "uv" : [ 11.125, 8.625, 10.75, 8.75 ],
        "texture" : "#VSS"
      },
      "east" : {
        "uv" : [ 12.5, 11.375, 11.875, 11.5 ],
        "texture" : "#VSS"
      },
      "south" : {
        "uv" : [ 11.125, 8.625, 11.5, 8.75 ],
        "texture" : "#VSS"
      },
      "west" : {
        "uv" : [ 12.5, 11.375, 13.125, 11.5 ],
        "texture" : "#VSS"
      },
      "up" : {
        "uv" : [ 4.5, 0.625, 4.875, 0 ],
        "texture" : "#VSS"
      }
    }
  }, {
    "from" : [ 8.125, 6.875, 12.75 ],
    "to" : [ 8.25, 7, 13.625 ],
    "faces" : {
      "north" : {
        "uv" : [ 7.375, 4.25, 7.25, 4.375 ],
        "texture" : "#VSS"
      },
      "east" : {
        "uv" : [ 10.75, 9.875, 9.875, 10 ],
        "texture" : "#VSS"
      },
      "south" : {
        "uv" : [ 7.25, 3.875, 7.375, 4 ],
        "texture" : "#VSS"
      },
      "west" : {
        "uv" : [ 8.125, 9.875, 9, 10 ],
        "texture" : "#VSS"
      },
      "up" : {
        "uv" : [ 6.125, 3, 6.25, 2.125 ],
        "texture" : "#VSS"
      }
    }
  }, {
    "from" : [ 8.125, 7, 12.875 ],
    "to" : [ 8.25, 8, 13.5 ],
    "faces" : {
      "north" : {
        "uv" : [ 5.375, 3.375, 5.25, 4.375 ],
        "texture" : "#VSS"
      },
      "east" : {
        "uv" : [ 11.25, 12.375, 10.625, 13.375 ],
        "texture" : "#VSS"
      },
      "south" : {
        "uv" : [ 5.25, 5.375, 5.375, 6.375 ],
        "texture" : "#VSS"
      },
      "west" : {
        "uv" : [ 3.75, 10.25, 4.375, 11.25 ],
        "texture" : "#VSS"
      }
    }
  }, {
    "from" : [ 8.125, 7.75, 9.625 ],
    "to" : [ 8.25, 8, 9.75 ],
    "faces" : {
      "north" : {
        "uv" : [ 7, 1, 6.875, 1.25 ],
        "texture" : "#VSS"
      },
      "east" : {
        "uv" : [ 7, 0.25, 6.875, 0.5 ],
        "texture" : "#VSS"
      },
      "south" : {
        "uv" : [ 6.875, 0.75, 7, 1 ],
        "texture" : "#VSS"
      },
      "west" : {
        "uv" : [ 6.875, 0.5, 7, 0.75 ],
        "texture" : "#VSS"
      },
      "down" : {
        "uv" : [ 7, 3.25, 7.125, 3.375 ],
        "texture" : "#VSS"
      }
    }
  }, {
    "from" : [ 8.125, 7.875, 12.75 ],
    "to" : [ 8.25, 8, 12.875 ],
    "faces" : {
      "north" : {
        "uv" : [ 7.375, 3.25, 7.25, 3.375 ],
        "texture" : "#VSS"
      },
      "east" : {
        "uv" : [ 7.375, 3.125, 7.25, 3.25 ],
        "texture" : "#VSS"
      },
      "west" : {
        "uv" : [ 7.125, 3.125, 7.25, 3.25 ],
        "texture" : "#VSS"
      },
      "down" : {
        "uv" : [ 7.25, 2.5, 7.375, 2.625 ],
        "texture" : "#VSS"
      }
    }
  }, {
    "from" : [ 8.125, 7.875, 13.5 ],
    "to" : [ 8.25, 8, 13.625 ],
    "faces" : {
      "east" : {
        "uv" : [ 7.125, 2.625, 7, 2.75 ],
        "texture" : "#VSS"
      },
      "south" : {
        "uv" : [ 7.25, 2.875, 7.375, 3 ],
        "texture" : "#VSS"
      },
      "west" : {
        "uv" : [ 7.25, 2.75, 7.375, 2.875 ],
        "texture" : "#VSS"
      },
      "down" : {
        "uv" : [ 7.25, 3, 7.375, 3.125 ],
        "texture" : "#VSS"
      }
    }
  }, {
    "from" : [ 8.125, 8.5, 12.125 ],
    "to" : [ 8.25, 8.625, 12.25 ],
    "faces" : {
      "east" : {
        "uv" : [ 7.125, 2, 7, 2.125 ],
        "texture" : "#VSS"
      },
      "south" : {
        "uv" : [ 7.25, 2.25, 7.375, 2.375 ],
        "texture" : "#VSS"
      },
      "west" : {
        "uv" : [ 7, 2.125, 7.125, 2.25 ],
        "texture" : "#VSS"
      },
      "up" : {
        "uv" : [ 7.25, 2.5, 7.375, 2.375 ],
        "texture" : "#VSS"
      }
    }
  }, {
    "from" : [ 8.125, 8.625, 11.875 ],
    "to" : [ 8.25, 8.75, 12 ],
    "faces" : {
      "east" : {
        "uv" : [ 7.375, 6.75, 7.25, 6.875 ],
        "texture" : "#VSS"
      },
      "south" : {
        "uv" : [ 15.875, 9, 16, 9.125 ],
        "texture" : "#VSS"
      },
      "west" : {
        "uv" : [ 15.875, 8.875, 16, 9 ],
        "texture" : "#VSS"
      },
      "up" : {
        "uv" : [ 6.375, 7.875, 6.5, 7.75 ],
        "texture" : "#VSS"
      }
    }
  }, {
    "from" : [ 8.125, 9.125, 5.375 ],
    "to" : [ 8.25, 9.25, 5.5 ],
    "faces" : {
      "north" : {
        "uv" : [ 7.375, 6.375, 7.25, 6.5 ],
        "texture" : "#VSS"
      },
      "east" : {
        "uv" : [ 7.375, 6, 7.25, 6.125 ],
        "texture" : "#VSS"
      },
      "west" : {
        "uv" : [ 7.25, 6.125, 7.375, 6.25 ],
        "texture" : "#VSS"
      },
      "up" : {
        "uv" : [ 7.25, 6.625, 7.375, 6.5 ],
        "texture" : "#VSS"
      }
    }
  }, {
    "from" : [ 8.125, 9.125, 7.375 ],
    "to" : [ 8.25, 9.25, 11.5 ],
    "faces" : {
      "east" : {
        "uv" : [ 10.375, 11.5, 6.25, 11.625 ],
        "texture" : "#VSS"
      },
      "south" : {
        "uv" : [ 7.25, 5.625, 7.375, 5.75 ],
        "texture" : "#VSS"
      },
      "west" : {
        "uv" : [ 6.25, 11.875, 10.375, 12 ],
        "texture" : "#VSS"
      },
      "up" : {
        "uv" : [ 4.375, 11.375, 4.5, 7.25 ],
        "texture" : "#VSS"
      },
      "down" : {
        "uv" : [ 4.375, 3.125, 4.5, 7.25 ],
        "texture" : "#VSS"
      }
    }
  }, {
    "from" : [ 8.125, 9.375, 9.5 ],
    "to" : [ 8.5, 9.5, 9.625 ],
    "faces" : {
      "north" : {
        "uv" : [ 12.625, 8.625, 12.25, 8.75 ],
        "texture" : "#VSS"
      },
      "east" : {
        "uv" : [ 7.375, 4.875, 7.25, 5 ],
        "texture" : "#VSS"
      },
      "south" : {
        "uv" : [ 12.625, 8.625, 13, 8.75 ],
        "texture" : "#VSS"
      },
      "up" : {
        "uv" : [ 11.875, 8.75, 12.25, 8.625 ],
        "texture" : "#VSS"
      },
      "down" : {
        "uv" : [ 11.5, 8.625, 11.875, 8.75 ],
        "texture" : "#VSS"
      }
    }
  }, {
    "from" : [ 8.125, 9.625, 9.375 ],
    "to" : [ 8.5, 9.75, 9.625 ],
    "faces" : {
      "north" : {
        "uv" : [ 13.75, 8.625, 13.375, 8.75 ],
        "texture" : "#VSS"
      },
      "east" : {
        "uv" : [ 7.25, 5.5, 7, 5.625 ],
        "texture" : "#VSS"
      },
      "south" : {
        "uv" : [ 13.75, 8.625, 14.125, 8.75 ],
        "texture" : "#VSS"
      },
      "up" : {
        "uv" : [ 11, 9.5, 11.375, 9.25 ],
        "texture" : "#VSS"
      },
      "down" : {
        "uv" : [ 10.625, 9.25, 11, 9.5 ],
        "texture" : "#VSS"
      }
    }
  }, {
    "from" : [ 8.125, 9.625, 10.5 ],
    "to" : [ 8.5, 9.75, 10.75 ],
    "faces" : {
      "north" : {
        "uv" : [ 14.875, 8.625, 14.5, 8.75 ],
        "texture" : "#VSS"
      },
      "east" : {
        "uv" : [ 7.25, 4.875, 7, 5 ],
        "texture" : "#VSS"
      },
      "south" : {
        "uv" : [ 14.875, 8.625, 15.25, 8.75 ],
        "texture" : "#VSS"
      },
      "west" : {
        "uv" : [ 7, 5, 7.25, 5.125 ],
        "texture" : "#VSS"
      },
      "up" : {
        "uv" : [ 11.75, 9.5, 12.125, 9.25 ],
        "texture" : "#VSS"
      },
      "down" : {
        "uv" : [ 11.375, 9.25, 11.75, 9.5 ],
        "texture" : "#VSS"
      }
    }
  }, {
    "from" : [ 8.25, 7.5, 9.875 ],
    "to" : [ 8.375, 8, 10 ],
    "faces" : {
      "north" : {
        "uv" : [ 6.25, 4.375, 6.125, 4.875 ],
        "texture" : "#VSS"
      },
      "east" : {
        "uv" : [ 16, 10.75, 15.875, 11.25 ],
        "texture" : "#VSS"
      },
      "down" : {
        "uv" : [ 7.125, 3.75, 7.25, 3.875 ],
        "texture" : "#VSS"
      }
    }
  }, {
    "from" : [ 8.25, 9.125, 9.125 ],
    "to" : [ 8.5, 9.25, 9.5 ],
    "faces" : {
      "north" : {
        "uv" : [ 7.25, 4.375, 7, 4.5 ],
        "texture" : "#VSS"
      },
      "east" : {
        "uv" : [ 7.375, 8.375, 7, 8.5 ],
        "texture" : "#VSS"
      },
      "south" : {
        "uv" : [ 7, 4.25, 7.25, 4.375 ],
        "texture" : "#VSS"
      },
      "up" : {
        "uv" : [ 10, 10.875, 10.25, 10.5 ],
        "texture" : "#VSS"
      },
      "down" : {
        "uv" : [ 15.75, 15.25, 16, 15.625 ],
        "texture" : "#VSS"
      }
    }
  }, {
    "from" : [ 8.25, 9.125, 10.625 ],
    "to" : [ 8.5, 9.25, 11 ],
    "faces" : {
      "north" : {
        "uv" : [ 16, 15.625, 15.75, 15.75 ],
        "texture" : "#VSS"
      },
      "east" : {
        "uv" : [ 7.375, 7.875, 7, 8 ],
        "texture" : "#VSS"
      },
      "south" : {
        "uv" : [ 15.75, 15.125, 16, 15.25 ],
        "texture" : "#VSS"
      },
      "up" : {
        "uv" : [ 6.25, 7.375, 6.5, 7 ],
        "texture" : "#VSS"
      },
      "down" : {
        "uv" : [ 6.25, 7.375, 6.5, 7.75 ],
        "texture" : "#VSS"
      }
    }
  }, {
    "from" : [ 8.25, 9.375, 9.375 ],
    "to" : [ 8.5, 9.625, 9.5 ],
    "faces" : {
      "north" : {
        "uv" : [ 2.625, 2.5, 2.375, 2.75 ],
        "texture" : "#VSS"
      },
      "east" : {
        "uv" : [ 5.75, 5.875, 5.625, 6.125 ],
        "texture" : "#VSS"
      },
      "south" : {
        "uv" : [ 7.375, 8.875, 7.625, 9.125 ],
        "texture" : "#VSS"
      },
      "west" : {
        "uv" : [ 5.625, 7.125, 5.75, 7.375 ],
        "texture" : "#VSS"
      },
      "down" : {
        "uv" : [ 10.375, 11.75, 10.625, 11.875 ],
        "texture" : "#VSS"
      }
    }
  }, {
    "from" : [ 8.25, 9.375, 10.625 ],
    "to" : [ 8.5, 9.625, 10.75 ],
    "faces" : {
      "north" : {
        "uv" : [ 7.375, 8.875, 7.125, 9.125 ],
        "texture" : "#VSS"
      },
      "east" : {
        "uv" : [ 6.875, 0, 6.75, 0.25 ],
        "texture" : "#VSS"
      },
      "south" : {
        "uv" : [ 6.25, 0.125, 6.5, 0.375 ],
        "texture" : "#VSS"
      },
      "west" : {
        "uv" : [ 15.875, 9.25, 16, 9.5 ],
        "texture" : "#VSS"
      },
      "down" : {
        "uv" : [ 10, 11, 10.25, 11.125 ],
        "texture" : "#VSS"
      }
    }
  }, {
    "from" : [ 8.25, 9.5, 9.5 ],
    "to" : [ 8.5, 9.625, 9.625 ],
    "faces" : {
      "east" : {
        "uv" : [ 7.125, 2.75, 7, 2.875 ],
        "texture" : "#VSS"
      },
      "south" : {
        "uv" : [ 7, 6.375, 7.25, 6.5 ],
        "texture" : "#VSS"
      },
      "west" : {
        "uv" : [ 7.125, 3, 7.25, 3.125 ],
        "texture" : "#VSS"
      }
    }
  }, {
    "from" : [ 8.25, 9.5, 10.5 ],
    "to" : [ 8.5, 9.625, 10.625 ],
    "faces" : {
      "north" : {
        "uv" : [ 7.25, 5.625, 7, 5.75 ],
        "texture" : "#VSS"
      },
      "east" : {
        "uv" : [ 7.25, 2.5, 7.125, 2.625 ],
        "texture" : "#VSS"
      },
      "west" : {
        "uv" : [ 7.125, 2.75, 7.25, 2.875 ],
        "texture" : "#VSS"
      }
    }
  }, {
    "from" : [ 8.375, 8.625, 9.125 ],
    "to" : [ 8.625, 8.75, 9.5 ],
    "faces" : {
      "north" : {
        "uv" : [ 7.25, 5.25, 7, 5.375 ],
        "texture" : "#VSS"
      },
      "east" : {
        "uv" : [ 7.375, 7.375, 7, 7.5 ],
        "texture" : "#VSS"
      },
      "south" : {
        "uv" : [ 7, 5.125, 7.25, 5.25 ],
        "texture" : "#VSS"
      },
      "up" : {
        "uv" : [ 6.25, 6.625, 6.5, 6.25 ],
        "texture" : "#VSS"
      },
      "down" : {
        "uv" : [ 6.25, 6.625, 6.5, 7 ],
        "texture" : "#VSS"
      }
    }
  }, {
    "from" : [ 8.375, 8.625, 10.625 ],
    "to" : [ 8.625, 8.75, 11 ],
    "faces" : {
      "north" : {
        "uv" : [ 7.375, 4.625, 7.125, 4.75 ],
        "texture" : "#VSS"
      },
      "east" : {
        "uv" : [ 7.375, 7, 7, 7.125 ],
        "texture" : "#VSS"
      },
      "south" : {
        "uv" : [ 7.125, 4.5, 7.375, 4.625 ],
        "texture" : "#VSS"
      },
      "up" : {
        "uv" : [ 6.25, 5.875, 6.5, 5.5 ],
        "texture" : "#VSS"
      },
      "down" : {
        "uv" : [ 6.25, 5.875, 6.5, 6.25 ],
        "texture" : "#VSS"
      }
    }
  }, {
    "from" : [ 8.375, 8.75, 9.125 ],
    "to" : [ 8.5, 9.125, 9.5 ],
    "faces" : {
      "north" : {
        "uv" : [ 7, 5.5, 6.875, 5.875 ],
        "texture" : "#VSS"
      },
      "east" : {
        "uv" : [ 16, 9.5, 15.625, 9.875 ],
        "texture" : "#VSS"
      },
      "south" : {
        "uv" : [ 6.875, 5.125, 7, 5.5 ],
        "texture" : "#VSS"
      }
    }
  }, {
    "from" : [ 8.375, 8.75, 10.625 ],
    "to" : [ 8.5, 9.125, 11 ],
    "faces" : {
      "north" : {
        "uv" : [ 7, 4, 6.875, 4.375 ],
        "texture" : "#VSS"
      },
      "east" : {
        "uv" : [ 6.875, 7.75, 6.5, 8.125 ],
        "texture" : "#VSS"
      },
      "south" : {
        "uv" : [ 6.875, 3.625, 7, 4 ],
        "texture" : "#VSS"
      }
    }
  }, {
    "from" : [ 8.5, 8.125, 9.125 ],
    "to" : [ 8.625, 8.625, 9.5 ],
    "faces" : {
      "north" : {
        "uv" : [ 6.25, 1, 6.125, 1.5 ],
        "texture" : "#VSS"
      },
      "east" : {
        "uv" : [ 6.125, 4.875, 5.75, 5.375 ],
        "texture" : "#VSS"
      },
      "south" : {
        "uv" : [ 6.125, 3, 6.25, 3.5 ],
        "texture" : "#VSS"
      },
      "down" : {
        "uv" : [ 6.875, 3.25, 7, 3.625 ],
        "texture" : "#VSS"
      }
    }
  }, {
    "from" : [ 8.5, 8.125, 9.5 ],
    "to" : [ 8.625, 8.5, 11 ],
    "faces" : {
      "east" : {
        "uv" : [ 7.5, 12.5, 6, 12.875 ],
        "texture" : "#VSS"
      },
      "south" : {
        "uv" : [ 6.875, 2.125, 7, 2.5 ],
        "texture" : "#VSS"
      },
      "west" : {
        "uv" : [ 13.25, 15.25, 14.75, 15.625 ],
        "texture" : "#VSS"
      },
      "up" : {
        "uv" : [ 5.875, 3, 6, 1.5 ],
        "texture" : "#VSS"
      },
      "down" : {
        "uv" : [ 5.75, 1.5, 5.875, 3 ],
        "texture" : "#VSS"
      }
    }
  }, {
    "from" : [ 8.5, 8.5, 10.625 ],
    "to" : [ 8.625, 8.625, 11 ],
    "faces" : {
      "north" : {
        "uv" : [ 7.25, 2.125, 7.125, 2.25 ],
        "texture" : "#VSS"
      },
      "east" : {
        "uv" : [ 7.375, 7.75, 7, 7.875 ],
        "texture" : "#VSS"
      },
      "south" : {
        "uv" : [ 7.25, 2.125, 7.375, 2.25 ],
        "texture" : "#VSS"
      },
      "west" : {
        "uv" : [ 10, 11.375, 10.375, 11.5 ],
        "texture" : "#VSS"
      }
    }
  } ],
  "display" : {
    "thirdperson_righthand" : {
      "translation" : [ 0, 0.3, -1.5 ],
      "scale" : [ 1.25, 1.25, 1.25 ]
    },
    "thirdperson_lefthand" : {
      "translation" : [ 0, 0.3, -1.5 ],
      "scale" : [ 1.25, 1.25, 1.25 ]
    },
    "firstperson_righthand" : {
      "translation" : [ -3.7, 4.4, 0.9 ],
      "scale" : [ 1.3, 1.3, 1.3 ],
      "rotation" : [ -4, -5, 0 ]
    },
    "firstperson_lefthand" : {
      "translation" : [ -3.7, 4.4, 0.9 ],
      "scale" : [ 1.3, 1.3, 1.3 ],
      "rotation" : [ -4, -5, 0 ]
    },
    "ground" : {
      "scale" : [ 1.25, 1.25, 1.25 ]
    },
    "gui" : {
      "scale" : [ 0, 1.25, 1.25 ],
      "rotation" : [ 90, 45, -90 ]
    },
    "head" : {
      "translation" : [ 0, 6.7, 0 ],
      "scale" : [ 1.25, 1.25, 1.25 ],
      "rotation" : [ 0, 0, 90 ]
    },
    "fixed" : {
      "scale" : [ 1.25, 1.25, 1.25 ],
      "rotation" : [ 0, 90, 0 ]
    }
  }
}
