{
	"format_version": "1.21.6",
	"credit": "Designed by Nightshade73 with Cubik Studio - https://cubik.studio",
	"textures": {
		"0": "item/thorn",
		"particle": "item/thorn"
	},
	"elements": [
		{
			"from": [8, 6.8, 8.2],
			"to": [8.2, 8.3, 8.4],
			"rotation": {"angle": 0, "axis": "y", "origin": [0.5, -3.9, -2.3]},
			"faces": {
				"north": {"uv": [5.75, 1.875, 5.875, 2.375], "texture": "#0"},
				"east": {"uv": [5.75, 1.875, 5.875, 5], "texture": "#0"},
				"south": {"uv": [5.75, 1.875, 5.875, 2.375], "texture": "#0"},
				"west": {"uv": [5.75, 1.875, 5.875, 2.375], "texture": "#0"},
				"up": {"uv": [5.75, 1.875, 5.875, 2.375], "texture": "#0"},
				"down": {"uv": [5.75, 1.875, 5.875, 2.375], "texture": "#0"}
			}
		},
		{
			"from": [8, 7.6, 8],
			"to": [8.2, 8.6, 8.2],
			"rotation": {"angle": 0, "axis": "y", "origin": [0.5, -3.6, -2.5]},
			"faces": {
				"north": {"uv": [5.75, 1.875, 5.875, 2.375], "texture": "#0"},
				"east": {"uv": [5.75, 1.875, 5.875, 5], "texture": "#0"},
				"south": {"uv": [5.75, 1.875, 5.875, 2.375], "texture": "#0"},
				"west": {"uv": [5.75, 1.875, 5.875, 2.375], "texture": "#0"},
				"up": {"uv": [5.75, 1.875, 5.875, 2.375], "texture": "#0"},
				"down": {"uv": [5.75, 1.875, 5.875, 2.375], "texture": "#0"}
			}
		},
		{
			"from": [8, 7.9, 7.8],
			"to": [8.2, 8.9, 8],
			"rotation": {"angle": 0, "axis": "y", "origin": [0.5, -3.3, -2.7]},
			"faces": {
				"north": {"uv": [5.75, 1.875, 5.875, 2.375], "texture": "#0"},
				"east": {"uv": [5.75, 1.875, 5.875, 5], "texture": "#0"},
				"south": {"uv": [5.75, 1.875, 5.875, 2.375], "texture": "#0"},
				"west": {"uv": [5.75, 1.875, 5.875, 2.375], "texture": "#0"},
				"up": {"uv": [5.75, 1.875, 5.875, 2.375], "texture": "#0"},
				"down": {"uv": [5.75, 1.875, 5.875, 2.375], "texture": "#0"}
			}
		},
		{
			"from": [8, 8.4, 7.6],
			"to": [8.2, 9.4, 7.8],
			"rotation": {"angle": 0, "axis": "y", "origin": [0.5, -2.8, -2.9]},
			"faces": {
				"north": {"uv": [5.75, 1.875, 5.875, 2.375], "texture": "#0"},
				"east": {"uv": [5.75, 1.875, 5.875, 5], "texture": "#0"},
				"south": {"uv": [5.75, 1.875, 5.875, 2.375], "texture": "#0"},
				"west": {"uv": [5.75, 1.875, 5.875, 2.375], "texture": "#0"},
				"up": {"uv": [5.75, 1.875, 5.875, 2.375], "texture": "#0"},
				"down": {"uv": [5.75, 1.875, 5.875, 2.375], "texture": "#0"}
			}
		},
		{
			"from": [8, 9.2, 7.8],
			"to": [8.2, 9.6, 8],
			"rotation": {"angle": 0, "axis": "y", "origin": [0.5, -2.6, -2.7]},
			"faces": {
				"north": {"uv": [5.75, 1.875, 5.875, 5], "texture": "#0"},
				"east": {"uv": [5.75, 1.875, 5.875, 2.375], "texture": "#0"},
				"south": {"uv": [5.75, 1.875, 5.875, 2.375], "texture": "#0"},
				"west": {"uv": [5.75, 1.875, 5.875, 2.375], "texture": "#0"},
				"up": {"uv": [5.75, 1.875, 5.875, 2.375], "texture": "#0"},
				"down": {"uv": [5.75, 1.875, 5.875, 2.375], "texture": "#0"}
			}
		},
		{
			"from": [8, 9.5, 8],
			"to": [8.2, 10.1, 8.2],
			"rotation": {"angle": 0, "axis": "y", "origin": [0.5, -2.3, -2.5]},
			"faces": {
				"north": {"uv": [5.75, 1.875, 5.875, 2.375], "texture": "#0"},
				"east": {"uv": [5.75, 1.875, 5.875, 5], "texture": "#0"},
				"south": {"uv": [5.75, 1.875, 5.875, 2.375], "texture": "#0"},
				"west": {"uv": [5.75, 1.875, 5.875, 2.375], "texture": "#0"},
				"up": {"uv": [5.75, 1.875, 5.875, 2.375], "texture": "#0"},
				"down": {"uv": [5.75, 1.875, 5.875, 2.375], "texture": "#0"}
			}
		},
		{
			"from": [8.3, 5.8, 9.7],
			"to": [8.8, 8, 9.95],
			"rotation": {"angle": 0, "axis": "y", "origin": [0.8, -5, -0.8]},
			"faces": {
				"north": {"uv": [5.75, 1.875, 5.875, 2.375], "texture": "#0"},
				"east": {"uv": [5.75, 1.875, 5.875, 2.375], "texture": "#0"},
				"south": {"uv": [5.75, 1.875, 6.875, 5], "texture": "#0"},
				"west": {"uv": [5.75, 1.875, 6.125, 8], "texture": "#0"},
				"up": {"uv": [5.75, 1.875, 5.875, 2.375], "texture": "#0"},
				"down": {"uv": [5.75, 1.875, 5.875, 2.375], "texture": "#0"}
			}
		},
		{
			"from": [8.3, 6.2, 9.5],
			"to": [8.7, 8.6, 9.7],
			"rotation": {"angle": 0, "axis": "y", "origin": [0.8, -4.4, -1]},
			"faces": {
				"north": {"uv": [5.75, 1.875, 5.875, 2.375], "texture": "#0"},
				"east": {"uv": [5.75, 1.875, 5.875, 2.375], "texture": "#0"},
				"south": {"uv": [5.75, 1.875, 7.875, 4], "texture": "#0"},
				"west": {"uv": [5.75, 1.875, 6.125, 8], "texture": "#0"},
				"up": {"uv": [5.75, 1.875, 5.875, 2.375], "texture": "#0"},
				"down": {"uv": [5.75, 1.875, 5.875, 2.375], "texture": "#0"}
			}
		},
		{
			"from": [8.3, 6.3, 9.3],
			"to": [8.6, 9.8, 9.5],
			"rotation": {"angle": 0, "axis": "y", "origin": [0.8, -3.2, -1.2]},
			"faces": {
				"north": {"uv": [5.75, 1.875, 5.875, 2.375], "texture": "#0"},
				"east": {"uv": [5.75, 1.875, 5.875, 2.375], "texture": "#0"},
				"south": {"uv": [5.75, 1.875, 7.875, 4], "texture": "#0"},
				"west": {"uv": [5.75, 1.875, 6.125, 8], "texture": "#0"},
				"up": {"uv": [5.75, 1.875, 5.875, 2.375], "texture": "#0"},
				"down": {"uv": [5.75, 1.875, 5.875, 2.375], "texture": "#0"}
			}
		},
		{
			"from": [8.3, 7.4, 9.1],
			"to": [8.5, 10.3, 9.3],
			"rotation": {"angle": 0, "axis": "y", "origin": [0.8, -2.1, -1.4]},
			"faces": {
				"north": {"uv": [5.75, 1.875, 5.875, 2.375], "texture": "#0"},
				"east": {"uv": [5.75, 1.875, 5.875, 2.375], "texture": "#0"},
				"south": {"uv": [5.75, 1.875, 7.875, 4], "texture": "#0"},
				"west": {"uv": [5.75, 1.875, 6.125, 8], "texture": "#0"},
				"up": {"uv": [5.75, 1.875, 5.875, 2.375], "texture": "#0"},
				"down": {"uv": [5.75, 1.875, 5.875, 2.375], "texture": "#0"}
			}
		},
		{
			"from": [8.3, 9, 8.9],
			"to": [8.5, 10.9, 9.1],
			"rotation": {"angle": 0, "axis": "y", "origin": [0.8, -2.1, -1.6]},
			"faces": {
				"north": {"uv": [5.75, 1.875, 5.875, 2.375], "texture": "#0"},
				"east": {"uv": [5.75, 1.875, 5.875, 2.375], "texture": "#0"},
				"south": {"uv": [5.75, 1.875, 7.875, 4], "texture": "#0"},
				"west": {"uv": [5.75, 1.875, 6.125, 8], "texture": "#0"},
				"up": {"uv": [5.75, 1.875, 5.875, 2.375], "texture": "#0"},
				"down": {"uv": [5.75, 1.875, 5.875, 2.375], "texture": "#0"}
			}
		},
		{
			"from": [8.8, 10.2, 8.3],
			"to": [10.05, 10.95, 8.55],
			"rotation": {"angle": 0, "axis": "y", "origin": [1.3, -0.8, -5.7]},
			"faces": {
				"north": {"uv": [0, 0, 1.375, 1.5], "texture": "#0"},
				"east": {"uv": [0, 0, 1.375, 1.5], "texture": "#0"},
				"south": {"uv": [0, 0, 1.375, 1.5], "texture": "#0"},
				"west": {"uv": [0, 0, 1.375, 1.5], "texture": "#0"},
				"up": {"uv": [0, 0, 1.375, 1.5], "texture": "#0"},
				"down": {"uv": [0, 0, 1.375, 1.5], "texture": "#0"}
			}
		},
		{
			"from": [9.05, 5.4, 7.55],
			"to": [9.4, 6.65, 7.8],
			"rotation": {"angle": 0, "axis": "y", "origin": [1.3, -4.1, -6.7]},
			"faces": {
				"north": {"uv": [4, 3.75, 5.25, 2.625], "texture": "#0"},
				"east": {"uv": [4, 3.75, 5.25, 2.625], "texture": "#0"},
				"south": {"uv": [4, 3.75, 5.25, 2.625], "texture": "#0"},
				"west": {"uv": [4, 3.75, 5.25, 2.625], "texture": "#0"},
				"up": {"uv": [4, 3.75, 5.25, 2.625], "texture": "#0"},
				"down": {"uv": [4, 3.75, 5.25, 2.625], "texture": "#0"}
			}
		},
		{
			"from": [9.05, 5.65, 7.8],
			"to": [9.2, 6.25, 8.05],
			"rotation": {"angle": 0, "axis": "y", "origin": [1.3, -4.1, -6.7]},
			"faces": {
				"north": {"uv": [4, 3.75, 5.25, 2.625], "texture": "#0"},
				"east": {"uv": [4, 3.75, 5.25, 2.625], "texture": "#0"},
				"south": {"uv": [4, 3.75, 5.25, 2.625], "texture": "#0"},
				"west": {"uv": [4, 3.75, 5.25, 2.625], "texture": "#0"},
				"up": {"uv": [4, 3.75, 5.25, 2.625], "texture": "#0"},
				"down": {"uv": [4, 3.75, 5.25, 2.625], "texture": "#0"}
			}
		},
		{
			"from": [9.05, 5.65, 8.05],
			"to": [9.3, 5.9, 8.8],
			"rotation": {"angle": 0, "axis": "y", "origin": [1.3, -4.1, -6.7]},
			"faces": {
				"north": {"uv": [4, 3.75, 5.25, 2.625], "texture": "#0"},
				"east": {"uv": [4, 3.75, 5.25, 2.625], "texture": "#0"},
				"south": {"uv": [4, 3.75, 5.25, 2.625], "texture": "#0"},
				"west": {"uv": [4, 3.75, 5.25, 2.625], "texture": "#0"},
				"up": {"uv": [4, 3.75, 5.25, 2.625], "texture": "#0"},
				"down": {"uv": [4, 3.75, 5.25, 2.625], "texture": "#0"}
			}
		},
		{
			"from": [9.05, 5.85, 8.05],
			"to": [9.3, 6, 8.5],
			"rotation": {"angle": 0, "axis": "y", "origin": [1.3, -3.9, -7.2]},
			"faces": {
				"north": {"uv": [4, 3.75, 5.25, 2.625], "texture": "#0"},
				"east": {"uv": [4, 3.75, 5.25, 2.625], "texture": "#0"},
				"south": {"uv": [4, 3.75, 5.25, 2.625], "texture": "#0"},
				"west": {"uv": [4, 3.75, 5.25, 2.625], "texture": "#0"},
				"up": {"uv": [4, 3.75, 5.25, 2.625], "texture": "#0"},
				"down": {"uv": [4, 3.75, 5.25, 2.625], "texture": "#0"}
			}
		},
		{
			"from": [9.05, 5.55, 8.65],
			"to": [9.3, 5.7, 8.8],
			"rotation": {"angle": 0, "axis": "y", "origin": [1.3, -4.2, -6.9]},
			"faces": {
				"north": {"uv": [4, 3.75, 5.25, 2.625], "texture": "#0"},
				"east": {"uv": [4, 3.75, 5.25, 2.625], "texture": "#0"},
				"south": {"uv": [4, 3.75, 5.25, 2.625], "texture": "#0"},
				"west": {"uv": [4, 3.75, 5.25, 2.625], "texture": "#0"},
				"up": {"uv": [4, 3.75, 5.25, 2.625], "texture": "#0"},
				"down": {"uv": [4, 3.75, 5.25, 2.625], "texture": "#0"}
			}
		},
		{
			"from": [8.95, 5.65, 8.8],
			"to": [9.1, 6.15, 9.1],
			"rotation": {"angle": 0, "axis": "y", "origin": [1.2, -4.1, -6.7]},
			"faces": {
				"north": {"uv": [4, 3.75, 5.25, 2.625], "texture": "#0"},
				"east": {"uv": [4, 3.75, 5.25, 2.625], "texture": "#0"},
				"south": {"uv": [4, 3.75, 5.25, 2.625], "texture": "#0"},
				"west": {"uv": [4, 3.75, 5.25, 2.625], "texture": "#0"},
				"up": {"uv": [4, 3.75, 5.25, 2.625], "texture": "#0"},
				"down": {"uv": [4, 3.75, 5.25, 2.625], "texture": "#0"}
			}
		},
		{
			"from": [8.85, 6.05, 8.9],
			"to": [9, 6.55, 9.1],
			"rotation": {"angle": 0, "axis": "y", "origin": [1.1, -3.7, -6.9]},
			"faces": {
				"north": {"uv": [4, 3.75, 5.25, 2.625], "texture": "#0"},
				"east": {"uv": [4, 3.75, 5.25, 2.625], "texture": "#0"},
				"south": {"uv": [4, 3.75, 5.25, 2.625], "texture": "#0"},
				"west": {"uv": [4, 3.75, 5.25, 2.625], "texture": "#0"},
				"up": {"uv": [4, 3.75, 5.25, 2.625], "texture": "#0"},
				"down": {"uv": [4, 3.75, 5.25, 2.625], "texture": "#0"}
			}
		},
		{
			"from": [9.05, 10.95, 8.3],
			"to": [9.8, 11.45, 8.55],
			"rotation": {"angle": 0, "axis": "y", "origin": [1.3, -0.8, -5.7]},
			"faces": {
				"north": {"uv": [0, 0, 1.375, 1.5], "texture": "#0"},
				"east": {"uv": [0, 0, 1.375, 1.5], "texture": "#0"},
				"south": {"uv": [0, 0, 1.375, 1.5], "texture": "#0"},
				"west": {"uv": [0, 0, 1.375, 1.5], "texture": "#0"},
				"up": {"uv": [0, 0, 1.375, 1.5], "texture": "#0"},
				"down": {"uv": [0, 0, 1.375, 1.5], "texture": "#0"}
			}
		},
		{
			"from": [9.05, 11.2, 8.55],
			"to": [9.8, 11.7, 8.8],
			"rotation": {"angle": 0, "axis": "y", "origin": [1.3, -0.8, -5.7]},
			"faces": {
				"north": {"uv": [0, 0, 1.375, 1.5], "texture": "#0"},
				"east": {"uv": [0, 0, 1.375, 1.5], "texture": "#0"},
				"south": {"uv": [0, 0, 1.375, 1.5], "texture": "#0"},
				"west": {"uv": [0, 0, 1.375, 1.5], "texture": "#0"},
				"up": {"uv": [0, 0, 1.375, 1.5], "texture": "#0"},
				"down": {"uv": [0, 0, 1.375, 1.5], "texture": "#0"}
			}
		},
		{
			"from": [9.45, 11.45, 8.8],
			"to": [9.95, 11.95, 9.05],
			"rotation": {"angle": 0, "axis": "y", "origin": [1.7, -0.8, -5.7]},
			"faces": {
				"north": {"uv": [0, 0, 0.375, 0.75], "texture": "#0"},
				"east": {"uv": [0, 0, 0.375, 0.75], "texture": "#0"},
				"south": {"uv": [0, 0, 0.25, 1.25], "texture": "#0"},
				"west": {"uv": [0, 0, 0.375, 0.75], "texture": "#0"},
				"up": {"uv": [0, 0, 0.375, 0.75], "texture": "#0"},
				"down": {"uv": [0, 0, 0.375, 0.75], "texture": "#0"}
			}
		},
		{
			"from": [9.75, 11.95, 8.8],
			"to": [10.05, 12.25, 9.1],
			"rotation": {"angle": 0, "axis": "y", "origin": [2, -0.3, -5.7]},
			"faces": {
				"north": {"uv": [0, 0, 0.375, 0.75], "texture": "#0"},
				"east": {"uv": [0, 0, 0.375, 0.75], "texture": "#0"},
				"south": {"uv": [0, 0, 0.25, 1.25], "texture": "#0"},
				"west": {"uv": [0, 0, 0.375, 0.75], "texture": "#0"},
				"up": {"uv": [0, 0, 0.375, 0.75], "texture": "#0"},
				"down": {"uv": [0, 0, 0.375, 0.75], "texture": "#0"}
			}
		},
		{
			"from": [9.85, 12.25, 8.8],
			"to": [10.05, 12.65, 9],
			"rotation": {"angle": 0, "axis": "y", "origin": [2.1, 0, -5.7]},
			"faces": {
				"north": {"uv": [0, 0, 0.375, 0.75], "texture": "#0"},
				"east": {"uv": [0, 0, 0.375, 0.75], "texture": "#0"},
				"south": {"uv": [0, 0, 0.25, 1.25], "texture": "#0"},
				"west": {"uv": [0, 0, 0.375, 0.75], "texture": "#0"},
				"up": {"uv": [0, 0, 0.375, 0.75], "texture": "#0"},
				"down": {"uv": [0, 0, 0.375, 0.75], "texture": "#0"}
			}
		}
	],
	"display": {
		"thirdperson_righthand": {
			"translation": [0, 1.3, 0],
			"scale": [0.5, 0.5, 0.5]
		},
		"thirdperson_lefthand": {
			"translation": [0, 0.8, 0],
			"scale": [0.5, 0.5, 0.5]
		},
		"firstperson_righthand": {
			"rotation": [-7, 47, -1],
			"translation": [2.75, 1.517, -1.08],
			"scale": [0.75, 0.75, 0.75]
		},
		"firstperson_lefthand": {
			"rotation": [-5, -120, -1],
			"translation": [3.75, 1.767, -1.08],
			"scale": [0.75, 0.75, 0.75]
		},
		"ground": {
			"scale": [0.7, 0.7, 0.7]
		},
		"gui": {
			"rotation": [93, 65, -90],
			"translation": [-1.39, -0.69, 0],
			"scale": [0, 2, 2]
		},
		"head": {
			"rotation": [-23, 108, 17],
			"translation": [0.5, 11.2, 0],
			"scale": [1.53, 1.48, 0.99]
		},
		"fixed": {
			"rotation": [0, 85, 0],
			"translation": [-1.75, 0, 0.5],
			"scale": [2, 2, 2]
		},
		"on_shelf": {
			"scale": [2, 2, 2]
		}
	}
}