{
  "textures" : {
    "FAMAS" : "guns/famas"
  },
  "credit" : "Designed by Nightshade73 with Cubik Studio - https://cubik.studio",
  "elements" : [ {
    "from" : [ 7.625, 7.25, 12.125 ],
    "to" : [ 8.5, 9.5, 12.625 ],
    "faces" : {
      "north" : {
        "uv" : [ 3, 1.25, 2.125, 3.5 ],
        "texture" : "#FAMAS"
      },
      "east" : {
        "uv" : [ 5.75, 1, 5.25, 3.25 ],
        "texture" : "#FAMAS"
      },
      "south" : {
        "uv" : [ 3, 10.375, 3.875, 12.625 ],
        "texture" : "#FAMAS"
      },
      "west" : {
        "uv" : [ 5.25, 3.25, 5.75, 5.5 ],
        "texture" : "#FAMAS"
      },
      "up" : {
        "uv" : [ 0, 0.5, 0.875, 0 ],
        "texture" : "#FAMAS"
      },
      "down" : {
        "uv" : [ 11.125, 12.625, 12, 13.125 ],
        "texture" : "#FAMAS"
      }
    }
  }, {
    "from" : [ 7.625, 7.375, 11.375 ],
    "to" : [ 8.5, 9.5, 12.125 ],
    "faces" : {
      "north" : {
        "uv" : [ 3.875, 8.25, 3, 10.375 ],
        "texture" : "#FAMAS"
      },
      "east" : {
        "uv" : [ 4.625, 10.5, 3.875, 12.625 ],
        "texture" : "#FAMAS"
      },
      "west" : {
        "uv" : [ 3, 1.375, 3.75, 3.5 ],
        "texture" : "#FAMAS"
      },
      "up" : {
        "uv" : [ 8.75, 12.375, 9.625, 11.625 ],
        "texture" : "#FAMAS"
      },
      "down" : {
        "uv" : [ 2.125, 0.5, 3, 1.25 ],
        "texture" : "#FAMAS"
      }
    }
  }, {
    "from" : [ 7.625, 7.5, 11.125 ],
    "to" : [ 8.5, 9.5, 11.375 ],
    "faces" : {
      "north" : {
        "uv" : [ 6.75, 12.625, 5.875, 14.625 ],
        "texture" : "#FAMAS"
      },
      "east" : {
        "uv" : [ 6.875, 3.5, 6.625, 5.5 ],
        "texture" : "#FAMAS"
      },
      "west" : {
        "uv" : [ 6.625, 5.5, 6.875, 7.5 ],
        "texture" : "#FAMAS"
      },
      "up" : {
        "uv" : [ 6.75, 12.875, 7.625, 12.625 ],
        "texture" : "#FAMAS"
      },
      "down" : {
        "uv" : [ 7.625, 12.625, 8.5, 12.875 ],
        "texture" : "#FAMAS"
      }
    }
  }, {
    "from" : [ 7.625, 7.75, 10.875 ],
    "to" : [ 8.5, 9.5, 11.125 ],
    "faces" : {
      "north" : {
        "uv" : [ 8.5, 12.875, 7.625, 14.625 ],
        "texture" : "#FAMAS"
      },
      "east" : {
        "uv" : [ 6.875, 1.75, 6.625, 3.5 ],
        "texture" : "#FAMAS"
      },
      "west" : {
        "uv" : [ 6.625, 0, 6.875, 1.75 ],
        "texture" : "#FAMAS"
      },
      "up" : {
        "uv" : [ 13.875, 8.5, 14.75, 8.25 ],
        "texture" : "#FAMAS"
      },
      "down" : {
        "uv" : [ 14.75, 8.25, 15.625, 8.5 ],
        "texture" : "#FAMAS"
      }
    }
  }, {
    "from" : [ 7.625, 7.875, 12.625 ],
    "to" : [ 8.5, 9.5, 13.25 ],
    "faces" : {
      "east" : {
        "uv" : [ 15.125, 13, 14.5, 14.625 ],
        "texture" : "#FAMAS"
      },
      "south" : {
        "uv" : [ 9.375, 13, 10.25, 14.625 ],
        "texture" : "#FAMAS"
      },
      "west" : {
        "uv" : [ 13.875, 13, 14.5, 14.625 ],
        "texture" : "#FAMAS"
      },
      "up" : {
        "uv" : [ 14.375, 16, 15.25, 15.375 ],
        "texture" : "#FAMAS"
      },
      "down" : {
        "uv" : [ 9.625, 11.75, 10.5, 12.375 ],
        "texture" : "#FAMAS"
      }
    }
  }, {
    "from" : [ 7.625, 8, 10.75 ],
    "to" : [ 8.5, 9.5, 10.875 ],
    "faces" : {
      "north" : {
        "uv" : [ 11.125, 13.125, 10.25, 14.625 ],
        "texture" : "#FAMAS"
      },
      "east" : {
        "uv" : [ 7.25, 1.125, 7.125, 2.625 ],
        "texture" : "#FAMAS"
      },
      "west" : {
        "uv" : [ 7.125, 2.625, 7.25, 4.125 ],
        "texture" : "#FAMAS"
      },
      "up" : {
        "uv" : [ 9.625, 11.75, 10.5, 11.625 ],
        "texture" : "#FAMAS"
      },
      "down" : {
        "uv" : [ 14.125, 10.25, 15, 10.375 ],
        "texture" : "#FAMAS"
      }
    }
  }, {
    "from" : [ 7.625, 8.75, 2.875 ],
    "to" : [ 8.5, 9.25, 3 ],
    "faces" : {
      "north" : {
        "uv" : [ 11.125, 12.625, 10.25, 13.125 ],
        "texture" : "#FAMAS"
      },
      "east" : {
        "uv" : [ 11, 8.625, 10.875, 9.125 ],
        "texture" : "#FAMAS"
      },
      "south" : {
        "uv" : [ 2.125, 0, 3, 0.5 ],
        "texture" : "#FAMAS"
      },
      "west" : {
        "uv" : [ 4.5, 0, 4.625, 0.5 ],
        "texture" : "#FAMAS"
      },
      "up" : {
        "uv" : [ 13.25, 10.375, 14.125, 10.25 ],
        "texture" : "#FAMAS"
      },
      "down" : {
        "uv" : [ 12.375, 10.25, 13.25, 10.375 ],
        "texture" : "#FAMAS"
      }
    }
  }, {
    "from" : [ 7.625, 8.875, 3 ],
    "to" : [ 8.5, 9.25, 10.75 ],
    "faces" : {
      "east" : {
        "uv" : [ 9.25, 14.625, 1.5, 15 ],
        "texture" : "#FAMAS"
      },
      "west" : {
        "uv" : [ 1.5, 15, 9.25, 15.375 ],
        "texture" : "#FAMAS"
      },
      "up" : {
        "uv" : [ 0, 16, 0.875, 8.25 ],
        "texture" : "#FAMAS"
      },
      "down" : {
        "uv" : [ 0, 0.5, 0.875, 8.25 ],
        "texture" : "#FAMAS"
      }
    }
  }, {
    "from" : [ 7.75, 5, 11.125 ],
    "to" : [ 8.375, 7.5, 11.375 ],
    "faces" : {
      "north" : {
        "uv" : [ 4.5, 8, 3.875, 10.5 ],
        "texture" : "#FAMAS"
      },
      "east" : {
        "uv" : [ 6.875, 7.5, 6.625, 10 ],
        "texture" : "#FAMAS"
      },
      "south" : {
        "uv" : [ 3.875, 5.5, 4.5, 8 ],
        "texture" : "#FAMAS"
      },
      "west" : {
        "uv" : [ 3.625, 3.625, 3.875, 6.125 ],
        "texture" : "#FAMAS"
      },
      "down" : {
        "uv" : [ 15, 8.5, 15.625, 8.75 ],
        "texture" : "#FAMAS"
      }
    }
  }, {
    "from" : [ 7.75, 5, 11.375 ],
    "to" : [ 8.375, 7.375, 11.5 ],
    "faces" : {
      "east" : {
        "uv" : [ 4.625, 8.125, 4.5, 10.5 ],
        "texture" : "#FAMAS"
      },
      "south" : {
        "uv" : [ 4.625, 7.875, 5.25, 10.25 ],
        "texture" : "#FAMAS"
      },
      "west" : {
        "uv" : [ 4.5, 5.625, 4.625, 8 ],
        "texture" : "#FAMAS"
      },
      "down" : {
        "uv" : [ 15.375, 10.125, 16, 10.25 ],
        "texture" : "#FAMAS"
      }
    }
  }, {
    "from" : [ 7.75, 5.125, 11.5 ],
    "to" : [ 8.375, 7.375, 11.875 ],
    "faces" : {
      "east" : {
        "uv" : [ 6.125, 0.25, 5.75, 2.5 ],
        "texture" : "#FAMAS"
      },
      "south" : {
        "uv" : [ 4.625, 3.375, 5.25, 5.625 ],
        "texture" : "#FAMAS"
      },
      "west" : {
        "uv" : [ 5.75, 2.5, 6.125, 4.75 ],
        "texture" : "#FAMAS"
      },
      "down" : {
        "uv" : [ 8.25, 8.125, 8.875, 8.5 ],
        "texture" : "#FAMAS"
      }
    }
  }, {
    "from" : [ 7.75, 5.25, 11.875 ],
    "to" : [ 8.375, 7.375, 12.125 ],
    "faces" : {
      "east" : {
        "uv" : [ 14.625, 10.5, 14.375, 12.625 ],
        "texture" : "#FAMAS"
      },
      "south" : {
        "uv" : [ 5.25, 10.5, 5.875, 12.625 ],
        "texture" : "#FAMAS"
      },
      "west" : {
        "uv" : [ 14.125, 10.5, 14.375, 12.625 ],
        "texture" : "#FAMAS"
      },
      "down" : {
        "uv" : [ 9.5, 7.875, 10.125, 8.125 ],
        "texture" : "#FAMAS"
      }
    }
  }, {
    "from" : [ 7.75, 5.25, 12.125 ],
    "to" : [ 8.375, 7.25, 12.5 ],
    "faces" : {
      "east" : {
        "uv" : [ 10.875, 10.625, 10.5, 12.625 ],
        "texture" : "#FAMAS"
      },
      "south" : {
        "uv" : [ 12.625, 12.625, 13.25, 14.625 ],
        "texture" : "#FAMAS"
      },
      "west" : {
        "uv" : [ 10.875, 10.625, 11.25, 12.625 ],
        "texture" : "#FAMAS"
      },
      "down" : {
        "uv" : [ 7.625, 8.125, 8.25, 8.5 ],
        "texture" : "#FAMAS"
      }
    }
  }, {
    "from" : [ 7.75, 7.25, 15.125 ],
    "to" : [ 8.375, 9.875, 16 ],
    "faces" : {
      "north" : {
        "uv" : [ 2.125, 0.25, 1.5, 2.875 ],
        "texture" : "#FAMAS"
      },
      "east" : {
        "uv" : [ 3, 12, 2.125, 14.625 ],
        "texture" : "#FAMAS"
      },
      "south" : {
        "uv" : [ 3, 3.5, 3.625, 6.125 ],
        "texture" : "#FAMAS",
        "cullface" : "south"
      },
      "west" : {
        "uv" : [ 2.125, 9.375, 3, 12 ],
        "texture" : "#FAMAS"
      },
      "up" : {
        "uv" : [ 9.375, 11.625, 10, 10.75 ],
        "texture" : "#FAMAS"
      },
      "down" : {
        "uv" : [ 13.5, 11.75, 14.125, 12.625 ],
        "texture" : "#FAMAS"
      }
    }
  }, {
    "from" : [ 7.75, 7.375, 14.625 ],
    "to" : [ 8.375, 9.875, 15.125 ],
    "faces" : {
      "north" : {
        "uv" : [ 4.5, 0.5, 3.875, 3 ],
        "texture" : "#FAMAS"
      },
      "east" : {
        "uv" : [ 5.75, 5.5, 5.25, 8 ],
        "texture" : "#FAMAS"
      },
      "west" : {
        "uv" : [ 5.25, 8, 5.75, 10.5 ],
        "texture" : "#FAMAS"
      },
      "up" : {
        "uv" : [ 8.375, 9, 9, 8.5 ],
        "texture" : "#FAMAS"
      },
      "down" : {
        "uv" : [ 9, 8.5, 9.625, 9 ],
        "texture" : "#FAMAS"
      }
    }
  }, {
    "from" : [ 7.75, 7.5, 13.625 ],
    "to" : [ 8.375, 9.5, 14.625 ],
    "faces" : {
      "north" : {
        "uv" : [ 1.5, 0, 0.875, 2 ],
        "texture" : "#FAMAS"
      },
      "east" : {
        "uv" : [ 4, 12.625, 3, 14.625 ],
        "texture" : "#FAMAS"
      },
      "west" : {
        "uv" : [ 4, 12.625, 5, 14.625 ],
        "texture" : "#FAMAS"
      },
      "up" : {
        "uv" : [ 8.75, 11.625, 9.375, 10.625 ],
        "texture" : "#FAMAS"
      },
      "down" : {
        "uv" : [ 4.625, 0.25, 5.25, 1.25 ],
        "texture" : "#FAMAS"
      }
    }
  }, {
    "from" : [ 7.75, 7.875, 13.25 ],
    "to" : [ 8.375, 9.5, 13.625 ],
    "faces" : {
      "east" : {
        "uv" : [ 13.125, 11, 12.75, 12.625 ],
        "texture" : "#FAMAS"
      },
      "west" : {
        "uv" : [ 12.375, 11, 12.75, 12.625 ],
        "texture" : "#FAMAS"
      },
      "up" : {
        "uv" : [ 12.625, 8.5, 13.25, 8.125 ],
        "texture" : "#FAMAS"
      },
      "down" : {
        "uv" : [ 13.25, 8.125, 13.875, 8.5 ],
        "texture" : "#FAMAS"
      }
    }
  }, {
    "from" : [ 7.75, 8.25, 3 ],
    "to" : [ 8.375, 8.875, 3.75 ],
    "faces" : {
      "north" : {
        "uv" : [ 13.125, 9.125, 12.5, 9.75 ],
        "texture" : "#FAMAS"
      },
      "east" : {
        "uv" : [ 16, 15.375, 15.25, 16 ],
        "texture" : "#FAMAS"
      },
      "south" : {
        "uv" : [ 12.5, 8.5, 13.125, 9.125 ],
        "texture" : "#FAMAS"
      },
      "west" : {
        "uv" : [ 10.25, 9.125, 11, 9.75 ],
        "texture" : "#FAMAS"
      },
      "down" : {
        "uv" : [ 15, 10.5, 15.625, 11.25 ],
        "texture" : "#FAMAS"
      }
    }
  }, {
    "from" : [ 7.75, 8.25, 4.25 ],
    "to" : [ 8.375, 8.875, 4.5 ],
    "faces" : {
      "north" : {
        "uv" : [ 10.875, 8.5, 10.25, 9.125 ],
        "texture" : "#FAMAS"
      },
      "east" : {
        "uv" : [ 7.5, 0.875, 7.25, 1.5 ],
        "texture" : "#FAMAS"
      },
      "south" : {
        "uv" : [ 13.125, 8.5, 13.75, 9.125 ],
        "texture" : "#FAMAS"
      },
      "west" : {
        "uv" : [ 7.25, 1.5, 7.5, 2.125 ],
        "texture" : "#FAMAS"
      },
      "down" : {
        "uv" : [ 10.75, 7.875, 11.375, 8.125 ],
        "texture" : "#FAMAS"
      }
    }
  }, {
    "from" : [ 7.75, 8.25, 5 ],
    "to" : [ 8.375, 8.875, 5.25 ],
    "faces" : {
      "north" : {
        "uv" : [ 14.375, 9.125, 13.75, 9.75 ],
        "texture" : "#FAMAS"
      },
      "east" : {
        "uv" : [ 7.875, 7.25, 7.625, 7.875 ],
        "texture" : "#FAMAS"
      },
      "south" : {
        "uv" : [ 13.75, 8.5, 14.375, 9.125 ],
        "texture" : "#FAMAS"
      },
      "west" : {
        "uv" : [ 7.25, 0.25, 7.5, 0.875 ],
        "texture" : "#FAMAS"
      },
      "down" : {
        "uv" : [ 13.75, 15.375, 14.375, 15.625 ],
        "texture" : "#FAMAS"
      }
    }
  }, {
    "from" : [ 7.75, 8.25, 5.75 ],
    "to" : [ 8.375, 8.875, 10.75 ],
    "faces" : {
      "north" : {
        "uv" : [ 15, 9.125, 14.375, 9.75 ],
        "texture" : "#FAMAS"
      },
      "east" : {
        "uv" : [ 11.5, 15.375, 6.5, 16 ],
        "texture" : "#FAMAS"
      },
      "west" : {
        "uv" : [ 1.5, 15.375, 6.5, 16 ],
        "texture" : "#FAMAS"
      },
      "down" : {
        "uv" : [ 0.875, 11, 1.5, 16 ],
        "texture" : "#FAMAS"
      }
    }
  }, {
    "from" : [ 7.75, 8.5, 3.75 ],
    "to" : [ 8.375, 8.875, 3.875 ],
    "faces" : {
      "east" : {
        "uv" : [ 7.625, 0.5, 7.5, 0.875 ],
        "texture" : "#FAMAS"
      },
      "south" : {
        "uv" : [ 12, 8.125, 12.625, 8.5 ],
        "texture" : "#FAMAS"
      },
      "west" : {
        "uv" : [ 7.5, 1.125, 7.625, 1.5 ],
        "texture" : "#FAMAS"
      },
      "down" : {
        "uv" : [ 13, 10, 13.625, 10.125 ],
        "texture" : "#FAMAS"
      }
    }
  }, {
    "from" : [ 7.75, 8.5, 4.125 ],
    "to" : [ 8.375, 8.875, 4.25 ],
    "faces" : {
      "north" : {
        "uv" : [ 11.375, 8.125, 10.75, 8.5 ],
        "texture" : "#FAMAS"
      },
      "east" : {
        "uv" : [ 7.875, 0.125, 7.75, 0.5 ],
        "texture" : "#FAMAS"
      },
      "west" : {
        "uv" : [ 7.75, 0.5, 7.875, 0.875 ],
        "texture" : "#FAMAS"
      },
      "down" : {
        "uv" : [ 12.625, 7.5, 13.25, 7.625 ],
        "texture" : "#FAMAS"
      }
    }
  }, {
    "from" : [ 7.75, 8.5, 4.5 ],
    "to" : [ 8.375, 8.875, 4.625 ],
    "faces" : {
      "east" : {
        "uv" : [ 8, 1.5, 7.875, 1.875 ],
        "texture" : "#FAMAS"
      },
      "south" : {
        "uv" : [ 14.5, 12.625, 15.125, 13 ],
        "texture" : "#FAMAS"
      },
      "west" : {
        "uv" : [ 8.125, 2.125, 8.25, 2.5 ],
        "texture" : "#FAMAS"
      },
      "down" : {
        "uv" : [ 14.75, 8.125, 15.375, 8.25 ],
        "texture" : "#FAMAS"
      }
    }
  }, {
    "from" : [ 7.75, 8.5, 4.875 ],
    "to" : [ 8.375, 8.875, 5 ],
    "faces" : {
      "north" : {
        "uv" : [ 10, 12.625, 9.375, 13 ],
        "texture" : "#FAMAS"
      },
      "east" : {
        "uv" : [ 8.375, 4, 8.25, 4.375 ],
        "texture" : "#FAMAS"
      },
      "west" : {
        "uv" : [ 8.25, 3.625, 8.375, 4 ],
        "texture" : "#FAMAS"
      },
      "down" : {
        "uv" : [ 14.25, 10, 14.875, 10.125 ],
        "texture" : "#FAMAS"
      }
    }
  }, {
    "from" : [ 7.75, 8.5, 5.25 ],
    "to" : [ 8.375, 8.875, 5.375 ],
    "faces" : {
      "east" : {
        "uv" : [ 8.375, 4.75, 8.25, 5.125 ],
        "texture" : "#FAMAS"
      },
      "south" : {
        "uv" : [ 10.125, 8.125, 10.75, 8.5 ],
        "texture" : "#FAMAS"
      },
      "west" : {
        "uv" : [ 8.25, 4.375, 8.375, 4.75 ],
        "texture" : "#FAMAS"
      },
      "down" : {
        "uv" : [ 8.875, 7.5, 9.5, 7.625 ],
        "texture" : "#FAMAS"
      }
    }
  }, {
    "from" : [ 7.75, 8.5, 5.625 ],
    "to" : [ 8.375, 8.875, 5.75 ],
    "faces" : {
      "north" : {
        "uv" : [ 10.25, 8.625, 9.625, 9 ],
        "texture" : "#FAMAS"
      },
      "east" : {
        "uv" : [ 8.375, 5.5, 8.25, 5.875 ],
        "texture" : "#FAMAS"
      },
      "west" : {
        "uv" : [ 8.25, 5.125, 8.375, 5.5 ],
        "texture" : "#FAMAS"
      },
      "down" : {
        "uv" : [ 15.125, 7.5, 15.75, 7.625 ],
        "texture" : "#FAMAS"
      }
    }
  }, {
    "from" : [ 7.75, 8.625, 3.875 ],
    "to" : [ 8.375, 8.875, 4.125 ],
    "faces" : {
      "east" : {
        "uv" : [ 16, 7.875, 15.75, 8.125 ],
        "texture" : "#FAMAS"
      },
      "west" : {
        "uv" : [ 7.875, 3.125, 8.125, 3.375 ],
        "texture" : "#FAMAS"
      },
      "down" : {
        "uv" : [ 13.875, 7.875, 14.5, 8.125 ],
        "texture" : "#FAMAS"
      }
    }
  }, {
    "from" : [ 7.75, 8.625, 4.625 ],
    "to" : [ 8.375, 8.875, 4.875 ],
    "faces" : {
      "east" : {
        "uv" : [ 8.125, 2.875, 7.875, 3.125 ],
        "texture" : "#FAMAS"
      },
      "west" : {
        "uv" : [ 15.75, 12.75, 16, 13 ],
        "texture" : "#FAMAS"
      },
      "down" : {
        "uv" : [ 9.125, 7.625, 9.75, 7.875 ],
        "texture" : "#FAMAS"
      }
    }
  }, {
    "from" : [ 7.75, 8.625, 5.375 ],
    "to" : [ 8.375, 8.875, 5.625 ],
    "faces" : {
      "east" : {
        "uv" : [ 9.375, 12.75, 9.125, 13 ],
        "texture" : "#FAMAS"
      },
      "west" : {
        "uv" : [ 10, 12.75, 10.25, 13 ],
        "texture" : "#FAMAS"
      },
      "down" : {
        "uv" : [ 4.625, 0, 5.25, 0.25 ],
        "texture" : "#FAMAS"
      }
    }
  }, {
    "from" : [ 7.75, 9.25, 2.875 ],
    "to" : [ 8.375, 9.5, 6.875 ],
    "faces" : {
      "north" : {
        "uv" : [ 12.625, 7.875, 12, 8.125 ],
        "texture" : "#FAMAS"
      },
      "east" : {
        "uv" : [ 13.25, 14.75, 9.25, 15 ],
        "texture" : "#FAMAS"
      },
      "south" : {
        "uv" : [ 15.125, 7.875, 15.75, 8.125 ],
        "texture" : "#FAMAS"
      },
      "west" : {
        "uv" : [ 6.5, 12.375, 10.5, 12.625 ],
        "texture" : "#FAMAS"
      },
      "up" : {
        "uv" : [ 0.875, 6, 1.5, 2 ],
        "texture" : "#FAMAS"
      },
      "down" : {
        "uv" : [ 1.5, 10.625, 2.125, 14.625 ],
        "texture" : "#FAMAS"
      }
    }
  }, {
    "from" : [ 7.75, 9.25, 6.875 ],
    "to" : [ 8.375, 9.375, 10.75 ],
    "faces" : {
      "east" : {
        "uv" : [ 16, 15.25, 12.125, 15.375 ],
        "texture" : "#FAMAS"
      },
      "west" : {
        "uv" : [ 11, 9.75, 14.875, 9.875 ],
        "texture" : "#FAMAS"
      },
      "up" : {
        "uv" : [ 1.5, 6.75, 2.125, 2.875 ],
        "texture" : "#FAMAS"
      }
    }
  }, {
    "from" : [ 7.75, 9.375, 6.875 ],
    "to" : [ 7.875, 9.5, 10.75 ],
    "faces" : {
      "east" : {
        "uv" : [ 16, 15, 12.125, 15.125 ],
        "texture" : "#FAMAS"
      },
      "west" : {
        "uv" : [ 12.125, 15.125, 16, 15.25 ],
        "texture" : "#FAMAS"
      },
      "up" : {
        "uv" : [ 7.125, 9.75, 7.25, 5.875 ],
        "texture" : "#FAMAS"
      }
    }
  }, {
    "from" : [ 7.75, 9.5, 13.875 ],
    "to" : [ 8.375, 9.625, 14.625 ],
    "faces" : {
      "north" : {
        "uv" : [ 13.875, 7.5, 13.25, 7.625 ],
        "texture" : "#FAMAS"
      },
      "east" : {
        "uv" : [ 14.75, 10.125, 14, 10.25 ],
        "texture" : "#FAMAS"
      },
      "west" : {
        "uv" : [ 13.25, 10.125, 14, 10.25 ],
        "texture" : "#FAMAS"
      },
      "up" : {
        "uv" : [ 9, 9.75, 9.625, 9 ],
        "texture" : "#FAMAS"
      }
    }
  }, {
    "from" : [ 7.75, 9.625, 14 ],
    "to" : [ 8.375, 9.75, 14.625 ],
    "faces" : {
      "north" : {
        "uv" : [ 10.125, 7.5, 9.5, 7.625 ],
        "texture" : "#FAMAS"
      },
      "east" : {
        "uv" : [ 15.625, 9.875, 15, 10 ],
        "texture" : "#FAMAS"
      },
      "west" : {
        "uv" : [ 11.375, 7.5, 12, 7.625 ],
        "texture" : "#FAMAS"
      },
      "up" : {
        "uv" : [ 13.125, 9.75, 13.75, 9.125 ],
        "texture" : "#FAMAS"
      }
    }
  }, {
    "from" : [ 7.75, 9.75, 14.125 ],
    "to" : [ 8.375, 9.875, 14.625 ],
    "faces" : {
      "north" : {
        "uv" : [ 10.25, 8.5, 9.625, 8.625 ],
        "texture" : "#FAMAS"
      },
      "east" : {
        "uv" : [ 16, 10, 15.5, 10.125 ],
        "texture" : "#FAMAS"
      },
      "west" : {
        "uv" : [ 8.875, 7.375, 9.375, 7.5 ],
        "texture" : "#FAMAS"
      },
      "up" : {
        "uv" : [ 3.875, 0.5, 4.5, 0 ],
        "texture" : "#FAMAS"
      }
    }
  }, {
    "from" : [ 7.875, 6, 8.875 ],
    "to" : [ 8.25, 8.25, 9.25 ],
    "faces" : {
      "north" : {
        "uv" : [ 6.5, 3.75, 6.125, 6 ],
        "texture" : "#FAMAS"
      },
      "east" : {
        "uv" : [ 6.5, 8.25, 6.125, 10.5 ],
        "texture" : "#FAMAS"
      },
      "south" : {
        "uv" : [ 6.125, 1.5, 6.5, 3.75 ],
        "texture" : "#FAMAS"
      },
      "west" : {
        "uv" : [ 6.125, 6, 6.5, 8.25 ],
        "texture" : "#FAMAS"
      },
      "down" : {
        "uv" : [ 7.875, 5.375, 8.25, 5.75 ],
        "texture" : "#FAMAS"
      }
    }
  }, {
    "from" : [ 7.875, 6, 9.25 ],
    "to" : [ 8.25, 7.875, 9.375 ],
    "faces" : {
      "east" : {
        "uv" : [ 7, 0.125, 6.875, 2 ],
        "texture" : "#FAMAS"
      },
      "south" : {
        "uv" : [ 7.5, 10.5, 7.875, 12.375 ],
        "texture" : "#FAMAS"
      },
      "west" : {
        "uv" : [ 3.75, 1.625, 3.875, 3.5 ],
        "texture" : "#FAMAS"
      },
      "up" : {
        "uv" : [ 9.75, 7.5, 10.125, 7.375 ],
        "texture" : "#FAMAS"
      },
      "down" : {
        "uv" : [ 10.875, 7.375, 11.25, 7.5 ],
        "texture" : "#FAMAS"
      }
    }
  }, {
    "from" : [ 7.875, 6, 9.375 ],
    "to" : [ 8.25, 7.625, 9.5 ],
    "faces" : {
      "east" : {
        "uv" : [ 15.875, 13, 15.75, 14.625 ],
        "texture" : "#FAMAS"
      },
      "south" : {
        "uv" : [ 13.125, 11, 13.5, 12.625 ],
        "texture" : "#FAMAS"
      },
      "west" : {
        "uv" : [ 15.875, 13, 16, 14.625 ],
        "texture" : "#FAMAS"
      },
      "up" : {
        "uv" : [ 7.875, 0.625, 8.25, 0.5 ],
        "texture" : "#FAMAS"
      },
      "down" : {
        "uv" : [ 9.375, 7.375, 9.75, 7.5 ],
        "texture" : "#FAMAS"
      }
    }
  }, {
    "from" : [ 7.875, 6.125, 9.5 ],
    "to" : [ 8.25, 7.375, 9.625 ],
    "faces" : {
      "east" : {
        "uv" : [ 14.125, 10.5, 14, 11.75 ],
        "texture" : "#FAMAS"
      },
      "south" : {
        "uv" : [ 8, 8.5, 8.375, 9.75 ],
        "texture" : "#FAMAS"
      },
      "west" : {
        "uv" : [ 13.875, 10.5, 14, 11.75 ],
        "texture" : "#FAMAS"
      },
      "up" : {
        "uv" : [ 12.125, 8.625, 12.5, 8.5 ],
        "texture" : "#FAMAS"
      },
      "down" : {
        "uv" : [ 7.875, 2.75, 8.25, 2.875 ],
        "texture" : "#FAMAS"
      }
    }
  }, {
    "from" : [ 7.875, 6.125, 9.625 ],
    "to" : [ 8.25, 7.25, 9.75 ],
    "faces" : {
      "east" : {
        "uv" : [ 7.25, 0, 7.125, 1.125 ],
        "texture" : "#FAMAS"
      },
      "south" : {
        "uv" : [ 11.375, 8.625, 11.75, 9.75 ],
        "texture" : "#FAMAS"
      },
      "west" : {
        "uv" : [ 10.375, 10.5, 10.5, 11.625 ],
        "texture" : "#FAMAS"
      },
      "up" : {
        "uv" : [ 15, 7.5, 15.375, 7.375 ],
        "texture" : "#FAMAS"
      },
      "down" : {
        "uv" : [ 15.375, 7.375, 15.75, 7.5 ],
        "texture" : "#FAMAS"
      }
    }
  }, {
    "from" : [ 7.875, 6.25, 9.75 ],
    "to" : [ 8.25, 7, 9.875 ],
    "faces" : {
      "east" : {
        "uv" : [ 7.75, 0.875, 7.625, 1.625 ],
        "texture" : "#FAMAS"
      },
      "south" : {
        "uv" : [ 7.25, 6.125, 7.625, 6.875 ],
        "texture" : "#FAMAS"
      },
      "west" : {
        "uv" : [ 7.75, 0.875, 7.875, 1.625 ],
        "texture" : "#FAMAS"
      },
      "up" : {
        "uv" : [ 10.875, 10.625, 11.25, 10.5 ],
        "texture" : "#FAMAS"
      },
      "down" : {
        "uv" : [ 7.875, 1, 8.25, 1.125 ],
        "texture" : "#FAMAS"
      }
    }
  }, {
    "from" : [ 7.875, 6.5, 8.75 ],
    "to" : [ 8.25, 8.25, 8.875 ],
    "faces" : {
      "north" : {
        "uv" : [ 12, 10.875, 11.625, 12.625 ],
        "texture" : "#FAMAS"
      },
      "east" : {
        "uv" : [ 7.125, 0.125, 7, 1.875 ],
        "texture" : "#FAMAS"
      },
      "west" : {
        "uv" : [ 7.125, 4.125, 7.25, 5.875 ],
        "texture" : "#FAMAS"
      },
      "down" : {
        "uv" : [ 7.875, 1.125, 8.25, 1.25 ],
        "texture" : "#FAMAS"
      }
    }
  }, {
    "from" : [ 7.875, 6.875, 8.625 ],
    "to" : [ 8.25, 8.25, 8.75 ],
    "faces" : {
      "north" : {
        "uv" : [ 15, 11.25, 14.625, 12.625 ],
        "texture" : "#FAMAS"
      },
      "east" : {
        "uv" : [ 15.875, 11.25, 15.75, 12.625 ],
        "texture" : "#FAMAS"
      },
      "west" : {
        "uv" : [ 15.875, 11.25, 16, 12.625 ],
        "texture" : "#FAMAS"
      },
      "down" : {
        "uv" : [ 11.25, 7.375, 11.625, 7.5 ],
        "texture" : "#FAMAS"
      }
    }
  }, {
    "from" : [ 7.875, 7.125, 8.5 ],
    "to" : [ 8.25, 8.25, 8.625 ],
    "faces" : {
      "north" : {
        "uv" : [ 12.5, 8.625, 12.125, 9.75 ],
        "texture" : "#FAMAS"
      },
      "east" : {
        "uv" : [ 7.875, 6.125, 7.75, 7.25 ],
        "texture" : "#FAMAS"
      },
      "west" : {
        "uv" : [ 7.625, 6.125, 7.75, 7.25 ],
        "texture" : "#FAMAS"
      },
      "down" : {
        "uv" : [ 12, 7.375, 12.375, 7.5 ],
        "texture" : "#FAMAS"
      }
    }
  }, {
    "from" : [ 7.875, 7.5, 8.375 ],
    "to" : [ 8.25, 8.25, 8.5 ],
    "faces" : {
      "north" : {
        "uv" : [ 15, 10.5, 14.625, 11.25 ],
        "texture" : "#FAMAS"
      },
      "east" : {
        "uv" : [ 7.75, 1.625, 7.625, 2.375 ],
        "texture" : "#FAMAS"
      },
      "west" : {
        "uv" : [ 7.75, 1.625, 7.875, 2.375 ],
        "texture" : "#FAMAS"
      },
      "down" : {
        "uv" : [ 12.75, 7.375, 13.125, 7.5 ],
        "texture" : "#FAMAS"
      }
    }
  }, {
    "from" : [ 7.875, 7.75, 7.75 ],
    "to" : [ 8.25, 7.875, 8.375 ],
    "faces" : {
      "north" : {
        "uv" : [ 13.875, 7.375, 13.5, 7.5 ],
        "texture" : "#FAMAS"
      },
      "east" : {
        "uv" : [ 10.75, 7.5, 10.125, 7.625 ],
        "texture" : "#FAMAS"
      },
      "west" : {
        "uv" : [ 10.75, 7.5, 11.375, 7.625 ],
        "texture" : "#FAMAS"
      },
      "up" : {
        "uv" : [ 15.625, 9.125, 16, 8.5 ],
        "texture" : "#FAMAS"
      },
      "down" : {
        "uv" : [ 15.625, 9.125, 16, 9.75 ],
        "texture" : "#FAMAS"
      }
    }
  }, {
    "from" : [ 7.875, 7.875, 7.625 ],
    "to" : [ 8.25, 8.25, 7.75 ],
    "faces" : {
      "north" : {
        "uv" : [ 8.25, 4.625, 7.875, 5 ],
        "texture" : "#FAMAS"
      },
      "east" : {
        "uv" : [ 8.375, 6.625, 8.25, 7 ],
        "texture" : "#FAMAS"
      },
      "south" : {
        "uv" : [ 11.25, 10.5, 11.625, 10.875 ],
        "texture" : "#FAMAS"
      },
      "west" : {
        "uv" : [ 8.25, 7, 8.375, 7.375 ],
        "texture" : "#FAMAS"
      },
      "down" : {
        "uv" : [ 14.25, 7.375, 14.625, 7.5 ],
        "texture" : "#FAMAS"
      }
    }
  }, {
    "from" : [ 7.875, 8.25, 3.75 ],
    "to" : [ 8.25, 8.5, 4.25 ],
    "faces" : {
      "east" : {
        "uv" : [ 7, 10.5, 6.5, 10.75 ],
        "texture" : "#FAMAS"
      },
      "west" : {
        "uv" : [ 7, 10.5, 7.5, 10.75 ],
        "texture" : "#FAMAS"
      },
      "up" : {
        "uv" : [ 7.25, 4.125, 7.625, 3.625 ],
        "texture" : "#FAMAS"
      },
      "down" : {
        "uv" : [ 7.25, 4.125, 7.625, 4.625 ],
        "texture" : "#FAMAS"
      }
    }
  }, {
    "from" : [ 7.875, 8.25, 4.5 ],
    "to" : [ 8.25, 8.5, 5 ],
    "faces" : {
      "east" : {
        "uv" : [ 12.375, 7.625, 11.875, 7.875 ],
        "texture" : "#FAMAS"
      },
      "west" : {
        "uv" : [ 10.375, 7.625, 10.875, 7.875 ],
        "texture" : "#FAMAS"
      },
      "up" : {
        "uv" : [ 7.25, 3.125, 7.625, 2.625 ],
        "texture" : "#FAMAS"
      },
      "down" : {
        "uv" : [ 7.25, 3.125, 7.625, 3.625 ],
        "texture" : "#FAMAS"
      }
    }
  }, {
    "from" : [ 7.875, 8.25, 5.25 ],
    "to" : [ 8.25, 8.5, 5.75 ],
    "faces" : {
      "east" : {
        "uv" : [ 11.375, 7.625, 10.875, 7.875 ],
        "texture" : "#FAMAS"
      },
      "west" : {
        "uv" : [ 11.375, 7.625, 11.875, 7.875 ],
        "texture" : "#FAMAS"
      },
      "up" : {
        "uv" : [ 7.25, 2.625, 7.625, 2.125 ],
        "texture" : "#FAMAS"
      },
      "down" : {
        "uv" : [ 13.125, 10.5, 13.5, 11 ],
        "texture" : "#FAMAS"
      }
    }
  }, {
    "from" : [ 7.875, 8.5, 3.875 ],
    "to" : [ 8.25, 8.625, 4.125 ],
    "faces" : {
      "east" : {
        "uv" : [ 10.25, 12.625, 10, 12.75 ],
        "texture" : "#FAMAS"
      },
      "west" : {
        "uv" : [ 15.75, 12.625, 16, 12.75 ],
        "texture" : "#FAMAS"
      }
    }
  }, {
    "from" : [ 7.875, 8.5, 4.625 ],
    "to" : [ 8.25, 8.625, 4.875 ],
    "faces" : {
      "east" : {
        "uv" : [ 14.75, 8.125, 14.5, 8.25 ],
        "texture" : "#FAMAS"
      },
      "west" : {
        "uv" : [ 15.375, 8.125, 15.625, 8.25 ],
        "texture" : "#FAMAS"
      }
    }
  }, {
    "from" : [ 7.875, 8.5, 5.375 ],
    "to" : [ 8.25, 8.625, 5.625 ],
    "faces" : {
      "east" : {
        "uv" : [ 9.375, 12.625, 9.125, 12.75 ],
        "texture" : "#FAMAS"
      },
      "west" : {
        "uv" : [ 3.625, 3.5, 3.875, 3.625 ],
        "texture" : "#FAMAS"
      }
    }
  }, {
    "from" : [ 7.875, 8.75, 0 ],
    "to" : [ 8.25, 9.125, 2.875 ],
    "faces" : {
      "north" : {
        "uv" : [ 8.25, 6.875, 7.875, 7.25 ],
        "texture" : "#FAMAS",
        "cullface" : "north"
      },
      "east" : {
        "uv" : [ 14.375, 15.625, 11.5, 16 ],
        "texture" : "#FAMAS"
      },
      "west" : {
        "uv" : [ 9.25, 15, 12.125, 15.375 ],
        "texture" : "#FAMAS"
      },
      "up" : {
        "uv" : [ 5.75, 10.5, 6.125, 7.625 ],
        "texture" : "#FAMAS"
      },
      "down" : {
        "uv" : [ 5.75, 4.75, 6.125, 7.625 ],
        "texture" : "#FAMAS"
      }
    }
  }, {
    "from" : [ 7.875, 9.375, 9.125 ],
    "to" : [ 8.375, 9.5, 10.75 ],
    "faces" : {
      "north" : {
        "uv" : [ 16, 9.75, 15.5, 9.875 ],
        "texture" : "#FAMAS"
      },
      "east" : {
        "uv" : [ 15.625, 10.375, 14, 10.5 ],
        "texture" : "#FAMAS"
      },
      "up" : {
        "uv" : [ 7, 12.375, 7.5, 10.75 ],
        "texture" : "#FAMAS"
      }
    }
  }, {
    "from" : [ 7.875, 9.5, 2.875 ],
    "to" : [ 8.25, 10.75, 3.25 ],
    "faces" : {
      "north" : {
        "uv" : [ 13.875, 10.5, 13.5, 11.75 ],
        "texture" : "#FAMAS"
      },
      "east" : {
        "uv" : [ 7.625, 8.5, 7.25, 9.75 ],
        "texture" : "#FAMAS"
      },
      "south" : {
        "uv" : [ 11, 8.5, 11.375, 9.75 ],
        "texture" : "#FAMAS"
      },
      "west" : {
        "uv" : [ 7.625, 8.5, 8, 9.75 ],
        "texture" : "#FAMAS"
      },
      "up" : {
        "uv" : [ 15.625, 15, 16, 14.625 ],
        "texture" : "#FAMAS"
      }
    }
  }, {
    "from" : [ 7.875, 9.5, 6 ],
    "to" : [ 8.25, 9.625, 6.875 ],
    "faces" : {
      "north" : {
        "uv" : [ 11.375, 7.25, 11, 7.375 ],
        "texture" : "#FAMAS"
      },
      "east" : {
        "uv" : [ 13.25, 10.125, 12.375, 10.25 ],
        "texture" : "#FAMAS"
      },
      "south" : {
        "uv" : [ 11.375, 7.25, 11.75, 7.375 ],
        "texture" : "#FAMAS"
      },
      "west" : {
        "uv" : [ 15, 10.25, 15.875, 10.375 ],
        "texture" : "#FAMAS"
      },
      "up" : {
        "uv" : [ 5.25, 1, 5.625, 0.125 ],
        "texture" : "#FAMAS"
      }
    }
  }, {
    "from" : [ 7.875, 9.5, 9.75 ],
    "to" : [ 8.25, 10.875, 10.25 ],
    "faces" : {
      "north" : {
        "uv" : [ 15.75, 11.25, 15.375, 12.625 ],
        "texture" : "#FAMAS"
      },
      "east" : {
        "uv" : [ 8.75, 11, 8.25, 12.375 ],
        "texture" : "#FAMAS"
      },
      "south" : {
        "uv" : [ 3.5, 0, 3.875, 1.375 ],
        "texture" : "#FAMAS"
      },
      "west" : {
        "uv" : [ 3, 0, 3.5, 1.375 ],
        "texture" : "#FAMAS"
      },
      "up" : {
        "uv" : [ 12, 11, 12.375, 10.5 ],
        "texture" : "#FAMAS"
      }
    }
  }, {
    "from" : [ 7.875, 9.5, 10.25 ],
    "to" : [ 8.25, 10.25, 10.375 ],
    "faces" : {
      "east" : {
        "uv" : [ 7.75, 0.125, 7.625, 0.875 ],
        "texture" : "#FAMAS"
      },
      "south" : {
        "uv" : [ 7.25, 6.875, 7.625, 7.625 ],
        "texture" : "#FAMAS"
      },
      "west" : {
        "uv" : [ 7.75, 2.5, 7.875, 3.25 ],
        "texture" : "#FAMAS"
      },
      "up" : {
        "uv" : [ 15.625, 10, 16, 9.875 ],
        "texture" : "#FAMAS"
      }
    }
  }, {
    "from" : [ 7.875, 10.375, 3.25 ],
    "to" : [ 8.25, 10.875, 3.375 ],
    "faces" : {
      "north" : {
        "uv" : [ 12.75, 10.5, 12.375, 11 ],
        "texture" : "#FAMAS"
      },
      "east" : {
        "uv" : [ 8.75, 10.5, 8.625, 11 ],
        "texture" : "#FAMAS"
      },
      "south" : {
        "uv" : [ 12.75, 10.5, 13.125, 11 ],
        "texture" : "#FAMAS"
      },
      "west" : {
        "uv" : [ 7.5, 1.625, 7.625, 2.125 ],
        "texture" : "#FAMAS"
      },
      "up" : {
        "uv" : [ 11.75, 8.625, 12.125, 8.5 ],
        "texture" : "#FAMAS"
      },
      "down" : {
        "uv" : [ 11.375, 8.5, 11.75, 8.625 ],
        "texture" : "#FAMAS"
      }
    }
  }, {
    "from" : [ 7.875, 10.5, 3.375 ],
    "to" : [ 8.25, 10.875, 3.5 ],
    "faces" : {
      "east" : {
        "uv" : [ 8.125, 2.125, 8, 2.5 ],
        "texture" : "#FAMAS"
      },
      "south" : {
        "uv" : [ 7.875, 7.25, 8.25, 7.625 ],
        "texture" : "#FAMAS"
      },
      "west" : {
        "uv" : [ 7.875, 2.125, 8, 2.5 ],
        "texture" : "#FAMAS"
      },
      "up" : {
        "uv" : [ 7.875, 2.625, 8.25, 2.5 ],
        "texture" : "#FAMAS"
      },
      "down" : {
        "uv" : [ 7.875, 2.625, 8.25, 2.75 ],
        "texture" : "#FAMAS"
      }
    }
  }, {
    "from" : [ 7.875, 10.5, 9.625 ],
    "to" : [ 8.25, 10.875, 9.75 ],
    "faces" : {
      "north" : {
        "uv" : [ 16, 8.125, 15.625, 8.5 ],
        "texture" : "#FAMAS"
      },
      "east" : {
        "uv" : [ 8.25, 1.5, 8.125, 1.875 ],
        "texture" : "#FAMAS"
      },
      "west" : {
        "uv" : [ 8, 1.5, 8.125, 1.875 ],
        "texture" : "#FAMAS"
      },
      "up" : {
        "uv" : [ 7.875, 2, 8.25, 1.875 ],
        "texture" : "#FAMAS"
      },
      "down" : {
        "uv" : [ 7.875, 2, 8.25, 2.125 ],
        "texture" : "#FAMAS"
      }
    }
  }, {
    "from" : [ 7.875, 10.625, 3.5 ],
    "to" : [ 8.25, 10.875, 3.625 ],
    "faces" : {
      "east" : {
        "uv" : [ 7.625, 0.875, 7.5, 1.125 ],
        "texture" : "#FAMAS"
      },
      "south" : {
        "uv" : [ 7.875, 3.625, 8.25, 3.875 ],
        "texture" : "#FAMAS"
      },
      "west" : {
        "uv" : [ 3.75, 1.375, 3.875, 1.625 ],
        "texture" : "#FAMAS"
      },
      "up" : {
        "uv" : [ 7.875, 1.375, 8.25, 1.25 ],
        "texture" : "#FAMAS"
      },
      "down" : {
        "uv" : [ 7.875, 1.375, 8.25, 1.5 ],
        "texture" : "#FAMAS"
      }
    }
  }, {
    "from" : [ 7.875, 10.625, 9.5 ],
    "to" : [ 8.25, 10.875, 9.625 ],
    "faces" : {
      "north" : {
        "uv" : [ 8.25, 4.375, 7.875, 4.625 ],
        "texture" : "#FAMAS"
      },
      "east" : {
        "uv" : [ 8.375, 3.375, 8.25, 3.625 ],
        "texture" : "#FAMAS"
      },
      "west" : {
        "uv" : [ 8.125, 3.375, 8.25, 3.625 ],
        "texture" : "#FAMAS"
      },
      "up" : {
        "uv" : [ 7.875, 0.875, 8.25, 0.75 ],
        "texture" : "#FAMAS"
      },
      "down" : {
        "uv" : [ 7.875, 0.875, 8.25, 1 ],
        "texture" : "#FAMAS"
      }
    }
  }, {
    "from" : [ 7.875, 10.75, 3.125 ],
    "to" : [ 8.25, 10.875, 3.25 ],
    "faces" : {
      "north" : {
        "uv" : [ 8.25, 0.125, 7.875, 0.25 ],
        "texture" : "#FAMAS"
      },
      "east" : {
        "uv" : [ 4.625, 8, 4.5, 8.125 ],
        "texture" : "#FAMAS"
      },
      "west" : {
        "uv" : [ 12.5, 7.25, 12.625, 7.375 ],
        "texture" : "#FAMAS"
      },
      "up" : {
        "uv" : [ 7.875, 0.375, 8.25, 0.25 ],
        "texture" : "#FAMAS"
      }
    }
  }, {
    "from" : [ 7.875, 10.75, 3.625 ],
    "to" : [ 8.25, 10.875, 9.5 ],
    "faces" : {
      "east" : {
        "uv" : [ 12.375, 10.375, 6.5, 10.5 ],
        "texture" : "#FAMAS"
      },
      "west" : {
        "uv" : [ 6.5, 10, 12.375, 10.125 ],
        "texture" : "#FAMAS"
      },
      "up" : {
        "uv" : [ 2.5, 9.375, 2.875, 3.5 ],
        "texture" : "#FAMAS"
      },
      "down" : {
        "uv" : [ 2.125, 3.5, 2.5, 9.375 ],
        "texture" : "#FAMAS"
      }
    }
  }, {
    "from" : [ 7.875, 10.875, 6.25 ],
    "to" : [ 8, 11, 10.25 ],
    "faces" : {
      "north" : {
        "uv" : [ 12.25, 7.25, 12.125, 7.375 ],
        "texture" : "#FAMAS"
      },
      "east" : {
        "uv" : [ 15, 9.875, 11, 10 ],
        "texture" : "#FAMAS"
      },
      "south" : {
        "uv" : [ 4.5, 5.5, 4.625, 5.625 ],
        "texture" : "#FAMAS"
      },
      "west" : {
        "uv" : [ 7, 9.75, 11, 9.875 ],
        "texture" : "#FAMAS"
      },
      "up" : {
        "uv" : [ 7, 9.75, 7.125, 5.75 ],
        "texture" : "#FAMAS"
      },
      "down" : {
        "uv" : [ 6.5, 0.125, 6.625, 4.125 ],
        "texture" : "#FAMAS"
      }
    }
  }, {
    "from" : [ 8, 8, 8.125 ],
    "to" : [ 8.125, 8.25, 8.25 ],
    "faces" : {
      "north" : {
        "uv" : [ 8.375, 3.125, 8.25, 3.375 ],
        "texture" : "#FAMAS"
      },
      "east" : {
        "uv" : [ 4.625, 0.5, 4.5, 0.75 ],
        "texture" : "#FAMAS"
      },
      "south" : {
        "uv" : [ 8.25, 2.875, 8.375, 3.125 ],
        "texture" : "#FAMAS"
      },
      "west" : {
        "uv" : [ 8.25, 2.625, 8.375, 2.875 ],
        "texture" : "#FAMAS"
      },
      "down" : {
        "uv" : [ 8.25, 1.75, 8.375, 1.875 ],
        "texture" : "#FAMAS"
      }
    }
  }, {
    "from" : [ 8, 9.5, 3.25 ],
    "to" : [ 8.125, 10.375, 3.375 ],
    "faces" : {
      "east" : {
        "uv" : [ 7.75, 2.375, 7.625, 3.25 ],
        "texture" : "#FAMAS"
      },
      "south" : {
        "uv" : [ 7.625, 3.25, 7.75, 4.125 ],
        "texture" : "#FAMAS"
      },
      "west" : {
        "uv" : [ 7.75, 3.25, 7.875, 4.125 ],
        "texture" : "#FAMAS"
      }
    }
  }, {
    "from" : [ 8, 9.5, 9.625 ],
    "to" : [ 8.125, 10.5, 9.75 ],
    "faces" : {
      "north" : {
        "uv" : [ 7.75, 4.125, 7.625, 5.125 ],
        "texture" : "#FAMAS"
      },
      "east" : {
        "uv" : [ 7.75, 5.125, 7.625, 6.125 ],
        "texture" : "#FAMAS"
      },
      "west" : {
        "uv" : [ 7.75, 5.125, 7.875, 6.125 ],
        "texture" : "#FAMAS"
      }
    }
  }, {
    "from" : [ 8, 9.625, 6.5 ],
    "to" : [ 8.125, 9.75, 6.875 ],
    "faces" : {
      "north" : {
        "uv" : [ 8.375, 0.375, 8.25, 0.5 ],
        "texture" : "#FAMAS"
      },
      "east" : {
        "uv" : [ 9.125, 7.25, 8.75, 7.375 ],
        "texture" : "#FAMAS"
      },
      "south" : {
        "uv" : [ 8.25, 0.25, 8.375, 0.375 ],
        "texture" : "#FAMAS"
      },
      "west" : {
        "uv" : [ 8.375, 7.25, 8.75, 7.375 ],
        "texture" : "#FAMAS"
      },
      "up" : {
        "uv" : [ 8.25, 6.25, 8.375, 5.875 ],
        "texture" : "#FAMAS"
      }
    }
  }, {
    "from" : [ 8, 9.75, 6.625 ],
    "to" : [ 8.125, 10, 6.875 ],
    "faces" : {
      "north" : {
        "uv" : [ 8.25, 2.875, 8.125, 3.125 ],
        "texture" : "#FAMAS"
      },
      "east" : {
        "uv" : [ 8.125, 3.375, 7.875, 3.625 ],
        "texture" : "#FAMAS"
      },
      "south" : {
        "uv" : [ 4.5, 3, 4.625, 3.25 ],
        "texture" : "#FAMAS"
      },
      "west" : {
        "uv" : [ 15.75, 7.625, 16, 7.875 ],
        "texture" : "#FAMAS"
      },
      "up" : {
        "uv" : [ 8.125, 3.375, 8.25, 3.125 ],
        "texture" : "#FAMAS"
      }
    }
  }, {
    "from" : [ 8, 10.375, 3.375 ],
    "to" : [ 8.125, 10.5, 3.5 ],
    "faces" : {
      "east" : {
        "uv" : [ 7.875, 2.375, 7.75, 2.5 ],
        "texture" : "#FAMAS"
      },
      "south" : {
        "uv" : [ 10.875, 8.5, 11, 8.625 ],
        "texture" : "#FAMAS"
      },
      "west" : {
        "uv" : [ 7.5, 1.5, 7.625, 1.625 ],
        "texture" : "#FAMAS"
      },
      "down" : {
        "uv" : [ 6.5, 0, 6.625, 0.125 ],
        "texture" : "#FAMAS"
      }
    }
  }, {
    "from" : [ 8, 10.5, 3.5 ],
    "to" : [ 8.125, 10.625, 3.625 ],
    "faces" : {
      "east" : {
        "uv" : [ 15.875, 7.375, 15.75, 7.5 ],
        "texture" : "#FAMAS"
      },
      "south" : {
        "uv" : [ 15.75, 7.5, 15.875, 7.625 ],
        "texture" : "#FAMAS"
      },
      "west" : {
        "uv" : [ 15.875, 7.5, 16, 7.625 ],
        "texture" : "#FAMAS"
      },
      "down" : {
        "uv" : [ 7.625, 0, 7.75, 0.125 ],
        "texture" : "#FAMAS"
      }
    }
  }, {
    "from" : [ 8, 10.5, 9.5 ],
    "to" : [ 8.125, 10.625, 9.625 ],
    "faces" : {
      "north" : {
        "uv" : [ 8.375, 2.375, 8.25, 2.5 ],
        "texture" : "#FAMAS"
      },
      "east" : {
        "uv" : [ 8.375, 2, 8.25, 2.125 ],
        "texture" : "#FAMAS"
      },
      "west" : {
        "uv" : [ 8.25, 2.125, 8.375, 2.25 ],
        "texture" : "#FAMAS"
      },
      "down" : {
        "uv" : [ 15.875, 7.375, 16, 7.5 ],
        "texture" : "#FAMAS"
      }
    }
  }, {
    "from" : [ 8, 10.625, 3.625 ],
    "to" : [ 8.125, 10.75, 9.5 ],
    "faces" : {
      "east" : {
        "uv" : [ 12.375, 10.125, 6.5, 10.25 ],
        "texture" : "#FAMAS"
      },
      "west" : {
        "uv" : [ 6.5, 10.25, 12.375, 10.375 ],
        "texture" : "#FAMAS"
      },
      "down" : {
        "uv" : [ 2.875, 3.5, 3, 9.375 ],
        "texture" : "#FAMAS"
      }
    }
  }, {
    "from" : [ 8, 10.75, 3 ],
    "to" : [ 8.125, 10.875, 3.125 ],
    "faces" : {
      "north" : {
        "uv" : [ 8.375, 0.875, 8.25, 1 ],
        "texture" : "#FAMAS"
      },
      "east" : {
        "uv" : [ 8.375, 0.5, 8.25, 0.625 ],
        "texture" : "#FAMAS"
      },
      "west" : {
        "uv" : [ 8.25, 0.625, 8.375, 0.75 ],
        "texture" : "#FAMAS"
      },
      "up" : {
        "uv" : [ 8.25, 1.125, 8.375, 1 ],
        "texture" : "#FAMAS"
      }
    }
  }, {
    "from" : [ 8.125, 10.875, 6.25 ],
    "to" : [ 8.25, 11, 10.25 ],
    "faces" : {
      "north" : {
        "uv" : [ 8.375, 0.125, 8.25, 0.25 ],
        "texture" : "#FAMAS"
      },
      "east" : {
        "uv" : [ 11, 9.875, 7, 10 ],
        "texture" : "#FAMAS"
      },
      "south" : {
        "uv" : [ 8.25, 0, 8.375, 0.125 ],
        "texture" : "#FAMAS"
      },
      "west" : {
        "uv" : [ 9.25, 14.625, 13.25, 14.75 ],
        "texture" : "#FAMAS"
      },
      "up" : {
        "uv" : [ 6.875, 6, 7, 2 ],
        "texture" : "#FAMAS"
      },
      "down" : {
        "uv" : [ 6.875, 6, 7, 10 ],
        "texture" : "#FAMAS"
      }
    }
  }, {
    "from" : [ 8.25, 9.375, 6.875 ],
    "to" : [ 8.375, 9.5, 9.125 ],
    "faces" : {
      "east" : {
        "uv" : [ 13.75, 15.5, 11.5, 15.625 ],
        "texture" : "#FAMAS"
      },
      "west" : {
        "uv" : [ 11.5, 15.375, 13.75, 15.5 ],
        "texture" : "#FAMAS"
      },
      "up" : {
        "uv" : [ 4.5, 3, 4.625, 0.75 ],
        "texture" : "#FAMAS"
      }
    }
  } ],
  "display" : {
    "thirdperson_righthand" : {
      "scale" : [ 1.25, 1.25, 1.25 ]
    },
    "thirdperson_lefthand" : {
      "scale" : [ 1.25, 1.25, 1.25 ]
    },
    "firstperson_righthand" : {
      "translation" : [ -3.7, 3.5, 2.4 ],
      "scale" : [ 1.25, 1.25, 1.25 ],
      "rotation" : [ -4, -5, 0 ]
    },
    "firstperson_lefthand" : {
      "translation" : [ -3.7, 3.5, 2.4 ],
      "scale" : [ 1.25, 1.25, 1.25 ],
      "rotation" : [ -4, -5, 0 ]
    },
    "ground" : {
      "scale" : [ 1.75, 1.75, 1.75 ]
    },
    "gui" : {
      "scale" : [ 0, 1.25, 1.25 ],
      "rotation" : [ 90, 45, -90 ]
    },
    "head" : {
      "translation" : [ 0, 6.7, 0 ],
      "scale" : [ 2, 2, 2 ],
      "rotation" : [ 0, 0, 90 ]
    },
    "fixed" : {
      "rotation" : [ 0, 90, 0 ]
    }
  }
}
