{
  "textures" : {
    "voxels_atlas" : "guns/ump45"
  },
  "credit" : "Made with Blockbench",
  "elements" : [ {
    "from" : [ 7.75, 10.625, 1.75 ],
    "to" : [ 8.375, 10.875, 2.25 ],
    "faces" : {
      "north" : {
        "uv" : [ 10.125, 14, 9.5, 14.25 ],
        "texture" : "#voxels_atlas"
      },
      "east" : {
        "uv" : [ 8.75, 14, 8.25, 14.25 ],
        "texture" : "#voxels_atlas"
      },
      "south" : {
        "uv" : [ 14.25, 14, 14.875, 14.25 ],
        "texture" : "#voxels_atlas"
      },
      "west" : {
        "uv" : [ 6, 9.75, 6.5, 10 ],
        "texture" : "#voxels_atlas"
      },
      "up" : {
        "uv" : [ 6.125, 11.375, 6.75, 10.875 ],
        "texture" : "#voxels_atlas"
      },
      "down" : {
        "uv" : [ 8, 10.875, 8.625, 11.375 ],
        "texture" : "#voxels_atlas"
      }
    }
  }, {
    "from" : [ 7.875, 8.125, 15.375 ],
    "to" : [ 8.5, 10.5, 15.875 ],
    "faces" : {
      "north" : {
        "uv" : [ 2.375, 3.625, 1.75, 6 ],
        "texture" : "#voxels_atlas"
      },
      "east" : {
        "uv" : [ 2.875, 4.5, 2.375, 6.875 ],
        "texture" : "#voxels_atlas"
      },
      "south" : {
        "uv" : [ 1.75, 1.25, 2.375, 3.625 ],
        "texture" : "#voxels_atlas"
      },
      "west" : {
        "uv" : [ 2.375, 6.875, 2.875, 9.25 ],
        "texture" : "#voxels_atlas"
      },
      "up" : {
        "uv" : [ 7.375, 11.375, 8, 10.875 ],
        "texture" : "#voxels_atlas"
      },
      "down" : {
        "uv" : [ 6.75, 10.875, 7.375, 11.375 ],
        "texture" : "#voxels_atlas"
      }
    }
  }, {
    "from" : [ 7.875, 8.25, 15.125 ],
    "to" : [ 8.5, 8.875, 15.375 ],
    "faces" : {
      "north" : {
        "uv" : [ 4.375, 0.375, 3.75, 1 ],
        "texture" : "#voxels_atlas"
      },
      "east" : {
        "uv" : [ 5.875, 6.625, 5.625, 7.25 ],
        "texture" : "#voxels_atlas"
      },
      "south" : {
        "uv" : [ 8.75, 12.25, 9.375, 12.875 ],
        "texture" : "#voxels_atlas"
      },
      "west" : {
        "uv" : [ 5.625, 7.25, 5.875, 7.875 ],
        "texture" : "#voxels_atlas"
      },
      "up" : {
        "uv" : [ 0.75, 0.25, 1.375, 0 ],
        "texture" : "#voxels_atlas"
      },
      "down" : {
        "uv" : [ 14.875, 14, 15.5, 14.25 ],
        "texture" : "#voxels_atlas"
      }
    }
  }, {
    "from" : [ 7.875, 8.375, 4.75 ],
    "to" : [ 8.5, 10.875, 6.5 ],
    "faces" : {
      "north" : {
        "uv" : [ 2.375, 11.5, 1.75, 14 ],
        "texture" : "#voxels_atlas"
      },
      "east" : {
        "uv" : [ 1.75, 9, 0, 11.5 ],
        "texture" : "#voxels_atlas"
      },
      "south" : {
        "uv" : [ 1.75, 9, 2.375, 11.5 ],
        "texture" : "#voxels_atlas"
      },
      "west" : {
        "uv" : [ 0, 11.5, 1.75, 14 ],
        "texture" : "#voxels_atlas"
      },
      "up" : {
        "uv" : [ 3.375, 14, 4, 12.25 ],
        "texture" : "#voxels_atlas"
      },
      "down" : {
        "uv" : [ 4, 12.25, 4.625, 14 ],
        "texture" : "#voxels_atlas"
      }
    }
  }, {
    "from" : [ 7.875, 8.375, 14.75 ],
    "to" : [ 8.5, 8.75, 15.125 ],
    "faces" : {
      "north" : {
        "uv" : [ 6.375, 10.375, 5.75, 10.75 ],
        "texture" : "#voxels_atlas"
      },
      "east" : {
        "uv" : [ 6, 6.25, 5.625, 6.625 ],
        "texture" : "#voxels_atlas"
      },
      "south" : {
        "uv" : [ 5.125, 10.375, 5.75, 10.75 ],
        "texture" : "#voxels_atlas"
      },
      "west" : {
        "uv" : [ 11.125, 10, 11.5, 10.375 ],
        "texture" : "#voxels_atlas"
      },
      "up" : {
        "uv" : [ 6.375, 10.75, 7, 10.375 ],
        "texture" : "#voxels_atlas"
      },
      "down" : {
        "uv" : [ 7, 10.375, 7.625, 10.75 ],
        "texture" : "#voxels_atlas"
      }
    }
  }, {
    "from" : [ 7.875, 8.5, 14.375 ],
    "to" : [ 8.5, 8.875, 14.75 ],
    "faces" : {
      "north" : {
        "uv" : [ 13.625, 11, 13, 11.375 ],
        "texture" : "#voxels_atlas"
      },
      "east" : {
        "uv" : [ 14.125, 10, 13.75, 10.375 ],
        "texture" : "#voxels_atlas"
      },
      "south" : {
        "uv" : [ 12.375, 11, 13, 11.375 ],
        "texture" : "#voxels_atlas"
      },
      "west" : {
        "uv" : [ 14.125, 10, 14.5, 10.375 ],
        "texture" : "#voxels_atlas"
      },
      "up" : {
        "uv" : [ 14, 11.375, 14.625, 11 ],
        "texture" : "#voxels_atlas"
      },
      "down" : {
        "uv" : [ 14.625, 11, 15.25, 11.375 ],
        "texture" : "#voxels_atlas"
      }
    }
  }, {
    "from" : [ 7.875, 8.625, 14 ],
    "to" : [ 8.5, 9, 14.375 ],
    "faces" : {
      "north" : {
        "uv" : [ 11.125, 11, 10.5, 11.375 ],
        "texture" : "#voxels_atlas"
      },
      "east" : {
        "uv" : [ 15.625, 10, 15.25, 10.375 ],
        "texture" : "#voxels_atlas"
      },
      "south" : {
        "uv" : [ 15.25, 11, 15.875, 11.375 ],
        "texture" : "#voxels_atlas"
      },
      "west" : {
        "uv" : [ 5.625, 4.75, 6, 5.125 ],
        "texture" : "#voxels_atlas"
      },
      "up" : {
        "uv" : [ 11.125, 11.375, 11.75, 11 ],
        "texture" : "#voxels_atlas"
      },
      "down" : {
        "uv" : [ 11.75, 11, 12.375, 11.375 ],
        "texture" : "#voxels_atlas"
      }
    }
  }, {
    "from" : [ 7.875, 8.75, 13.625 ],
    "to" : [ 8.5, 9.125, 14 ],
    "faces" : {
      "north" : {
        "uv" : [ 13.875, 10.375, 13.25, 10.75 ],
        "texture" : "#voxels_atlas"
      },
      "east" : {
        "uv" : [ 3.375, 0, 3, 0.375 ],
        "texture" : "#voxels_atlas"
      },
      "south" : {
        "uv" : [ 9.875, 11, 10.5, 11.375 ],
        "texture" : "#voxels_atlas"
      },
      "west" : {
        "uv" : [ 12.625, 10, 13, 10.375 ],
        "texture" : "#voxels_atlas"
      },
      "up" : {
        "uv" : [ 3.75, 0.375, 4.375, 0 ],
        "texture" : "#voxels_atlas"
      },
      "down" : {
        "uv" : [ 9.25, 11, 9.875, 11.375 ],
        "texture" : "#voxels_atlas"
      }
    }
  }, {
    "from" : [ 7.875, 8.875, 6.5 ],
    "to" : [ 8.5, 10.875, 9.125 ],
    "faces" : {
      "north" : {
        "uv" : [ 10.875, 14, 10.25, 16 ],
        "texture" : "#voxels_atlas"
      },
      "east" : {
        "uv" : [ 5.25, 14, 2.625, 16 ],
        "texture" : "#voxels_atlas"
      },
      "south" : {
        "uv" : [ 10.875, 14, 11.5, 16 ],
        "texture" : "#voxels_atlas"
      },
      "west" : {
        "uv" : [ 0, 14, 2.625, 16 ],
        "texture" : "#voxels_atlas"
      },
      "up" : {
        "uv" : [ 0.75, 5.5, 1.375, 2.875 ],
        "texture" : "#voxels_atlas"
      },
      "down" : {
        "uv" : [ 0.75, 0.25, 1.375, 2.875 ],
        "texture" : "#voxels_atlas"
      }
    }
  }, {
    "from" : [ 7.875, 8.875, 13.25 ],
    "to" : [ 8.5, 9.25, 13.625 ],
    "faces" : {
      "north" : {
        "uv" : [ 15.75, 10.375, 15.125, 10.75 ],
        "texture" : "#voxels_atlas"
      },
      "east" : {
        "uv" : [ 10.75, 10, 10.375, 10.375 ],
        "texture" : "#voxels_atlas"
      },
      "south" : {
        "uv" : [ 14.5, 10.375, 15.125, 10.75 ],
        "texture" : "#voxels_atlas"
      },
      "west" : {
        "uv" : [ 10.75, 10, 11.125, 10.375 ],
        "texture" : "#voxels_atlas"
      },
      "up" : {
        "uv" : [ 5.5, 10.375, 6.125, 10 ],
        "texture" : "#voxels_atlas"
      },
      "down" : {
        "uv" : [ 6.125, 10, 6.75, 10.375 ],
        "texture" : "#voxels_atlas"
      }
    }
  }, {
    "from" : [ 7.875, 9, 12.875 ],
    "to" : [ 8.5, 9.25, 13.25 ],
    "faces" : {
      "north" : {
        "uv" : [ 7.5, 12.25, 6.875, 12.5 ],
        "texture" : "#voxels_atlas"
      },
      "east" : {
        "uv" : [ 6, 0.75, 5.625, 1 ],
        "texture" : "#voxels_atlas"
      },
      "south" : {
        "uv" : [ 7.5, 12.25, 8.125, 12.5 ],
        "texture" : "#voxels_atlas"
      },
      "west" : {
        "uv" : [ 5.625, 0.5, 6, 0.75 ],
        "texture" : "#voxels_atlas"
      },
      "up" : {
        "uv" : [ 12, 10.75, 12.625, 10.375 ],
        "texture" : "#voxels_atlas"
      },
      "down" : {
        "uv" : [ 12.625, 10.375, 13.25, 10.75 ],
        "texture" : "#voxels_atlas"
      }
    }
  }, {
    "from" : [ 7.875, 9.125, 12.5 ],
    "to" : [ 8.5, 9.375, 12.875 ],
    "faces" : {
      "north" : {
        "uv" : [ 8.75, 12.25, 8.125, 12.5 ],
        "texture" : "#voxels_atlas"
      },
      "east" : {
        "uv" : [ 6, 2.5, 5.625, 2.75 ],
        "texture" : "#voxels_atlas"
      },
      "south" : {
        "uv" : [ 15.375, 12.25, 16, 12.5 ],
        "texture" : "#voxels_atlas"
      },
      "west" : {
        "uv" : [ 5.625, 2.25, 6, 2.5 ],
        "texture" : "#voxels_atlas"
      },
      "up" : {
        "uv" : [ 11.375, 10.75, 12, 10.375 ],
        "texture" : "#voxels_atlas"
      },
      "down" : {
        "uv" : [ 13.875, 10.375, 14.5, 10.75 ],
        "texture" : "#voxels_atlas"
      }
    }
  }, {
    "from" : [ 7.875, 9.25, 9.125 ],
    "to" : [ 8.5, 11.125, 9.25 ],
    "faces" : {
      "north" : {
        "uv" : [ 12.125, 14.125, 11.5, 16 ],
        "texture" : "#voxels_atlas"
      },
      "east" : {
        "uv" : [ 5.25, 3.5, 5.125, 5.375 ],
        "texture" : "#voxels_atlas"
      },
      "south" : {
        "uv" : [ 12.125, 14.125, 12.75, 16 ],
        "texture" : "#voxels_atlas"
      },
      "west" : {
        "uv" : [ 5.25, 3.5, 5.375, 5.375 ],
        "texture" : "#voxels_atlas"
      },
      "up" : {
        "uv" : [ 13.25, 11.5, 13.875, 11.375 ],
        "texture" : "#voxels_atlas"
      },
      "down" : {
        "uv" : [ 13.875, 11.375, 14.5, 11.5 ],
        "texture" : "#voxels_atlas"
      }
    }
  }, {
    "from" : [ 7.875, 9.25, 12.125 ],
    "to" : [ 8.5, 9.5, 12.5 ],
    "faces" : {
      "north" : {
        "uv" : [ 12, 11.5, 11.375, 11.75 ],
        "texture" : "#voxels_atlas"
      },
      "east" : {
        "uv" : [ 6, 3, 5.625, 3.25 ],
        "texture" : "#voxels_atlas"
      },
      "south" : {
        "uv" : [ 12.375, 11.5, 13, 11.75 ],
        "texture" : "#voxels_atlas"
      },
      "west" : {
        "uv" : [ 5.625, 2.75, 6, 3 ],
        "texture" : "#voxels_atlas"
      },
      "up" : {
        "uv" : [ 10.75, 10.75, 11.375, 10.375 ],
        "texture" : "#voxels_atlas"
      },
      "down" : {
        "uv" : [ 8.875, 10.375, 9.5, 10.75 ],
        "texture" : "#voxels_atlas"
      }
    }
  }, {
    "from" : [ 7.875, 9.375, 4 ],
    "to" : [ 8.5, 10.875, 4.75 ],
    "faces" : {
      "north" : {
        "uv" : [ 8.125, 12.5, 7.5, 14 ],
        "texture" : "#voxels_atlas"
      },
      "east" : {
        "uv" : [ 14.25, 14.5, 13.5, 16 ],
        "texture" : "#voxels_atlas"
      },
      "south" : {
        "uv" : [ 8.125, 12.5, 8.75, 14 ],
        "texture" : "#voxels_atlas"
      },
      "west" : {
        "uv" : [ 12.75, 14.5, 13.5, 16 ],
        "texture" : "#voxels_atlas"
      },
      "up" : {
        "uv" : [ 3.75, 7.5, 4.375, 6.75 ],
        "texture" : "#voxels_atlas"
      },
      "down" : {
        "uv" : [ 3.75, 2.25, 4.375, 3 ],
        "texture" : "#voxels_atlas"
      }
    }
  }, {
    "from" : [ 7.875, 9.35, 9.25 ],
    "to" : [ 8.5, 11.125, 10 ],
    "faces" : {
      "north" : {
        "uv" : [ 15.5, 14.25, 14.875, 16 ],
        "texture" : "#voxels_atlas"
      },
      "east" : {
        "uv" : [ 9.5, 14.25, 8.75, 16 ],
        "texture" : "#voxels_atlas"
      },
      "south" : {
        "uv" : [ 14.25, 14.25, 14.875, 16 ],
        "texture" : "#voxels_atlas"
      },
      "west" : {
        "uv" : [ 9.5, 14.25, 10.25, 16 ],
        "texture" : "#voxels_atlas"
      },
      "up" : {
        "uv" : [ 3.75, 4.5, 4.375, 3.75 ],
        "texture" : "#voxels_atlas"
      },
      "down" : {
        "uv" : [ 12.625, 12.25, 13.25, 13 ],
        "texture" : "#voxels_atlas"
      }
    }
  }, {
    "from" : [ 7.875, 9.375, 10 ],
    "to" : [ 8.5, 11, 10.375 ],
    "faces" : {
      "north" : {
        "uv" : [ 5.875, 12.375, 5.25, 14 ],
        "texture" : "#voxels_atlas"
      },
      "east" : {
        "uv" : [ 15, 12.375, 14.625, 14 ],
        "texture" : "#voxels_atlas"
      },
      "south" : {
        "uv" : [ 4.625, 12.375, 5.25, 14 ],
        "texture" : "#voxels_atlas"
      },
      "west" : {
        "uv" : [ 15, 12.375, 15.375, 14 ],
        "texture" : "#voxels_atlas"
      },
      "up" : {
        "uv" : [ 9.5, 10.75, 10.125, 10.375 ],
        "texture" : "#voxels_atlas"
      },
      "down" : {
        "uv" : [ 10.125, 10.375, 10.75, 10.75 ],
        "texture" : "#voxels_atlas"
      }
    }
  }, {
    "from" : [ 7.875, 9.375, 10.375 ],
    "to" : [ 8.5, 10.875, 10.75 ],
    "faces" : {
      "north" : {
        "uv" : [ 7.5, 12.5, 6.875, 14 ],
        "texture" : "#voxels_atlas"
      },
      "east" : {
        "uv" : [ 3.75, 5.5, 3.375, 7 ],
        "texture" : "#voxels_atlas"
      },
      "south" : {
        "uv" : [ 2.375, 0, 3, 1.5 ],
        "texture" : "#voxels_atlas"
      },
      "west" : {
        "uv" : [ 3.375, 4, 3.75, 5.5 ],
        "texture" : "#voxels_atlas"
      },
      "up" : {
        "uv" : [ 8.25, 10.75, 8.875, 10.375 ],
        "texture" : "#voxels_atlas"
      },
      "down" : {
        "uv" : [ 7.625, 10.375, 8.25, 10.75 ],
        "texture" : "#voxels_atlas"
      }
    }
  }, {
    "from" : [ 7.875, 9.375, 11.75 ],
    "to" : [ 8.5, 10.5, 11.875 ],
    "faces" : {
      "north" : {
        "uv" : [ 2.375, 0.125, 1.75, 1.25 ],
        "texture" : "#voxels_atlas"
      },
      "east" : {
        "uv" : [ 5.625, 5.125, 5.5, 6.25 ],
        "texture" : "#voxels_atlas"
      },
      "south" : {
        "uv" : [ 8.75, 12.875, 9.375, 14 ],
        "texture" : "#voxels_atlas"
      },
      "west" : {
        "uv" : [ 5.5, 4, 5.625, 5.125 ],
        "texture" : "#voxels_atlas"
      },
      "up" : {
        "uv" : [ 11.5, 14.125, 12.125, 14 ],
        "texture" : "#voxels_atlas"
      },
      "down" : {
        "uv" : [ 5.25, 12.25, 5.875, 12.375 ],
        "texture" : "#voxels_atlas"
      }
    }
  }, {
    "from" : [ 7.875, 9.375, 11.875 ],
    "to" : [ 8.5, 9.625, 12.125 ],
    "faces" : {
      "north" : {
        "uv" : [ 9.875, 10.75, 9.25, 11 ],
        "texture" : "#voxels_atlas"
      },
      "east" : {
        "uv" : [ 8.75, 9.75, 8.5, 10 ],
        "texture" : "#voxels_atlas"
      },
      "south" : {
        "uv" : [ 9.875, 10.75, 10.5, 11 ],
        "texture" : "#voxels_atlas"
      },
      "west" : {
        "uv" : [ 8.25, 9.75, 8.5, 10 ],
        "texture" : "#voxels_atlas"
      },
      "up" : {
        "uv" : [ 14.375, 11.75, 15, 11.5 ],
        "texture" : "#voxels_atlas"
      },
      "down" : {
        "uv" : [ 13.375, 11.5, 14, 11.75 ],
        "texture" : "#voxels_atlas"
      }
    }
  }, {
    "from" : [ 7.875, 9.5, 10.75 ],
    "to" : [ 8.5, 10.5, 11.75 ],
    "faces" : {
      "north" : {
        "uv" : [ 12.125, 12.25, 11.5, 13.25 ],
        "texture" : "#voxels_atlas"
      },
      "east" : {
        "uv" : [ 8.625, 14.25, 7.625, 15.25 ],
        "texture" : "#voxels_atlas"
      },
      "south" : {
        "uv" : [ 10.875, 12.25, 11.5, 13.25 ],
        "texture" : "#voxels_atlas"
      },
      "west" : {
        "uv" : [ 5.875, 13, 6.875, 14 ],
        "texture" : "#voxels_atlas"
      },
      "up" : {
        "uv" : [ 13.25, 14, 13.875, 13 ],
        "texture" : "#voxels_atlas"
      },
      "down" : {
        "uv" : [ 12.625, 13, 13.25, 14 ],
        "texture" : "#voxels_atlas"
      }
    }
  }, {
    "from" : [ 7.875, 9.75, 1 ],
    "to" : [ 8.5, 10.5, 1.625 ],
    "faces" : {
      "north" : {
        "uv" : [ 4.375, 11.375, 3.75, 12.125 ],
        "texture" : "#voxels_atlas"
      },
      "east" : {
        "uv" : [ 13.875, 12.25, 13.25, 13 ],
        "texture" : "#voxels_atlas"
      },
      "south" : {
        "uv" : [ 3.75, 3, 4.375, 3.75 ],
        "texture" : "#voxels_atlas"
      },
      "west" : {
        "uv" : [ 5.875, 12.25, 6.5, 13 ],
        "texture" : "#voxels_atlas"
      },
      "up" : {
        "uv" : [ 7.625, 12.125, 8.25, 11.5 ],
        "texture" : "#voxels_atlas"
      },
      "down" : {
        "uv" : [ 8.25, 11.5, 8.875, 12.125 ],
        "texture" : "#voxels_atlas"
      }
    }
  }, {
    "from" : [ 7.875, 9.75, 1.625 ],
    "to" : [ 8.5, 10.25, 4 ],
    "faces" : {
      "north" : {
        "uv" : [ 9.25, 10.875, 8.625, 11.375 ],
        "texture" : "#voxels_atlas"
      },
      "east" : {
        "uv" : [ 7.625, 14.75, 5.25, 15.25 ],
        "texture" : "#voxels_atlas"
      },
      "south" : {
        "uv" : [ 15.375, 11.625, 16, 12.125 ],
        "texture" : "#voxels_atlas"
      },
      "west" : {
        "uv" : [ 5.25, 14.25, 7.625, 14.75 ],
        "texture" : "#voxels_atlas"
      },
      "up" : {
        "uv" : [ 2.375, 11.625, 3, 9.25 ],
        "texture" : "#voxels_atlas"
      },
      "down" : {
        "uv" : [ 2.375, 11.625, 3, 14 ],
        "texture" : "#voxels_atlas"
      }
    }
  }, {
    "from" : [ 7.875, 10.125, 11.875 ],
    "to" : [ 8.5, 10.5, 15.375 ],
    "faces" : {
      "north" : {
        "uv" : [ 7.375, 10, 6.75, 10.375 ],
        "texture" : "#voxels_atlas"
      },
      "east" : {
        "uv" : [ 8.75, 15.625, 5.25, 16 ],
        "texture" : "#voxels_atlas"
      },
      "south" : {
        "uv" : [ 7.375, 10, 8, 10.375 ],
        "texture" : "#voxels_atlas"
      },
      "west" : {
        "uv" : [ 5.25, 15.25, 8.75, 15.625 ],
        "texture" : "#voxels_atlas"
      },
      "up" : {
        "uv" : [ 0, 9, 0.625, 5.5 ],
        "texture" : "#voxels_atlas"
      },
      "down" : {
        "uv" : [ 0.625, 5.5, 1.25, 9 ],
        "texture" : "#voxels_atlas"
      }
    }
  }, {
    "from" : [ 7.875, 10.25, 2.375 ],
    "to" : [ 8.5, 10.5, 3 ],
    "faces" : {
      "north" : {
        "uv" : [ 11.125, 10.75, 10.5, 11 ],
        "texture" : "#voxels_atlas"
      },
      "east" : {
        "uv" : [ 13, 10.75, 12.375, 11 ],
        "texture" : "#voxels_atlas"
      },
      "south" : {
        "uv" : [ 11.125, 10.75, 11.75, 11 ],
        "texture" : "#voxels_atlas"
      },
      "west" : {
        "uv" : [ 11.75, 10.75, 12.375, 11 ],
        "texture" : "#voxels_atlas"
      },
      "up" : {
        "uv" : [ 10.75, 12.125, 11.375, 11.5 ],
        "texture" : "#voxels_atlas"
      },
      "down" : {
        "uv" : [ 10.125, 11.5, 10.75, 12.125 ],
        "texture" : "#voxels_atlas"
      }
    }
  }, {
    "from" : [ 7.875, 10.25, 3.75 ],
    "to" : [ 8.5, 10.5, 4 ],
    "faces" : {
      "north" : {
        "uv" : [ 15.25, 10.75, 14.625, 11 ],
        "texture" : "#voxels_atlas"
      },
      "east" : {
        "uv" : [ 7.25, 9.75, 7, 10 ],
        "texture" : "#voxels_atlas"
      },
      "south" : {
        "uv" : [ 15.25, 10.75, 15.875, 11 ],
        "texture" : "#voxels_atlas"
      },
      "west" : {
        "uv" : [ 10.75, 9.75, 11, 10 ],
        "texture" : "#voxels_atlas"
      },
      "up" : {
        "uv" : [ 14, 11, 14.625, 10.75 ],
        "texture" : "#voxels_atlas"
      },
      "down" : {
        "uv" : [ 13, 10.75, 13.625, 11 ],
        "texture" : "#voxels_atlas"
      }
    }
  }, {
    "from" : [ 7.875, 10.375, 1.625 ],
    "to" : [ 8.5, 10.5, 2.375 ],
    "faces" : {
      "north" : {
        "uv" : [ 12.75, 14, 12.125, 14.125 ],
        "texture" : "#voxels_atlas"
      },
      "east" : {
        "uv" : [ 7.5, 11.5, 6.75, 11.625 ],
        "texture" : "#voxels_atlas"
      },
      "south" : {
        "uv" : [ 1.75, 0, 2.375, 0.125 ],
        "texture" : "#voxels_atlas"
      },
      "west" : {
        "uv" : [ 12.5, 11.375, 13.25, 11.5 ],
        "texture" : "#voxels_atlas"
      },
      "up" : {
        "uv" : [ 3.75, 10.125, 4.375, 9.375 ],
        "texture" : "#voxels_atlas"
      },
      "down" : {
        "uv" : [ 3.75, 6, 4.375, 6.75 ],
        "texture" : "#voxels_atlas"
      }
    }
  }, {
    "from" : [ 7.875, 10.375, 3 ],
    "to" : [ 8.5, 10.5, 3.75 ],
    "faces" : {
      "north" : {
        "uv" : [ 5.25, 12.25, 4.625, 12.375 ],
        "texture" : "#voxels_atlas"
      },
      "east" : {
        "uv" : [ 16, 12.125, 15.25, 12.25 ],
        "texture" : "#voxels_atlas"
      },
      "south" : {
        "uv" : [ 15.375, 11.5, 16, 11.625 ],
        "texture" : "#voxels_atlas"
      },
      "west" : {
        "uv" : [ 5.875, 11.5, 6.625, 11.625 ],
        "texture" : "#voxels_atlas"
      },
      "up" : {
        "uv" : [ 3.75, 6, 4.375, 5.25 ],
        "texture" : "#voxels_atlas"
      },
      "down" : {
        "uv" : [ 3.75, 4.5, 4.375, 5.25 ],
        "texture" : "#voxels_atlas"
      }
    }
  }, {
    "from" : [ 7.875, 10.875, 8.875 ],
    "to" : [ 8.5, 11.125, 9.125 ],
    "faces" : {
      "north" : {
        "uv" : [ 9.25, 10.125, 8.625, 10.375 ],
        "texture" : "#voxels_atlas"
      },
      "east" : {
        "uv" : [ 6.75, 9.75, 6.5, 10 ],
        "texture" : "#voxels_atlas"
      },
      "south" : {
        "uv" : [ 7.625, 14, 8.25, 14.25 ],
        "texture" : "#voxels_atlas"
      },
      "west" : {
        "uv" : [ 6.75, 9.75, 7, 10 ],
        "texture" : "#voxels_atlas"
      },
      "up" : {
        "uv" : [ 8.75, 14.25, 9.375, 14 ],
        "texture" : "#voxels_atlas"
      },
      "down" : {
        "uv" : [ 8, 10.125, 8.625, 10.375 ],
        "texture" : "#voxels_atlas"
      }
    }
  }, {
    "from" : [ 7.875, 11.125, 8.875 ],
    "to" : [ 8.125, 11.375, 9.125 ],
    "faces" : {
      "north" : {
        "uv" : [ 8.25, 9.75, 8, 10 ],
        "texture" : "#voxels_atlas"
      },
      "east" : {
        "uv" : [ 7.75, 9.75, 7.5, 10 ],
        "texture" : "#voxels_atlas"
      },
      "south" : {
        "uv" : [ 7.25, 9.75, 7.5, 10 ],
        "texture" : "#voxels_atlas"
      },
      "west" : {
        "uv" : [ 7.75, 9.75, 8, 10 ],
        "texture" : "#voxels_atlas"
      },
      "up" : {
        "uv" : [ 8.75, 10, 9, 9.75 ],
        "texture" : "#voxels_atlas"
      },
      "down" : {
        "uv" : [ 9, 9.75, 9.25, 10 ],
        "texture" : "#voxels_atlas"
      }
    }
  }, {
    "from" : [ 7.875, 11.125, 9.125 ],
    "to" : [ 8.125, 11.25, 9.5 ],
    "faces" : {
      "north" : {
        "uv" : [ 16, 12.5, 15.75, 12.625 ],
        "texture" : "#voxels_atlas"
      },
      "east" : {
        "uv" : [ 9, 10, 8.625, 10.125 ],
        "texture" : "#voxels_atlas"
      },
      "south" : {
        "uv" : [ 2.75, 1.5, 3, 1.625 ],
        "texture" : "#voxels_atlas"
      },
      "west" : {
        "uv" : [ 5.625, 0, 6, 0.125 ],
        "texture" : "#voxels_atlas"
      },
      "up" : {
        "uv" : [ 5.625, 0.5, 5.875, 0.125 ],
        "texture" : "#voxels_atlas"
      },
      "down" : {
        "uv" : [ 6, 9.375, 6.25, 9.75 ],
        "texture" : "#voxels_atlas"
      }
    }
  }, {
    "from" : [ 7.875, 11.125, 9.5 ],
    "to" : [ 8, 11.25, 9.625 ],
    "faces" : {
      "north" : {
        "uv" : [ 9.125, 10.75, 9, 10.875 ],
        "texture" : "#voxels_atlas"
      },
      "east" : {
        "uv" : [ 7.625, 11.5, 7.5, 11.625 ],
        "texture" : "#voxels_atlas"
      },
      "south" : {
        "uv" : [ 5, 1.125, 5.125, 1.25 ],
        "texture" : "#voxels_atlas"
      },
      "west" : {
        "uv" : [ 5, 1.25, 5.125, 1.375 ],
        "texture" : "#voxels_atlas"
      },
      "up" : {
        "uv" : [ 9.125, 10.875, 9.25, 10.75 ],
        "texture" : "#voxels_atlas"
      },
      "down" : {
        "uv" : [ 15.875, 10.875, 16, 11 ],
        "texture" : "#voxels_atlas"
      }
    }
  }, {
    "from" : [ 7.875, 11.25, 9.125 ],
    "to" : [ 8, 11.375, 9.25 ],
    "faces" : {
      "north" : {
        "uv" : [ 7.625, 14, 7.5, 14.125 ],
        "texture" : "#voxels_atlas"
      },
      "east" : {
        "uv" : [ 8.625, 10, 8.5, 10.125 ],
        "texture" : "#voxels_atlas"
      },
      "south" : {
        "uv" : [ 7.5, 14.125, 7.625, 14.25 ],
        "texture" : "#voxels_atlas"
      },
      "west" : {
        "uv" : [ 9, 10, 9.125, 10.125 ],
        "texture" : "#voxels_atlas"
      },
      "up" : {
        "uv" : [ 8.625, 14.375, 8.75, 14.25 ],
        "texture" : "#voxels_atlas"
      },
      "down" : {
        "uv" : [ 1.625, 5.5, 1.75, 5.625 ],
        "texture" : "#voxels_atlas"
      }
    }
  }, {
    "from" : [ 8, 4.625, 4 ],
    "to" : [ 8.375, 5, 5 ],
    "faces" : {
      "north" : {
        "uv" : [ 10.375, 10, 10, 10.375 ],
        "texture" : "#voxels_atlas"
      },
      "east" : {
        "uv" : [ 13.375, 11.75, 12.375, 12.125 ],
        "texture" : "#voxels_atlas"
      },
      "south" : {
        "uv" : [ 11.5, 10, 11.875, 10.375 ],
        "texture" : "#voxels_atlas"
      },
      "west" : {
        "uv" : [ 11.375, 11.75, 12.375, 12.125 ],
        "texture" : "#voxels_atlas"
      },
      "up" : {
        "uv" : [ 12.125, 13.25, 12.5, 12.25 ],
        "texture" : "#voxels_atlas"
      },
      "down" : {
        "uv" : [ 4.375, 8.25, 4.75, 9.25 ],
        "texture" : "#voxels_atlas"
      }
    }
  }, {
    "from" : [ 8, 5, 4.125 ],
    "to" : [ 8.375, 5.5, 5 ],
    "faces" : {
      "north" : {
        "uv" : [ 1.75, 0, 1.375, 0.5 ],
        "texture" : "#voxels_atlas"
      },
      "east" : {
        "uv" : [ 6.75, 11.625, 5.875, 12.125 ],
        "texture" : "#voxels_atlas"
      },
      "south" : {
        "uv" : [ 1.25, 5.5, 1.625, 6 ],
        "texture" : "#voxels_atlas"
      },
      "west" : {
        "uv" : [ 6.75, 11.625, 7.625, 12.125 ],
        "texture" : "#voxels_atlas"
      },
      "up" : {
        "uv" : [ 4.75, 10.5, 5.125, 9.625 ],
        "texture" : "#voxels_atlas"
      },
      "down" : {
        "uv" : [ 4.75, 8.75, 5.125, 9.625 ],
        "texture" : "#voxels_atlas"
      }
    }
  }, {
    "from" : [ 8, 5.375, 5 ],
    "to" : [ 8.375, 8.375, 5.125 ],
    "faces" : {
      "north" : {
        "uv" : [ 2.75, 1.5, 2.375, 4.5 ],
        "texture" : "#voxels_atlas"
      },
      "east" : {
        "uv" : [ 4.5, 3.25, 4.375, 6.25 ],
        "texture" : "#voxels_atlas"
      },
      "south" : {
        "uv" : [ 3, 11, 3.375, 14 ],
        "texture" : "#voxels_atlas"
      },
      "west" : {
        "uv" : [ 2.25, 6, 2.375, 9 ],
        "texture" : "#voxels_atlas"
      },
      "up" : {
        "uv" : [ 13.625, 9.875, 14, 9.75 ],
        "texture" : "#voxels_atlas"
      },
      "down" : {
        "uv" : [ 14.75, 9.875, 15.125, 10 ],
        "texture" : "#voxels_atlas"
      }
    }
  }, {
    "from" : [ 8, 5.5, 4.25 ],
    "to" : [ 8.375, 6.125, 5 ],
    "faces" : {
      "north" : {
        "uv" : [ 0.375, 0, 0, 0.625 ],
        "texture" : "#voxels_atlas"
      },
      "east" : {
        "uv" : [ 5.125, 11.5, 4.375, 12.125 ],
        "texture" : "#voxels_atlas"
      },
      "south" : {
        "uv" : [ 0.375, 0, 0.75, 0.625 ],
        "texture" : "#voxels_atlas"
      },
      "west" : {
        "uv" : [ 5.125, 11.5, 5.875, 12.125 ],
        "texture" : "#voxels_atlas"
      },
      "up" : {
        "uv" : [ 4.75, 5.5, 5.125, 4.75 ],
        "texture" : "#voxels_atlas"
      },
      "down" : {
        "uv" : [ 4.75, 5.5, 5.125, 6.25 ],
        "texture" : "#voxels_atlas"
      }
    }
  }, {
    "from" : [ 8, 6, 5.125 ],
    "to" : [ 8.375, 8.375, 5.25 ],
    "faces" : {
      "north" : {
        "uv" : [ 1.75, 0.5, 1.375, 2.875 ],
        "texture" : "#voxels_atlas"
      },
      "east" : {
        "uv" : [ 3, 6.875, 2.875, 9.25 ],
        "texture" : "#voxels_atlas"
      },
      "south" : {
        "uv" : [ 1.375, 3.125, 1.75, 5.5 ],
        "texture" : "#voxels_atlas"
      },
      "west" : {
        "uv" : [ 2.875, 4.5, 3, 6.875 ],
        "texture" : "#voxels_atlas"
      },
      "up" : {
        "uv" : [ 11, 10, 11.375, 9.875 ],
        "texture" : "#voxels_atlas"
      },
      "down" : {
        "uv" : [ 11, 9.75, 11.375, 9.875 ],
        "texture" : "#voxels_atlas"
      }
    }
  }, {
    "from" : [ 8, 6.125, 4.375 ],
    "to" : [ 8.375, 6.75, 5 ],
    "faces" : {
      "north" : {
        "uv" : [ 5.5, 9.75, 5.125, 10.375 ],
        "texture" : "#voxels_atlas"
      },
      "east" : {
        "uv" : [ 9.5, 11.5, 8.875, 12.125 ],
        "texture" : "#voxels_atlas"
      },
      "south" : {
        "uv" : [ 5.125, 9.125, 5.5, 9.75 ],
        "texture" : "#voxels_atlas"
      },
      "west" : {
        "uv" : [ 9.5, 11.5, 10.125, 12.125 ],
        "texture" : "#voxels_atlas"
      },
      "up" : {
        "uv" : [ 5.125, 1.625, 5.5, 1 ],
        "texture" : "#voxels_atlas"
      },
      "down" : {
        "uv" : [ 5.125, 8.5, 5.5, 9.125 ],
        "texture" : "#voxels_atlas"
      }
    }
  }, {
    "from" : [ 8, 6.5, 5.25 ],
    "to" : [ 8.375, 8.375, 5.375 ],
    "faces" : {
      "north" : {
        "uv" : [ 3.375, 0.375, 3, 2.25 ],
        "texture" : "#voxels_atlas"
      },
      "east" : {
        "uv" : [ 16, 14.125, 15.875, 16 ],
        "texture" : "#voxels_atlas"
      },
      "south" : {
        "uv" : [ 15.5, 14.125, 15.875, 16 ],
        "texture" : "#voxels_atlas"
      },
      "west" : {
        "uv" : [ 5, 1.375, 5.125, 3.25 ],
        "texture" : "#voxels_atlas"
      },
      "up" : {
        "uv" : [ 15, 12.375, 15.375, 12.25 ],
        "texture" : "#voxels_atlas"
      },
      "down" : {
        "uv" : [ 14.625, 12.25, 15, 12.375 ],
        "texture" : "#voxels_atlas"
      }
    }
  }, {
    "from" : [ 8, 6.75, 4.5 ],
    "to" : [ 8.375, 7.375, 5 ],
    "faces" : {
      "north" : {
        "uv" : [ 5.5, 6, 5.125, 6.625 ],
        "texture" : "#voxels_atlas"
      },
      "east" : {
        "uv" : [ 5.625, 10.75, 5.125, 11.375 ],
        "texture" : "#voxels_atlas"
      },
      "south" : {
        "uv" : [ 5.125, 6.625, 5.5, 7.25 ],
        "texture" : "#voxels_atlas"
      },
      "west" : {
        "uv" : [ 5.625, 10.75, 6.125, 11.375 ],
        "texture" : "#voxels_atlas"
      },
      "up" : {
        "uv" : [ 5.625, 9.5, 6, 9 ],
        "texture" : "#voxels_atlas"
      },
      "down" : {
        "uv" : [ 5.625, 8.5, 6, 9 ],
        "texture" : "#voxels_atlas"
      }
    }
  }, {
    "from" : [ 8, 6.75, 9 ],
    "to" : [ 8.375, 8.875, 9.125 ],
    "faces" : {
      "north" : {
        "uv" : [ 3.375, 4.375, 3, 6.5 ],
        "texture" : "#voxels_atlas"
      },
      "east" : {
        "uv" : [ 4.875, 1.125, 4.75, 3.25 ],
        "texture" : "#voxels_atlas"
      },
      "south" : {
        "uv" : [ 3, 2.25, 3.375, 4.375 ],
        "texture" : "#voxels_atlas"
      },
      "west" : {
        "uv" : [ 4.875, 1.125, 5, 3.25 ],
        "texture" : "#voxels_atlas"
      },
      "up" : {
        "uv" : [ 8, 10.125, 8.375, 10 ],
        "texture" : "#voxels_atlas"
      },
      "down" : {
        "uv" : [ 8.625, 10.75, 9, 10.875 ],
        "texture" : "#voxels_atlas"
      }
    }
  }, {
    "from" : [ 8, 6.75, 9.125 ],
    "to" : [ 8.375, 8.375, 9.25 ],
    "faces" : {
      "north" : {
        "uv" : [ 14.25, 12.375, 13.875, 14 ],
        "texture" : "#voxels_atlas"
      },
      "east" : {
        "uv" : [ 4.75, 3.25, 4.625, 4.875 ],
        "texture" : "#voxels_atlas"
      },
      "south" : {
        "uv" : [ 14.25, 12.375, 14.625, 14 ],
        "texture" : "#voxels_atlas"
      },
      "west" : {
        "uv" : [ 4.5, 3.25, 4.625, 4.875 ],
        "texture" : "#voxels_atlas"
      },
      "up" : {
        "uv" : [ 11.375, 9.875, 11.75, 9.75 ],
        "texture" : "#voxels_atlas"
      },
      "down" : {
        "uv" : [ 11.375, 9.875, 11.75, 10 ],
        "texture" : "#voxels_atlas"
      }
    }
  }, {
    "from" : [ 8, 6.75, 9.25 ],
    "to" : [ 8.375, 8.25, 9.375 ],
    "faces" : {
      "north" : {
        "uv" : [ 15.75, 12.5, 15.375, 14 ],
        "texture" : "#voxels_atlas"
      },
      "east" : {
        "uv" : [ 5.5, 3.875, 5.375, 5.375 ],
        "texture" : "#voxels_atlas"
      },
      "south" : {
        "uv" : [ 3.375, 7, 3.75, 8.5 ],
        "texture" : "#voxels_atlas"
      },
      "west" : {
        "uv" : [ 5.5, 8.5, 5.625, 10 ],
        "texture" : "#voxels_atlas"
      },
      "up" : {
        "uv" : [ 14.25, 12.375, 14.625, 12.25 ],
        "texture" : "#voxels_atlas"
      },
      "down" : {
        "uv" : [ 13.875, 12.25, 14.25, 12.375 ],
        "texture" : "#voxels_atlas"
      }
    }
  }, {
    "from" : [ 8, 6.75, 9.375 ],
    "to" : [ 8.375, 8, 9.5 ],
    "faces" : {
      "north" : {
        "uv" : [ 4.125, 10.125, 3.75, 11.375 ],
        "texture" : "#voxels_atlas"
      },
      "east" : {
        "uv" : [ 4.375, 10.125, 4.25, 11.375 ],
        "texture" : "#voxels_atlas"
      },
      "south" : {
        "uv" : [ 4, 8.125, 4.375, 9.375 ],
        "texture" : "#voxels_atlas"
      },
      "west" : {
        "uv" : [ 4.125, 10.125, 4.25, 11.375 ],
        "texture" : "#voxels_atlas"
      },
      "up" : {
        "uv" : [ 6.75, 10.875, 7.125, 10.75 ],
        "texture" : "#voxels_atlas"
      },
      "down" : {
        "uv" : [ 6.125, 10.75, 6.5, 10.875 ],
        "texture" : "#voxels_atlas"
      }
    }
  }, {
    "from" : [ 8, 6.75, 9.5 ],
    "to" : [ 8.375, 7.875, 9.625 ],
    "faces" : {
      "north" : {
        "uv" : [ 4.75, 10.375, 4.375, 11.5 ],
        "texture" : "#voxels_atlas"
      },
      "east" : {
        "uv" : [ 5.625, 6.25, 5.5, 7.375 ],
        "texture" : "#voxels_atlas"
      },
      "south" : {
        "uv" : [ 4.375, 9.25, 4.75, 10.375 ],
        "texture" : "#voxels_atlas"
      },
      "west" : {
        "uv" : [ 5.5, 7.375, 5.625, 8.5 ],
        "texture" : "#voxels_atlas"
      },
      "up" : {
        "uv" : [ 12.125, 9.875, 12.5, 9.75 ],
        "texture" : "#voxels_atlas"
      },
      "down" : {
        "uv" : [ 12.125, 9.875, 12.5, 10 ],
        "texture" : "#voxels_atlas"
      }
    }
  }, {
    "from" : [ 8, 6.875, 9.625 ],
    "to" : [ 8.375, 7.625, 9.75 ],
    "faces" : {
      "north" : {
        "uv" : [ 5.125, 6.25, 4.75, 7 ],
        "texture" : "#voxels_atlas"
      },
      "east" : {
        "uv" : [ 5.625, 2.5, 5.5, 3.25 ],
        "texture" : "#voxels_atlas"
      },
      "south" : {
        "uv" : [ 6.5, 12.25, 6.875, 13 ],
        "texture" : "#voxels_atlas"
      },
      "west" : {
        "uv" : [ 5.5, 3.25, 5.625, 4 ],
        "texture" : "#voxels_atlas"
      },
      "up" : {
        "uv" : [ 12.5, 9.875, 12.875, 9.75 ],
        "texture" : "#voxels_atlas"
      },
      "down" : {
        "uv" : [ 12.5, 9.875, 12.875, 10 ],
        "texture" : "#voxels_atlas"
      }
    }
  }, {
    "from" : [ 8, 6.875, 9.75 ],
    "to" : [ 8.375, 7.5, 9.875 ],
    "faces" : {
      "north" : {
        "uv" : [ 14, 10.75, 13.625, 11.375 ],
        "texture" : "#voxels_atlas"
      },
      "east" : {
        "uv" : [ 5.625, 1.875, 5.5, 2.5 ],
        "texture" : "#voxels_atlas"
      },
      "south" : {
        "uv" : [ 4.75, 0.5, 5.125, 1.125 ],
        "texture" : "#voxels_atlas"
      },
      "west" : {
        "uv" : [ 5.5, 1.25, 5.625, 1.875 ],
        "texture" : "#voxels_atlas"
      },
      "up" : {
        "uv" : [ 13.25, 10, 13.625, 9.875 ],
        "texture" : "#voxels_atlas"
      },
      "down" : {
        "uv" : [ 14.75, 9.75, 15.125, 9.875 ],
        "texture" : "#voxels_atlas"
      }
    }
  }, {
    "from" : [ 8, 7, 8.75 ],
    "to" : [ 8.375, 8.875, 9 ],
    "faces" : {
      "north" : {
        "uv" : [ 3.75, 8.5, 3.375, 10.375 ],
        "texture" : "#voxels_atlas"
      },
      "east" : {
        "uv" : [ 3, 2.625, 2.75, 4.5 ],
        "texture" : "#voxels_atlas"
      },
      "south" : {
        "uv" : [ 3.375, 10.375, 3.75, 12.25 ],
        "texture" : "#voxels_atlas"
      },
      "west" : {
        "uv" : [ 3.75, 7.5, 4, 9.375 ],
        "texture" : "#voxels_atlas"
      },
      "up" : {
        "uv" : [ 15, 11.75, 15.375, 11.5 ],
        "texture" : "#voxels_atlas"
      },
      "down" : {
        "uv" : [ 14, 11.5, 14.375, 11.75 ],
        "texture" : "#voxels_atlas"
      }
    }
  }, {
    "from" : [ 8, 7.125, 5.375 ],
    "to" : [ 8.375, 8.375, 5.5 ],
    "faces" : {
      "north" : {
        "uv" : [ 4.125, 1, 3.75, 2.25 ],
        "texture" : "#voxels_atlas"
      },
      "east" : {
        "uv" : [ 4.375, 1, 4.25, 2.25 ],
        "texture" : "#voxels_atlas"
      },
      "south" : {
        "uv" : [ 3.375, 0, 3.75, 1.25 ],
        "texture" : "#voxels_atlas"
      },
      "west" : {
        "uv" : [ 4.125, 1, 4.25, 2.25 ],
        "texture" : "#voxels_atlas"
      },
      "up" : {
        "uv" : [ 13.625, 10, 14, 9.875 ],
        "texture" : "#voxels_atlas"
      },
      "down" : {
        "uv" : [ 13.25, 9.75, 13.625, 9.875 ],
        "texture" : "#voxels_atlas"
      }
    }
  }, {
    "from" : [ 8, 7.375, 4.625 ],
    "to" : [ 8.375, 8, 5 ],
    "faces" : {
      "north" : {
        "uv" : [ 5.5, 1.625, 5.125, 2.25 ],
        "texture" : "#voxels_atlas"
      },
      "east" : {
        "uv" : [ 5.5, 7.25, 5.125, 7.875 ],
        "texture" : "#voxels_atlas"
      },
      "south" : {
        "uv" : [ 5.125, 5.375, 5.5, 6 ],
        "texture" : "#voxels_atlas"
      },
      "west" : {
        "uv" : [ 5.125, 7.875, 5.5, 8.5 ],
        "texture" : "#voxels_atlas"
      },
      "up" : {
        "uv" : [ 5.625, 6.25, 6, 5.875 ],
        "texture" : "#voxels_atlas"
      },
      "down" : {
        "uv" : [ 15.625, 10, 16, 10.375 ],
        "texture" : "#voxels_atlas"
      }
    }
  }, {
    "from" : [ 8, 7.5, 8.5 ],
    "to" : [ 8.375, 8.875, 8.75 ],
    "faces" : {
      "north" : {
        "uv" : [ 3.75, 1.25, 3.375, 2.625 ],
        "texture" : "#voxels_atlas"
      },
      "east" : {
        "uv" : [ 16, 12.625, 15.75, 14 ],
        "texture" : "#voxels_atlas"
      },
      "south" : {
        "uv" : [ 3.375, 2.625, 3.75, 4 ],
        "texture" : "#voxels_atlas"
      },
      "west" : {
        "uv" : [ 4.5, 4.875, 4.75, 6.25 ],
        "texture" : "#voxels_atlas"
      },
      "up" : {
        "uv" : [ 5.625, 3.5, 6, 3.25 ],
        "texture" : "#voxels_atlas"
      },
      "down" : {
        "uv" : [ 13, 11.5, 13.375, 11.75 ],
        "texture" : "#voxels_atlas"
      }
    }
  }, {
    "from" : [ 8, 7.75, 5.5 ],
    "to" : [ 8.375, 8.375, 5.625 ],
    "faces" : {
      "north" : {
        "uv" : [ 5.5, 2.875, 5.125, 3.5 ],
        "texture" : "#voxels_atlas"
      },
      "east" : {
        "uv" : [ 5.625, 0, 5.5, 0.625 ],
        "texture" : "#voxels_atlas"
      },
      "south" : {
        "uv" : [ 5.125, 2.25, 5.5, 2.875 ],
        "texture" : "#voxels_atlas"
      },
      "west" : {
        "uv" : [ 5.5, 0.625, 5.625, 1.25 ],
        "texture" : "#voxels_atlas"
      },
      "up" : {
        "uv" : [ 15.125, 9.875, 15.5, 9.75 ],
        "texture" : "#voxels_atlas"
      },
      "down" : {
        "uv" : [ 15.125, 9.875, 15.5, 10 ],
        "texture" : "#voxels_atlas"
      }
    }
  }, {
    "from" : [ 8, 8, 4.75 ],
    "to" : [ 8.375, 8.375, 5 ],
    "faces" : {
      "north" : {
        "uv" : [ 13.75, 10, 13.375, 10.375 ],
        "texture" : "#voxels_atlas"
      },
      "east" : {
        "uv" : [ 5.875, 1, 5.625, 1.375 ],
        "texture" : "#voxels_atlas"
      },
      "south" : {
        "uv" : [ 13, 10, 13.375, 10.375 ],
        "texture" : "#voxels_atlas"
      },
      "west" : {
        "uv" : [ 5.625, 1.375, 5.875, 1.75 ],
        "texture" : "#voxels_atlas"
      },
      "up" : {
        "uv" : [ 5.625, 2, 6, 1.75 ],
        "texture" : "#voxels_atlas"
      },
      "down" : {
        "uv" : [ 5.625, 2, 6, 2.25 ],
        "texture" : "#voxels_atlas"
      }
    }
  }, {
    "from" : [ 8, 8, 8.375 ],
    "to" : [ 8.375, 8.875, 8.5 ],
    "faces" : {
      "north" : {
        "uv" : [ 4.75, 1.5, 4.375, 2.375 ],
        "texture" : "#voxels_atlas"
      },
      "east" : {
        "uv" : [ 8.75, 14.375, 8.625, 15.25 ],
        "texture" : "#voxels_atlas"
      },
      "south" : {
        "uv" : [ 4.75, 10.5, 5.125, 11.375 ],
        "texture" : "#voxels_atlas"
      },
      "west" : {
        "uv" : [ 12.5, 12.375, 12.625, 13.25 ],
        "texture" : "#voxels_atlas"
      },
      "up" : {
        "uv" : [ 7.375, 9.75, 7.75, 9.625 ],
        "texture" : "#voxels_atlas"
      },
      "down" : {
        "uv" : [ 7, 9.625, 7.375, 9.75 ],
        "texture" : "#voxels_atlas"
      }
    }
  }, {
    "from" : [ 8, 8.125, 6.625 ],
    "to" : [ 8.375, 8.25, 8.375 ],
    "faces" : {
      "north" : {
        "uv" : [ 8.125, 9.625, 7.75, 9.75 ],
        "texture" : "#voxels_atlas"
      },
      "east" : {
        "uv" : [ 12.5, 11.375, 10.75, 11.5 ],
        "texture" : "#voxels_atlas"
      },
      "south" : {
        "uv" : [ 8.125, 9.625, 8.5, 9.75 ],
        "texture" : "#voxels_atlas"
      },
      "west" : {
        "uv" : [ 13.5, 12.125, 15.25, 12.25 ],
        "texture" : "#voxels_atlas"
      },
      "up" : {
        "uv" : [ 9.375, 14, 9.75, 12.25 ],
        "texture" : "#voxels_atlas"
      },
      "down" : {
        "uv" : [ 9.75, 12.25, 10.125, 14 ],
        "texture" : "#voxels_atlas"
      }
    }
  }, {
    "from" : [ 8, 8.25, 6.5 ],
    "to" : [ 8.375, 8.375, 6.625 ],
    "faces" : {
      "north" : {
        "uv" : [ 9.625, 9.625, 9.25, 9.75 ],
        "texture" : "#voxels_atlas"
      },
      "east" : {
        "uv" : [ 6, 8, 5.875, 8.125 ],
        "texture" : "#voxels_atlas"
      },
      "south" : {
        "uv" : [ 9.625, 9.625, 10, 9.75 ],
        "texture" : "#voxels_atlas"
      },
      "west" : {
        "uv" : [ 9.125, 10, 9.25, 10.125 ],
        "texture" : "#voxels_atlas"
      },
      "up" : {
        "uv" : [ 8.875, 9.75, 9.25, 9.625 ],
        "texture" : "#voxels_atlas"
      },
      "down" : {
        "uv" : [ 8.5, 9.625, 8.875, 9.75 ],
        "texture" : "#voxels_atlas"
      }
    }
  }, {
    "from" : [ 8, 8.25, 8.125 ],
    "to" : [ 8.375, 8.875, 8.375 ],
    "faces" : {
      "north" : {
        "uv" : [ 4.375, 7.5, 4, 8.125 ],
        "texture" : "#voxels_atlas"
      },
      "east" : {
        "uv" : [ 5.875, 7.875, 5.625, 8.5 ],
        "texture" : "#voxels_atlas"
      },
      "south" : {
        "uv" : [ 4.375, 0, 4.75, 0.625 ],
        "texture" : "#voxels_atlas"
      },
      "west" : {
        "uv" : [ 2.75, 2, 3, 2.625 ],
        "texture" : "#voxels_atlas"
      },
      "up" : {
        "uv" : [ 5.625, 3.75, 6, 3.5 ],
        "texture" : "#voxels_atlas"
      },
      "down" : {
        "uv" : [ 5.625, 3.75, 6, 4 ],
        "texture" : "#voxels_atlas"
      }
    }
  }, {
    "from" : [ 8, 9.25, 12.875 ],
    "to" : [ 8.375, 10.125, 13.25 ],
    "faces" : {
      "north" : {
        "uv" : [ 5.125, 7.875, 4.75, 8.75 ],
        "texture" : "#voxels_atlas"
      },
      "east" : {
        "uv" : [ 4.75, 0.625, 4.375, 1.5 ],
        "texture" : "#voxels_atlas"
      },
      "south" : {
        "uv" : [ 4.75, 7, 5.125, 7.875 ],
        "texture" : "#voxels_atlas"
      },
      "west" : {
        "uv" : [ 4.375, 2.375, 4.75, 3.25 ],
        "texture" : "#voxels_atlas"
      },
      "up" : {
        "uv" : [ 12.25, 10.375, 12.625, 10 ],
        "texture" : "#voxels_atlas"
      },
      "down" : {
        "uv" : [ 11.875, 10, 12.25, 10.375 ],
        "texture" : "#voxels_atlas"
      }
    }
  }, {
    "from" : [ 8, 9.625, 1 ],
    "to" : [ 8.5, 9.75, 4 ],
    "faces" : {
      "north" : {
        "uv" : [ 15.5, 11.375, 15, 11.5 ],
        "texture" : "#voxels_atlas"
      },
      "east" : {
        "uv" : [ 7.75, 11.375, 4.75, 11.5 ],
        "texture" : "#voxels_atlas"
      },
      "south" : {
        "uv" : [ 15.5, 11.375, 16, 11.5 ],
        "texture" : "#voxels_atlas"
      },
      "west" : {
        "uv" : [ 7.75, 11.375, 10.75, 11.5 ],
        "texture" : "#voxels_atlas"
      },
      "up" : {
        "uv" : [ 1.25, 9, 1.75, 6 ],
        "texture" : "#voxels_atlas"
      },
      "down" : {
        "uv" : [ 1.75, 6, 2.25, 9 ],
        "texture" : "#voxels_atlas"
      }
    }
  }, {
    "from" : [ 8, 9.875, 0 ],
    "to" : [ 8.375, 10.25, 1 ],
    "faces" : {
      "north" : {
        "uv" : [ 9.625, 10, 9.25, 10.375 ],
        "texture" : "#voxels_atlas"
      },
      "east" : {
        "uv" : [ 15.375, 11.75, 14.375, 12.125 ],
        "texture" : "#voxels_atlas"
      },
      "south" : {
        "uv" : [ 5.625, 5.125, 6, 5.5 ],
        "texture" : "#voxels_atlas"
      },
      "west" : {
        "uv" : [ 13.375, 11.75, 14.375, 12.125 ],
        "texture" : "#voxels_atlas"
      },
      "up" : {
        "uv" : [ 4.375, 7.25, 4.75, 6.25 ],
        "texture" : "#voxels_atlas"
      },
      "down" : {
        "uv" : [ 4.375, 7.25, 4.75, 8.25 ],
        "texture" : "#voxels_atlas"
      }
    }
  }, {
    "from" : [ 8, 10.425, 1 ],
    "to" : [ 8.375, 11, 1.75 ],
    "faces" : {
      "north" : {
        "uv" : [ 5.125, 0, 4.75, 0.5 ],
        "texture" : "#voxels_atlas"
      },
      "east" : {
        "uv" : [ 14.25, 14, 13.5, 14.5 ],
        "texture" : "#voxels_atlas"
      },
      "south" : {
        "uv" : [ 5.125, 0.5, 5.5, 1 ],
        "texture" : "#voxels_atlas"
      },
      "west" : {
        "uv" : [ 12.75, 14, 13.5, 14.5 ],
        "texture" : "#voxels_atlas"
      },
      "up" : {
        "uv" : [ 4.75, 4, 5.125, 3.25 ],
        "texture" : "#voxels_atlas"
      },
      "down" : {
        "uv" : [ 4.75, 4, 5.125, 4.75 ],
        "texture" : "#voxels_atlas"
      }
    }
  }, {
    "from" : [ 8, 10.5, 1.75 ],
    "to" : [ 8.375, 10.625, 4 ],
    "faces" : {
      "north" : {
        "uv" : [ 7.75, 10.75, 7.375, 10.875 ],
        "texture" : "#voxels_atlas"
      },
      "east" : {
        "uv" : [ 7.5, 14.125, 5.25, 14.25 ],
        "texture" : "#voxels_atlas"
      },
      "south" : {
        "uv" : [ 8, 10.75, 8.375, 10.875 ],
        "texture" : "#voxels_atlas"
      },
      "west" : {
        "uv" : [ 5.25, 14, 7.5, 14.125 ],
        "texture" : "#voxels_atlas"
      },
      "up" : {
        "uv" : [ 3, 11, 3.375, 8.75 ],
        "texture" : "#voxels_atlas"
      },
      "down" : {
        "uv" : [ 3, 6.5, 3.375, 8.75 ],
        "texture" : "#voxels_atlas"
      }
    }
  }, {
    "from" : [ 8, 10.6, 2.25 ],
    "to" : [ 8.375, 11, 4 ],
    "faces" : {
      "north" : {
        "uv" : [ 6, 5.5, 5.625, 5.875 ],
        "texture" : "#voxels_atlas"
      },
      "east" : {
        "uv" : [ 12.625, 13.25, 10.875, 13.625 ],
        "texture" : "#voxels_atlas"
      },
      "south" : {
        "uv" : [ 14.875, 10, 15.25, 10.375 ],
        "texture" : "#voxels_atlas"
      },
      "west" : {
        "uv" : [ 10.875, 13.625, 12.625, 14 ],
        "texture" : "#voxels_atlas"
      },
      "up" : {
        "uv" : [ 10.5, 14, 10.875, 12.25 ],
        "texture" : "#voxels_atlas"
      },
      "down" : {
        "uv" : [ 10.125, 12.25, 10.5, 14 ],
        "texture" : "#voxels_atlas"
      }
    }
  }, {
    "from" : [ 8, 10.85, 1.75 ],
    "to" : [ 8.375, 11, 2.25 ],
    "faces" : {
      "north" : {
        "uv" : [ 12.125, 9.875, 11.75, 10 ],
        "texture" : "#voxels_atlas"
      },
      "east" : {
        "uv" : [ 15, 11.375, 14.5, 11.5 ],
        "texture" : "#voxels_atlas"
      },
      "south" : {
        "uv" : [ 11.75, 9.75, 12.125, 9.875 ],
        "texture" : "#voxels_atlas"
      },
      "west" : {
        "uv" : [ 15.5, 14, 16, 14.125 ],
        "texture" : "#voxels_atlas"
      },
      "up" : {
        "uv" : [ 5.625, 10, 6, 9.5 ],
        "texture" : "#voxels_atlas"
      },
      "down" : {
        "uv" : [ 5.125, 0, 5.5, 0.5 ],
        "texture" : "#voxels_atlas"
      }
    }
  }, {
    "from" : [ 8, 10.825, 4 ],
    "to" : [ 8.375, 11, 8.875 ],
    "faces" : {
      "north" : {
        "uv" : [ 13.25, 9.875, 12.875, 10 ],
        "texture" : "#voxels_atlas"
      },
      "east" : {
        "uv" : [ 8.625, 12.125, 3.75, 12.25 ],
        "texture" : "#voxels_atlas"
      },
      "south" : {
        "uv" : [ 12.875, 9.75, 13.25, 9.875 ],
        "texture" : "#voxels_atlas"
      },
      "west" : {
        "uv" : [ 8.625, 12.125, 13.5, 12.25 ],
        "texture" : "#voxels_atlas"
      },
      "up" : {
        "uv" : [ 0, 5.5, 0.375, 0.625 ],
        "texture" : "#voxels_atlas"
      },
      "down" : {
        "uv" : [ 0.375, 0.625, 0.75, 5.5 ],
        "texture" : "#voxels_atlas"
      }
    }
  }, {
    "from" : [ 8, 11, 1.125 ],
    "to" : [ 8.375, 11.125, 1.5 ],
    "faces" : {
      "north" : {
        "uv" : [ 14.375, 9.875, 14, 10 ],
        "texture" : "#voxels_atlas"
      },
      "east" : {
        "uv" : [ 14.75, 9.75, 14.375, 9.875 ],
        "texture" : "#voxels_atlas"
      },
      "south" : {
        "uv" : [ 14, 9.75, 14.375, 9.875 ],
        "texture" : "#voxels_atlas"
      },
      "west" : {
        "uv" : [ 14.375, 9.875, 14.75, 10 ],
        "texture" : "#voxels_atlas"
      },
      "up" : {
        "uv" : [ 9.625, 10.375, 10, 10 ],
        "texture" : "#voxels_atlas"
      },
      "down" : {
        "uv" : [ 14.5, 10, 14.875, 10.375 ],
        "texture" : "#voxels_atlas"
      }
    }
  }, {
    "from" : [ 8, 11.125, 1.125 ],
    "to" : [ 8.125, 11.375, 1.5 ],
    "faces" : {
      "north" : {
        "uv" : [ 9.5, 14, 9.375, 14.25 ],
        "texture" : "#voxels_atlas"
      },
      "east" : {
        "uv" : [ 12.375, 11.5, 12, 11.75 ],
        "texture" : "#voxels_atlas"
      },
      "south" : {
        "uv" : [ 10.125, 14, 10.25, 14.25 ],
        "texture" : "#voxels_atlas"
      },
      "west" : {
        "uv" : [ 1.375, 2.875, 1.75, 3.125 ],
        "texture" : "#voxels_atlas"
      },
      "up" : {
        "uv" : [ 15.875, 11.375, 16, 11 ],
        "texture" : "#voxels_atlas"
      },
      "down" : {
        "uv" : [ 1.625, 5.625, 1.75, 6 ],
        "texture" : "#voxels_atlas"
      }
    }
  }, {
    "from" : [ 8.125, 8.5, 7.5 ],
    "to" : [ 8.25, 8.875, 7.625 ],
    "faces" : {
      "north" : {
        "uv" : [ 5.5, 3.5, 5.375, 3.875 ],
        "texture" : "#voxels_atlas"
      },
      "east" : {
        "uv" : [ 6, 6.875, 5.875, 7.25 ],
        "texture" : "#voxels_atlas"
      },
      "south" : {
        "uv" : [ 5.875, 8.125, 6, 8.5 ],
        "texture" : "#voxels_atlas"
      },
      "west" : {
        "uv" : [ 5.875, 7.5, 6, 7.875 ],
        "texture" : "#voxels_atlas"
      },
      "up" : {
        "uv" : [ 8.375, 10.125, 8.5, 10 ],
        "texture" : "#voxels_atlas"
      },
      "down" : {
        "uv" : [ 15.875, 10.75, 16, 10.875 ],
        "texture" : "#voxels_atlas"
      }
    }
  }, {
    "from" : [ 8.125, 11.25, 1.125 ],
    "to" : [ 8.375, 11.375, 1.5 ],
    "faces" : {
      "north" : {
        "uv" : [ 6.75, 10.75, 6.5, 10.875 ],
        "texture" : "#voxels_atlas"
      },
      "east" : {
        "uv" : [ 15.875, 9.75, 15.5, 9.875 ],
        "texture" : "#voxels_atlas"
      },
      "south" : {
        "uv" : [ 7.125, 10.75, 7.375, 10.875 ],
        "texture" : "#voxels_atlas"
      },
      "west" : {
        "uv" : [ 15.5, 9.875, 15.875, 10 ],
        "texture" : "#voxels_atlas"
      },
      "up" : {
        "uv" : [ 5.625, 4.75, 5.875, 4.375 ],
        "texture" : "#voxels_atlas"
      },
      "down" : {
        "uv" : [ 15.75, 10.375, 16, 10.75 ],
        "texture" : "#voxels_atlas"
      }
    }
  }, {
    "from" : [ 8.25, 11.125, 1.125 ],
    "to" : [ 8.375, 11.25, 1.5 ],
    "faces" : {
      "north" : {
        "uv" : [ 12.625, 12.25, 12.5, 12.375 ],
        "texture" : "#voxels_atlas"
      },
      "east" : {
        "uv" : [ 7, 9.625, 6.625, 9.75 ],
        "texture" : "#voxels_atlas"
      },
      "south" : {
        "uv" : [ 6.625, 11.5, 6.75, 11.625 ],
        "texture" : "#voxels_atlas"
      },
      "west" : {
        "uv" : [ 6.25, 9.625, 6.625, 9.75 ],
        "texture" : "#voxels_atlas"
      },
      "up" : {
        "uv" : [ 5.875, 4.375, 6, 4 ],
        "texture" : "#voxels_atlas"
      },
      "down" : {
        "uv" : [ 5.875, 4.375, 6, 4.75 ],
        "texture" : "#voxels_atlas"
      }
    }
  }, {
    "from" : [ 8.25, 11.125, 8.875 ],
    "to" : [ 8.5, 11.375, 9.125 ],
    "faces" : {
      "north" : {
        "uv" : [ 10, 9.75, 9.75, 10 ],
        "texture" : "#voxels_atlas"
      },
      "east" : {
        "uv" : [ 10.75, 9.75, 10.5, 10 ],
        "texture" : "#voxels_atlas"
      },
      "south" : {
        "uv" : [ 10, 9.75, 10.25, 10 ],
        "texture" : "#voxels_atlas"
      },
      "west" : {
        "uv" : [ 10.25, 9.75, 10.5, 10 ],
        "texture" : "#voxels_atlas"
      },
      "up" : {
        "uv" : [ 9.5, 10, 9.75, 9.75 ],
        "texture" : "#voxels_atlas"
      },
      "down" : {
        "uv" : [ 9.25, 9.75, 9.5, 10 ],
        "texture" : "#voxels_atlas"
      }
    }
  }, {
    "from" : [ 8.25, 11.125, 9.125 ],
    "to" : [ 8.5, 11.25, 9.5 ],
    "faces" : {
      "north" : {
        "uv" : [ 8, 10.75, 7.75, 10.875 ],
        "texture" : "#voxels_atlas"
      },
      "east" : {
        "uv" : [ 10.75, 9.625, 10.375, 9.75 ],
        "texture" : "#voxels_atlas"
      },
      "south" : {
        "uv" : [ 8.375, 10.75, 8.625, 10.875 ],
        "texture" : "#voxels_atlas"
      },
      "west" : {
        "uv" : [ 10, 9.625, 10.375, 9.75 ],
        "texture" : "#voxels_atlas"
      },
      "up" : {
        "uv" : [ 2.75, 2, 3, 1.625 ],
        "texture" : "#voxels_atlas"
      },
      "down" : {
        "uv" : [ 5.625, 4, 5.875, 4.375 ],
        "texture" : "#voxels_atlas"
      }
    }
  }, {
    "from" : [ 8.375, 11.125, 9.5 ],
    "to" : [ 8.5, 11.25, 9.625 ],
    "faces" : {
      "north" : {
        "uv" : [ 6, 7.25, 5.875, 7.375 ],
        "texture" : "#voxels_atlas"
      },
      "east" : {
        "uv" : [ 6, 1.625, 5.875, 1.75 ],
        "texture" : "#voxels_atlas"
      },
      "south" : {
        "uv" : [ 5.875, 6.75, 6, 6.875 ],
        "texture" : "#voxels_atlas"
      },
      "west" : {
        "uv" : [ 5.875, 6.625, 6, 6.75 ],
        "texture" : "#voxels_atlas"
      },
      "up" : {
        "uv" : [ 5.875, 7.5, 6, 7.375 ],
        "texture" : "#voxels_atlas"
      },
      "down" : {
        "uv" : [ 5.875, 7.875, 6, 8 ],
        "texture" : "#voxels_atlas"
      }
    }
  }, {
    "from" : [ 8.375, 11.25, 9.125 ],
    "to" : [ 8.5, 11.375, 9.25 ],
    "faces" : {
      "north" : {
        "uv" : [ 6, 1.25, 5.875, 1.375 ],
        "texture" : "#voxels_atlas"
      },
      "east" : {
        "uv" : [ 6, 0.375, 5.875, 0.5 ],
        "texture" : "#voxels_atlas"
      },
      "south" : {
        "uv" : [ 5.875, 1.125, 6, 1.25 ],
        "texture" : "#voxels_atlas"
      },
      "west" : {
        "uv" : [ 5.875, 1, 6, 1.125 ],
        "texture" : "#voxels_atlas"
      },
      "up" : {
        "uv" : [ 5.875, 1.5, 6, 1.375 ],
        "texture" : "#voxels_atlas"
      },
      "down" : {
        "uv" : [ 5.875, 1.5, 6, 1.625 ],
        "texture" : "#voxels_atlas"
      }
    }
  } ],
  "display" : {
    "thirdperson_righthand" : {
      "scale" : [ 1.25, 1.25, 1.25 ]
    },
    "thirdperson_lefthand" : {
      "scale" : [ 1.25, 1.25, 1.25 ]
    },
    "firstperson_righthand" : {
      "translation" : [ -1.5, 0, 0 ],
      "scale" : [ 1.25, 1.25, 1.25 ]
    },
    "firstperson_lefthand" : {
      "translation" : [ -1.5, 0, 0 ],
      "scale" : [ 1.5, 1.5, 1.5 ]
    },
    "ground" : {
      "scale" : [ 1.25, 1.25, 1.25 ]
    },
    "gui" : {
      "rotation" : [ 0, 90, 0 ]
    },
    "head" : {
      "translation" : [ 0, 6.5, 0 ],
      "scale" : [ 1.5, 1.5, 1.5 ],
      "rotation" : [ 0, 0, 90 ]
    },
    "fixed" : {
      "translation" : [ 0, 0, -0.5 ],
      "scale" : [ 1.5, 1.5, 1.5 ],
      "rotation" : [ 0, 90, 0 ]
    }
  }
}
