{"textures":{"0":"modelengine:entity/vine_guardian","particle":"#0"},"elements":[{"from":[4.255,4.255,3.7200003],"to":[11.745,11.745,12.28],"faces":{"east":{"uv":[0.625,9.5,1.625,10.375],"tintindex":0,"rotation":0,"texture":"#0"},"south":{"uv":[11.125,1.75,12.0,2.625],"tintindex":0,"rotation":0,"texture":"#0"},"north":{"uv":[2.75,10.75,3.625,11.625],"tintindex":0,"rotation":0,"texture":"#0"},"west":{"uv":[9.5,5.125,10.5,6.0],"tintindex":0,"rotation":0,"texture":"#0"},"up":{"uv":[10.375,7.125,9.5,6.125],"tintindex":0,"rotation":0,"texture":"#0"},"down":{"uv":[10.375,7.25,9.5,8.25],"tintindex":0,"rotation":0,"texture":"#0"}}}],"display":{"head":{"rotation":[0.0,0.0,0.0]},"firstperson_righthand":{"rotation":[0.0,0.0,0.0]},"thirdperson_lefthand":{"rotation":[0.0,-0.0,-0.0]},"firstperson_lefthand":{"rotation":[0.0,-0.0,-0.0]},"fixed":{"rotation":[0.0,0.0,0.0]},"ground":{"rotation":[0.0,0.0,0.0]},"thirdperson_righthand":{"rotation":[0.0,0.0,0.0]},"gui":{"rotation":[-150.0,-45.0,180.0]}}}