{"textures":{"0":"modelengine:entity/vine_guardian","particle":"#0"},"elements":[{"from":[1.9355631,-4.930067,4.0820913],"to":[8.355563,7.909933,11.572091],"faces":{"east":{"uv":[7.625,6.75,8.5,8.25],"tintindex":0,"rotation":0,"texture":"#0"},"south":{"uv":[8.625,8.375,9.375,9.875],"tintindex":0,"rotation":0,"texture":"#0"},"north":{"uv":[8.625,6.75,9.375,8.25],"tintindex":0,"rotation":0,"texture":"#0"},"west":{"uv":[5.875,8.125,6.75,9.625],"tintindex":0,"rotation":0,"texture":"#0"},"up":{"uv":[12.5,12.25,11.75,11.375],"tintindex":0,"rotation":0,"texture":"#0"},"down":{"uv":[12.625,7.0,11.875,7.875],"tintindex":0,"rotation":0,"texture":"#0"}},"rotation":{"origin":[5.145563,3.6299343,7.292091],"angle":-22.5,"axis":"z"}},{"from":[3.0055628,-2.7900658,5.152091],"to":[7.285563,10.049934,10.502091],"faces":{"east":{"uv":[4.0,9.0,4.625,10.5],"tintindex":0,"rotation":0,"texture":"#0"},"south":{"uv":[7.125,11.125,7.625,12.625],"tintindex":0,"rotation":0,"texture":"#0"},"north":{"uv":[4.625,10.875,5.125,12.375],"tintindex":0,"rotation":0,"texture":"#0"},"west":{"uv":[4.75,9.25,5.375,10.75],"tintindex":0,"rotation":0,"texture":"#0"},"up":{"uv":[1.375,13.25,0.875,12.625],"tintindex":0,"rotation":0,"texture":"#0"},"down":{"uv":[11.5,12.625,11.0,13.25],"tintindex":0,"rotation":0,"texture":"#0"}},"rotation":{"origin":[5.145563,3.6299343,7.292091],"angle":-22.5,"axis":"z"}}],"display":{"head":{"rotation":[0.0,0.0,0.0]},"firstperson_righthand":{"rotation":[0.0,0.0,0.0]},"thirdperson_lefthand":{"rotation":[0.0,-0.0,-0.0]},"firstperson_lefthand":{"rotation":[0.0,-0.0,-0.0]},"fixed":{"rotation":[0.0,0.0,0.0]},"ground":{"rotation":[0.0,0.0,0.0]},"thirdperson_righthand":{"rotation":[0.0,0.0,0.0]},"gui":{"rotation":[-150.0,-45.0,180.0]}}}