{"textures":{"0":"modelengine:entity/vine_guardian","particle":"#0"},"elements":[{"from":[5.6033335,-5.839286,2.8892384],"to":[9.783333,8.070715,8.239239],"faces":{"east":{"uv":[2.25,5.0,2.875,6.625],"tintindex":0,"rotation":0,"texture":"#0"},"south":{"uv":[10.375,10.625,10.875,12.25],"tintindex":0,"rotation":0,"texture":"#0"},"north":{"uv":[4.0,10.625,4.5,12.25],"tintindex":0,"rotation":0,"texture":"#0"},"west":{"uv":[1.75,9.0,2.375,10.625],"tintindex":0,"rotation":0,"texture":"#0"},"up":{"uv":[2.625,13.125,2.125,12.5],"tintindex":0,"rotation":0,"texture":"#0"},"down":{"uv":[4.875,12.5,4.375,13.125],"tintindex":0,"rotation":0,"texture":"#0"}},"rotation":{"origin":[12.458334,3.2557144,9.309238],"angle":22.5,"axis":"x"}}],"display":{"head":{"rotation":[0.0,0.0,0.0]},"firstperson_righthand":{"rotation":[0.0,0.0,0.0]},"thirdperson_lefthand":{"rotation":[0.0,-0.0,-0.0]},"firstperson_lefthand":{"rotation":[0.0,-0.0,-0.0]},"fixed":{"rotation":[0.0,0.0,0.0]},"ground":{"rotation":[0.0,0.0,0.0]},"thirdperson_righthand":{"rotation":[0.0,0.0,0.0]},"gui":{"rotation":[-150.0,-45.0,180.0]}}}