{"textures":{"0":"modelengine:entity/vine_guardian","particle":"#0"},"elements":[{"from":[5.325,0.5126419,3.0905504],"to":[10.675,10.142642,9.5105505],"faces":{"east":{"uv":[1.375,10.5,0.625,11.625],"tintindex":0,"rotation":0,"texture":"#0"},"south":{"uv":[11.625,11.375,11.0,12.5],"tintindex":0,"rotation":0,"texture":"#0"},"north":{"uv":[12.0,5.75,11.375,6.875],"tintindex":0,"rotation":0,"texture":"#0"},"west":{"uv":[9.375,10.0,8.625,11.125],"tintindex":0,"rotation":0,"texture":"#0"},"up":{"uv":[12.125,6.25,12.75,5.5],"tintindex":0,"rotation":0,"texture":"#0"},"down":{"uv":[6.0,12.125,6.625,12.875],"tintindex":0,"rotation":0,"texture":"#0"}},"rotation":{"origin":[7.465,12.817642,10.04555],"angle":-22.5,"axis":"x"}}],"display":{"head":{"rotation":[0.0,0.0,0.0]},"firstperson_righthand":{"rotation":[0.0,0.0,0.0]},"thirdperson_lefthand":{"rotation":[0.0,-0.0,-0.0]},"firstperson_lefthand":{"rotation":[0.0,-0.0,-0.0]},"fixed":{"rotation":[0.0,0.0,0.0]},"ground":{"rotation":[0.0,0.0,0.0]},"thirdperson_righthand":{"rotation":[0.0,0.0,0.0]},"gui":{"rotation":[-150.0,-45.0,180.0]}}}