{"textures":{"0":"modelengine:entity/vine_guardian","particle":"#0"},"elements":[{"from":[4.79,-15.371014,1.9029274],"to":[4.79,2.818987,10.462928],"faces":{"east":{"uv":[4.0,2.25,3.0,4.375],"tintindex":0,"rotation":0,"texture":"#0"},"west":{"uv":[4.0,0.0,3.0,2.125],"tintindex":0,"rotation":0,"texture":"#0"}},"rotation":{"origin":[5.8599997,2.551487,8.322927],"angle":22.5,"axis":"x"}},{"from":[4.79,-15.371014,10.462928],"to":[11.21,2.818987,10.462928],"faces":{"south":{"uv":[3.0,6.75,2.25,8.875],"tintindex":0,"rotation":0,"texture":"#0"},"north":{"uv":[7.5,1.375,6.75,3.5],"tintindex":0,"rotation":0,"texture":"#0"}},"rotation":{"origin":[5.8599997,2.551487,8.322927],"angle":22.5,"axis":"x"}},{"from":[5.8599997,-6.811013,2.9729276],"to":[10.139999,8.168987,9.392927],"faces":{"east":{"uv":[8.375,3.25,7.625,5.0],"tintindex":0,"rotation":0,"texture":"#0"},"south":{"uv":[0.5,9.5,0.0,11.25],"tintindex":0,"rotation":0,"texture":"#0"},"north":{"uv":[9.875,3.25,9.375,5.0],"tintindex":0,"rotation":0,"texture":"#0"},"west":{"uv":[8.375,1.375,7.625,3.125],"tintindex":0,"rotation":0,"texture":"#0"},"up":{"uv":[0.875,12.5,1.375,11.75],"tintindex":0,"rotation":0,"texture":"#0"},"down":{"uv":[10.375,12.375,10.875,13.125],"tintindex":0,"rotation":0,"texture":"#0"}},"rotation":{"origin":[5.8599997,2.551487,8.322927],"angle":22.5,"axis":"x"}},{"from":[11.21,-15.371014,1.9029274],"to":[11.21,2.818987,10.462928],"faces":{"east":{"uv":[5.125,2.25,4.125,4.375],"tintindex":0,"rotation":0,"texture":"#0"},"west":{"uv":[5.125,0.0,4.125,2.125],"tintindex":0,"rotation":0,"texture":"#0"}},"rotation":{"origin":[5.8599997,2.551487,8.322927],"angle":22.5,"axis":"x"}},{"from":[4.79,-15.371014,1.9029274],"to":[11.21,2.818987,1.9029274],"faces":{"south":{"uv":[7.5,3.625,6.75,5.75],"tintindex":0,"rotation":0,"texture":"#0"},"north":{"uv":[3.875,6.75,3.125,8.875],"tintindex":0,"rotation":0,"texture":"#0"}},"rotation":{"origin":[5.8599997,2.551487,8.322927],"angle":22.5,"axis":"x"}}],"display":{"head":{"rotation":[0.0,0.0,0.0]},"firstperson_righthand":{"rotation":[0.0,0.0,0.0]},"thirdperson_lefthand":{"rotation":[0.0,-0.0,-0.0]},"firstperson_lefthand":{"rotation":[0.0,-0.0,-0.0]},"fixed":{"rotation":[0.0,0.0,0.0]},"ground":{"rotation":[0.0,0.0,0.0]},"thirdperson_righthand":{"rotation":[0.0,0.0,0.0]},"gui":{"rotation":[-150.0,-45.0,180.0]}}}