{"textures":{"0":"modelengine:entity/vine_guardian","particle":"#0"},"elements":[{"from":[6.2166667,-5.839286,2.8892384],"to":[10.446667,8.070715,8.239239],"faces":{"east":{"uv":[2.375,9.0,1.75,10.625],"tintindex":0,"rotation":0,"texture":"#0"},"south":{"uv":[10.875,10.625,10.375,12.25],"tintindex":0,"rotation":0,"texture":"#0"},"north":{"uv":[4.5,10.625,4.0,12.25],"tintindex":0,"rotation":0,"texture":"#0"},"west":{"uv":[2.875,5.0,2.25,6.625],"tintindex":0,"rotation":0,"texture":"#0"},"up":{"uv":[2.125,13.125,2.625,12.5],"tintindex":0,"rotation":0,"texture":"#0"},"down":{"uv":[4.375,12.5,4.875,13.125],"tintindex":0,"rotation":0,"texture":"#0"}},"rotation":{"origin":[3.5416665,3.2557144,9.309238],"angle":22.5,"axis":"x"}}],"display":{"head":{"rotation":[0.0,0.0,0.0]},"firstperson_righthand":{"rotation":[0.0,0.0,0.0]},"thirdperson_lefthand":{"rotation":[0.0,-0.0,-0.0]},"firstperson_lefthand":{"rotation":[0.0,-0.0,-0.0]},"fixed":{"rotation":[0.0,0.0,0.0]},"ground":{"rotation":[0.0,0.0,0.0]},"thirdperson_righthand":{"rotation":[0.0,0.0,0.0]},"gui":{"rotation":[-150.0,-45.0,180.0]}}}