{"textures":{"0":"modelengine:entity/ghoul_texture","particle":"#0"},"elements":[{"from":[2.8269925,4.654541,-5.603675],"to":[12.826992,14.654541,9.396325],"faces":{"east":{"uv":[0.0,0.0,1.875,1.25],"tintindex":0,"rotation":0,"texture":"#0"},"south":{"uv":[4.625,2.625,5.875,3.875],"tintindex":0,"rotation":0,"texture":"#0"},"north":{"uv":[4.625,1.25,5.875,2.5],"tintindex":0,"rotation":0,"texture":"#0"},"west":{"uv":[0.0,1.375,1.875,2.625],"tintindex":0,"rotation":0,"texture":"#0"},"up":{"uv":[3.25,1.875,2.0,0.0],"tintindex":0,"rotation":0,"texture":"#0"},"down":{"uv":[3.25,2.0,2.0,3.875],"tintindex":0,"rotation":0,"texture":"#0"}}}],"display":{"head":{"rotation":[0.0,0.0,0.0]},"firstperson_righthand":{"rotation":[0.0,0.0,0.0]},"thirdperson_lefthand":{"rotation":[0.0,-0.0,-0.0]},"firstperson_lefthand":{"rotation":[0.0,-0.0,-0.0]},"fixed":{"rotation":[0.0,0.0,0.0]},"ground":{"rotation":[0.0,0.0,0.0]},"thirdperson_righthand":{"rotation":[0.0,0.0,0.0]},"gui":{"rotation":[-150.0,-45.0,180.0]}}}