{"textures":{"0":"modelengine:entity/ghoul_texture","particle":"#0"},"elements":[{"from":[5.5287304,3.6376023,7.5],"to":[7.5287304,7.6376023,8.5],"faces":{"east":{"uv":[4.375,5.0,4.5,5.5],"tintindex":0,"rotation":0,"texture":"#0"},"south":{"uv":[4.375,9.25,4.625,9.75],"tintindex":0,"rotation":0,"texture":"#0"},"north":{"uv":[5.75,6.875,6.0,7.375],"tintindex":0,"rotation":0,"texture":"#0"},"west":{"uv":[2.25,6.875,2.375,7.375],"tintindex":0,"rotation":0,"texture":"#0"},"up":{"uv":[6.0,5.375,5.75,5.25],"tintindex":0,"rotation":0,"texture":"#0"},"down":{"uv":[7.25,4.875,7.0,5.0],"tintindex":0,"rotation":0,"texture":"#0"}},"rotation":{"origin":[8.67873,3.8876023,8.0],"angle":-22.5,"axis":"z"}},{"from":[5.5287304,1.6376023,8.0],"to":[9.52873,3.6376023,8.0],"faces":{"south":{"uv":[9.875,9.375,9.375,9.625],"tintindex":0,"rotation":0,"texture":"#0"},"north":{"uv":[9.375,9.375,9.875,9.625],"tintindex":0,"rotation":0,"texture":"#0"}},"rotation":{"origin":[8.67873,3.8876023,8.5],"angle":-22.5,"axis":"z"}},{"from":[5.5287304,3.6376023,6.0249996],"to":[7.5287304,7.6376023,7.0249996],"faces":{"east":{"uv":[4.375,5.0,4.5,5.5],"tintindex":0,"rotation":0,"texture":"#0"},"south":{"uv":[4.375,9.25,4.625,9.75],"tintindex":0,"rotation":0,"texture":"#0"},"north":{"uv":[5.75,6.875,6.0,7.375],"tintindex":0,"rotation":0,"texture":"#0"},"west":{"uv":[2.25,6.875,2.375,7.375],"tintindex":0,"rotation":0,"texture":"#0"},"up":{"uv":[6.0,5.375,5.75,5.25],"tintindex":0,"rotation":0,"texture":"#0"},"down":{"uv":[7.25,4.875,7.0,5.0],"tintindex":0,"rotation":0,"texture":"#0"}},"rotation":{"origin":[8.67873,3.8876023,8.0],"angle":-22.5,"axis":"z"}},{"from":[5.5287304,3.6376023,8.974999],"to":[7.5287304,7.6376023,9.975],"faces":{"east":{"uv":[4.375,5.0,4.5,5.5],"tintindex":0,"rotation":0,"texture":"#0"},"south":{"uv":[4.375,9.25,4.625,9.75],"tintindex":0,"rotation":0,"texture":"#0"},"north":{"uv":[5.75,6.875,6.0,7.375],"tintindex":0,"rotation":0,"texture":"#0"},"west":{"uv":[2.25,6.875,2.375,7.375],"tintindex":0,"rotation":0,"texture":"#0"},"up":{"uv":[6.0,5.375,5.75,5.25],"tintindex":0,"rotation":0,"texture":"#0"},"down":{"uv":[7.25,4.875,7.0,5.0],"tintindex":0,"rotation":0,"texture":"#0"}},"rotation":{"origin":[8.67873,3.8876023,8.0],"angle":-22.5,"axis":"z"}},{"from":[5.5287304,1.6376023,9.474999],"to":[9.52873,3.6376023,9.474999],"faces":{"south":{"uv":[9.875,9.375,9.375,9.625],"tintindex":0,"rotation":0,"texture":"#0"},"north":{"uv":[9.375,9.375,9.875,9.625],"tintindex":0,"rotation":0,"texture":"#0"}},"rotation":{"origin":[8.67873,3.8876023,8.5],"angle":-22.5,"axis":"z"}},{"from":[5.5287304,1.6376023,6.5249996],"to":[9.52873,3.6376023,6.5249996],"faces":{"south":{"uv":[9.875,9.375,9.375,9.625],"tintindex":0,"rotation":0,"texture":"#0"},"north":{"uv":[9.375,9.375,9.875,9.625],"tintindex":0,"rotation":0,"texture":"#0"}},"rotation":{"origin":[8.67873,3.8876023,8.5],"angle":-22.5,"axis":"z"}}],"display":{"head":{"rotation":[0.0,0.0,0.0]},"firstperson_righthand":{"rotation":[0.0,0.0,0.0]},"thirdperson_lefthand":{"rotation":[0.0,-0.0,-0.0]},"firstperson_lefthand":{"rotation":[0.0,-0.0,-0.0]},"fixed":{"rotation":[0.0,0.0,0.0]},"ground":{"rotation":[0.0,0.0,0.0]},"thirdperson_righthand":{"rotation":[0.0,0.0,0.0]},"gui":{"rotation":[-150.0,-45.0,180.0]}}}