{"textures":{"0":"modelengine:entity/ghoul_texture","particle":"#0"},"elements":[{"from":[6.5041666,-3.467661,5.103982],"to":[9.504167,5.5323396,9.103982],"faces":{"east":{"uv":[4.125,8.0,4.625,9.125],"tintindex":0,"rotation":0,"texture":"#0"},"south":{"uv":[8.5,6.0,8.875,7.125],"tintindex":0,"rotation":0,"texture":"#0"},"north":{"uv":[8.5,6.0,8.875,7.125],"tintindex":0,"rotation":0,"texture":"#0"},"west":{"uv":[4.125,8.0,4.625,9.125],"tintindex":0,"rotation":0,"texture":"#0"},"up":{"uv":[9.5,1.5,9.125,1.0],"tintindex":0,"rotation":0,"texture":"#0"},"down":{"uv":[9.5,1.5,9.125,1.0],"tintindex":0,"rotation":0,"texture":"#0"}},"rotation":{"origin":[9.004167,8.6552725,-0.5191612],"angle":-22.5,"axis":"x"}}],"display":{"head":{"rotation":[0.0,0.0,0.0]},"firstperson_righthand":{"rotation":[0.0,0.0,0.0]},"thirdperson_lefthand":{"rotation":[0.0,-0.0,-0.0]},"firstperson_lefthand":{"rotation":[0.0,-0.0,-0.0]},"fixed":{"rotation":[0.0,0.0,0.0]},"ground":{"rotation":[0.0,0.0,0.0]},"thirdperson_righthand":{"rotation":[0.0,0.0,0.0]},"gui":{"rotation":[-150.0,-45.0,180.0]}}}