{"textures":{"0":"modelengine:entity/ghoul_texture","particle":"#0"},"elements":[{"from":[4.765625,6.900071,-2.645298],"to":[9.765625,16.90007,4.354702],"faces":{"east":{"uv":[2.125,6.875,1.25,8.125],"tintindex":0,"rotation":0,"texture":"#0"},"south":{"uv":[6.375,7.5,5.75,8.75],"tintindex":0,"rotation":0,"texture":"#0"},"north":{"uv":[6.375,7.5,5.75,8.75],"tintindex":0,"rotation":0,"texture":"#0"},"west":{"uv":[2.125,6.875,1.25,8.125],"tintindex":0,"rotation":0,"texture":"#0"},"up":{"uv":[2.5,4.875,3.125,4.0],"tintindex":0,"rotation":0,"texture":"#0"},"down":{"uv":[2.5,4.875,3.125,4.0],"tintindex":0,"rotation":0,"texture":"#0"}},"rotation":{"origin":[7.265625,3.001955,-4.92083],"angle":45.0,"axis":"x"}}],"display":{"head":{"rotation":[0.0,0.0,0.0]},"firstperson_righthand":{"rotation":[0.0,0.0,0.0]},"thirdperson_lefthand":{"rotation":[0.0,-0.0,-0.0]},"firstperson_lefthand":{"rotation":[0.0,-0.0,-0.0]},"fixed":{"rotation":[0.0,0.0,0.0]},"ground":{"rotation":[0.0,0.0,0.0]},"thirdperson_righthand":{"rotation":[0.0,0.0,0.0]},"gui":{"rotation":[-150.0,-45.0,180.0]}}}