{"textures":{"0":"modelengine:entity/ghoul_texture","particle":"#0"},"elements":[{"from":[3.5,-2.6152601,3.9971533],"to":[12.5,9.38474,11.997153],"faces":{"east":{"uv":[4.625,4.0,5.625,5.5],"tintindex":0,"rotation":0,"texture":"#0"},"south":{"uv":[1.25,4.0,2.375,5.5],"tintindex":0,"rotation":0,"texture":"#0"},"north":{"uv":[0.0,4.0,1.125,5.5],"tintindex":0,"rotation":0,"texture":"#0"},"west":{"uv":[2.5,5.0,3.5,6.5],"tintindex":0,"rotation":0,"texture":"#0"},"up":{"uv":[7.125,2.25,6.0,1.25],"tintindex":0,"rotation":0,"texture":"#0"},"down":{"uv":[7.125,2.375,6.0,3.375],"tintindex":0,"rotation":0,"texture":"#0"}},"rotation":{"origin":[3.5,4.074486,-3.9009628],"angle":-45.0,"axis":"x"}}],"display":{"head":{"rotation":[0.0,0.0,0.0]},"firstperson_righthand":{"rotation":[0.0,0.0,0.0]},"thirdperson_lefthand":{"rotation":[0.0,-0.0,-0.0]},"firstperson_lefthand":{"rotation":[0.0,-0.0,-0.0]},"fixed":{"rotation":[0.0,0.0,0.0]},"ground":{"rotation":[0.0,0.0,0.0]},"thirdperson_righthand":{"rotation":[0.0,0.0,0.0]},"gui":{"rotation":[-150.0,-45.0,180.0]}}}