{"textures":{"0":"modelengine:entity/thorn_spitter","particle":"#0"},"elements":[{"from":[5.0,8.155366,3.394617],"to":[11.0,18.155365,9.394617],"faces":{"east":{"uv":[8.25,9.5,9.0,10.75],"tintindex":0,"rotation":0,"texture":"#0"},"south":{"uv":[9.125,9.5,9.875,10.75],"tintindex":0,"rotation":0,"texture":"#0"},"north":{"uv":[7.375,9.125,8.125,10.375],"tintindex":0,"rotation":0,"texture":"#0"},"west":{"uv":[9.625,0.875,10.375,2.125],"tintindex":0,"rotation":0,"texture":"#0"},"up":{"uv":[1.375,12.125,0.625,11.375],"tintindex":0,"rotation":0,"texture":"#0"},"down":{"uv":[4.25,11.375,3.5,12.125],"tintindex":0,"rotation":0,"texture":"#0"}},"rotation":{"origin":[8.0,10.821956,1.005548],"angle":-22.5,"axis":"x"}},{"from":[6.0,5.155366,4.394617],"to":[10.0,18.155365,8.394617],"faces":{"east":{"uv":[7.375,10.5,7.875,12.125],"tintindex":0,"rotation":0,"texture":"#0"},"south":{"uv":[0.0,10.625,0.5,12.25],"tintindex":0,"rotation":0,"texture":"#0"},"north":{"uv":[10.5,4.375,11.0,6.0],"tintindex":0,"rotation":0,"texture":"#0"},"west":{"uv":[5.375,10.625,5.875,12.25],"tintindex":0,"rotation":0,"texture":"#0"},"up":{"uv":[2.875,9.125,2.375,8.625],"tintindex":0,"rotation":0,"texture":"#0"},"down":{"uv":[9.375,12.25,8.875,12.75],"tintindex":0,"rotation":0,"texture":"#0"}},"rotation":{"origin":[8.0,10.821956,1.005548],"angle":-22.5,"axis":"x"}}],"display":{"head":{"rotation":[0.0,0.0,0.0]},"firstperson_righthand":{"rotation":[0.0,0.0,0.0]},"thirdperson_lefthand":{"rotation":[0.0,-0.0,-0.0]},"firstperson_lefthand":{"rotation":[0.0,-0.0,-0.0]},"fixed":{"rotation":[0.0,0.0,0.0]},"ground":{"rotation":[0.0,0.0,0.0]},"thirdperson_righthand":{"rotation":[0.0,0.0,0.0]},"gui":{"rotation":[-150.0,-45.0,180.0]}}}