{"textures":{"0":"modelengine:entity/thorn_spitter","particle":"#0"},"elements":[{"from":[4.4937477,4.1351414,9.894182],"to":[4.4937477,14.135141,20.894182],"faces":{"east":{"uv":[0.0,6.875,1.375,8.125],"tintindex":0,"rotation":0,"texture":"#0"},"west":{"uv":[7.0,3.0,8.375,4.25],"tintindex":0,"rotation":0,"texture":"#0"}},"rotation":{"origin":[8.0,0.8566704,5.293393],"angle":-22.5,"axis":"y"}},{"from":[3.0,12.010233,13.062216],"to":[13.0,12.010233,25.062216],"faces":{"up":{"uv":[3.125,7.125,1.875,5.625],"tintindex":0,"rotation":0,"texture":"#0"},"down":{"uv":[4.5,6.25,3.25,7.75],"tintindex":0,"rotation":0,"texture":"#0"}},"rotation":{"origin":[8.0,0.8566704,5.293393],"angle":-22.5,"axis":"x"}},{"from":[3.0,4.1351414,-2.7978163],"to":[13.0,14.135141,8.202183],"faces":{"east":{"uv":[4.625,6.25,6.0,7.5],"tintindex":0,"rotation":0,"texture":"#0"},"south":{"uv":[7.625,5.75,8.875,7.0],"tintindex":0,"rotation":0,"texture":"#0"},"north":{"uv":[4.625,7.625,5.875,8.875],"tintindex":0,"rotation":0,"texture":"#0"},"west":{"uv":[6.125,6.25,7.5,7.5],"tintindex":0,"rotation":0,"texture":"#0"},"up":{"uv":[8.0,1.375,6.75,0.0],"tintindex":0,"rotation":0,"texture":"#0"},"down":{"uv":[8.0,1.5,6.75,2.875],"tintindex":0,"rotation":0,"texture":"#0"}}},{"from":[11.506252,4.1351414,9.894182],"to":[11.506252,14.135141,20.894182],"faces":{"east":{"uv":[7.0,4.375,8.375,5.625],"tintindex":0,"rotation":0,"texture":"#0"},"west":{"uv":[1.5,7.25,2.875,8.5],"tintindex":0,"rotation":0,"texture":"#0"}},"rotation":{"origin":[8.0,0.8566704,5.293393],"angle":22.5,"axis":"y"}}],"display":{"head":{"rotation":[0.0,0.0,0.0]},"firstperson_righthand":{"rotation":[0.0,0.0,0.0]},"thirdperson_lefthand":{"rotation":[0.0,-0.0,-0.0]},"firstperson_lefthand":{"rotation":[0.0,-0.0,-0.0]},"fixed":{"rotation":[0.0,0.0,0.0]},"ground":{"rotation":[0.0,0.0,0.0]},"thirdperson_righthand":{"rotation":[0.0,0.0,0.0]},"gui":{"rotation":[-150.0,-45.0,180.0]}}}