{"textures":{"0":"modelengine:entity/thorn_spitter","particle":"#0"},"elements":[{"from":[7.733819,10.002777,1.0],"to":[19.733818,10.002777,15.0],"faces":{"up":{"uv":[1.5,1.75,0.0,0.0],"tintindex":0,"rotation":0,"texture":"#0"},"down":{"uv":[3.125,0.0,1.625,1.75],"tintindex":0,"rotation":0,"texture":"#0"}},"rotation":{"origin":[10.549269,21.187326,6.1173024],"angle":-45.0,"axis":"z"}},{"from":[-12.860411,19.507704,1.0],"to":[-0.8604107,19.507704,15.0],"faces":{"up":{"uv":[1.5,3.625,0.0,1.875],"tintindex":0,"rotation":0,"texture":"#0"},"down":{"uv":[3.125,1.875,1.625,3.625],"tintindex":0,"rotation":0,"texture":"#0"}},"rotation":{"origin":[10.549269,21.187326,6.1173024],"angle":22.5,"axis":"z"}}],"display":{"head":{"rotation":[0.0,0.0,0.0]},"firstperson_righthand":{"rotation":[0.0,0.0,0.0]},"thirdperson_lefthand":{"rotation":[0.0,-0.0,-0.0]},"firstperson_lefthand":{"rotation":[0.0,-0.0,-0.0]},"fixed":{"rotation":[0.0,0.0,0.0]},"ground":{"rotation":[0.0,0.0,0.0]},"thirdperson_righthand":{"rotation":[0.0,0.0,0.0]},"gui":{"rotation":[-150.0,-45.0,180.0]}}}