{"textures":{"0":"modelengine:entity/thorn_spitter","particle":"#0"},"elements":[{"from":[2.75,2.7497501,-3.0124998],"to":[2.75,8.74975,7.9875],"faces":{"east":{"uv":[8.125,1.5,9.5,2.25],"tintindex":0,"rotation":0,"texture":"#0"},"west":{"uv":[0.0,8.25,1.375,9.0],"tintindex":0,"rotation":0,"texture":"#0"}}},{"from":[2.75,2.7497501,7.9875],"to":[8.75,8.74975,7.9875],"faces":{"south":{"uv":[11.125,5.25,11.875,6.0],"tintindex":0,"rotation":0,"texture":"#0"},"north":{"uv":[11.125,4.375,11.875,5.125],"tintindex":0,"rotation":0,"texture":"#0"}}},{"from":[2.75,2.7507515,-2.9874983],"to":[8.75,8.7507515,-2.9874983],"faces":{"south":{"uv":[11.625,10.625,10.875,9.875],"tintindex":0,"rotation":0,"texture":"#0"},"north":{"uv":[10.875,10.625,11.625,9.875],"tintindex":0,"rotation":0,"texture":"#0"}}},{"from":[2.75,2.7497501,-2.9875002],"to":[8.75,2.7497501,8.0125],"faces":{"up":{"uv":[9.0,8.5,8.25,7.125],"tintindex":0,"rotation":0,"texture":"#0"},"down":{"uv":[9.25,2.375,8.5,3.75],"tintindex":0,"rotation":0,"texture":"#0"}}}],"display":{"head":{"rotation":[0.0,0.0,0.0]},"firstperson_righthand":{"rotation":[0.0,0.0,0.0]},"thirdperson_lefthand":{"rotation":[0.0,-0.0,-0.0]},"firstperson_lefthand":{"rotation":[0.0,-0.0,-0.0]},"fixed":{"rotation":[0.0,0.0,0.0]},"ground":{"rotation":[0.0,0.0,0.0]},"thirdperson_righthand":{"rotation":[0.0,0.0,0.0]},"gui":{"rotation":[-150.0,-45.0,180.0]}}}