{"textures":{"0":"modelengine:entity/thorn_spitter","particle":"#0"},"elements":[{"from":[16.86041,19.507704,1.0],"to":[28.86041,19.507704,15.0],"faces":{"up":{"uv":[0.0,3.625,1.5,1.875],"tintindex":0,"rotation":0,"texture":"#0"},"down":{"uv":[1.625,1.875,3.125,3.625],"tintindex":0,"rotation":0,"texture":"#0"}},"rotation":{"origin":[5.4507318,21.187326,6.1173024],"angle":-22.5,"axis":"z"}},{"from":[-3.733818,10.002777,1.0],"to":[8.266181,10.002777,15.0],"faces":{"up":{"uv":[0.0,1.75,1.5,0.0],"tintindex":0,"rotation":0,"texture":"#0"},"down":{"uv":[1.625,0.0,3.125,1.75],"tintindex":0,"rotation":0,"texture":"#0"}},"rotation":{"origin":[5.4507318,21.187326,6.1173024],"angle":45.0,"axis":"z"}}],"display":{"head":{"rotation":[0.0,0.0,0.0]},"firstperson_righthand":{"rotation":[0.0,0.0,0.0]},"thirdperson_lefthand":{"rotation":[0.0,-0.0,-0.0]},"firstperson_lefthand":{"rotation":[0.0,-0.0,-0.0]},"fixed":{"rotation":[0.0,0.0,0.0]},"ground":{"rotation":[0.0,0.0,0.0]},"thirdperson_righthand":{"rotation":[0.0,0.0,0.0]},"gui":{"rotation":[-150.0,-45.0,180.0]}}}