{"textures":{"0":"modelengine:entity/thorn_spitter","particle":"#0"},"elements":[{"from":[7.25,2.7507515,-2.9874983],"to":[13.25,8.7507515,-2.9874983],"faces":{"south":{"uv":[10.875,10.625,11.625,9.875],"tintindex":0,"rotation":0,"texture":"#0"},"north":{"uv":[11.625,10.625,10.875,9.875],"tintindex":0,"rotation":0,"texture":"#0"}}},{"from":[13.25,2.7497501,-3.0124998],"to":[13.25,8.74975,7.9875],"faces":{"east":{"uv":[1.375,8.25,0.0,9.0],"tintindex":0,"rotation":0,"texture":"#0"},"west":{"uv":[9.5,1.5,8.125,2.25],"tintindex":0,"rotation":0,"texture":"#0"}}},{"from":[7.25,2.7497501,7.9875],"to":[13.25,8.74975,7.9875],"faces":{"south":{"uv":[11.875,5.25,11.125,6.0],"tintindex":0,"rotation":0,"texture":"#0"},"north":{"uv":[11.875,4.375,11.125,5.125],"tintindex":0,"rotation":0,"texture":"#0"}}},{"from":[7.25,2.7497501,-2.9875002],"to":[13.25,2.7497501,8.0125],"faces":{"up":{"uv":[8.25,8.5,9.0,7.125],"tintindex":0,"rotation":0,"texture":"#0"},"down":{"uv":[8.5,2.375,9.25,3.75],"tintindex":0,"rotation":0,"texture":"#0"}}}],"display":{"head":{"rotation":[0.0,0.0,0.0]},"firstperson_righthand":{"rotation":[0.0,0.0,0.0]},"thirdperson_lefthand":{"rotation":[0.0,-0.0,-0.0]},"firstperson_lefthand":{"rotation":[0.0,-0.0,-0.0]},"fixed":{"rotation":[0.0,0.0,0.0]},"ground":{"rotation":[0.0,0.0,0.0]},"thirdperson_righthand":{"rotation":[0.0,0.0,0.0]},"gui":{"rotation":[-150.0,-45.0,180.0]}}}