{"textures":{"0":"modelengine:entity/thorn_spitter","particle":"#0"},"elements":[{"from":[5.5,11.405693,11.440487],"to":[10.5,22.405693,16.440487],"faces":{"east":{"uv":[4.625,9.875,5.25,11.25],"tintindex":0,"rotation":0,"texture":"#0"},"south":{"uv":[10.0,7.125,10.625,8.5],"tintindex":0,"rotation":0,"texture":"#0"},"north":{"uv":[3.875,9.875,4.5,11.25],"tintindex":0,"rotation":0,"texture":"#0"},"west":{"uv":[10.0,8.625,10.625,10.0],"tintindex":0,"rotation":0,"texture":"#0"},"up":{"uv":[1.25,12.875,0.625,12.25],"tintindex":0,"rotation":0,"texture":"#0"},"down":{"uv":[7.625,12.25,7.0,12.875],"tintindex":0,"rotation":0,"texture":"#0"}},"rotation":{"origin":[8.0,17.441017,5.9051633],"angle":45.0,"axis":"x"}}],"display":{"head":{"rotation":[0.0,0.0,0.0]},"firstperson_righthand":{"rotation":[0.0,0.0,0.0]},"thirdperson_lefthand":{"rotation":[0.0,-0.0,-0.0]},"firstperson_lefthand":{"rotation":[0.0,-0.0,-0.0]},"fixed":{"rotation":[0.0,0.0,0.0]},"ground":{"rotation":[0.0,0.0,0.0]},"thirdperson_righthand":{"rotation":[0.0,0.0,0.0]},"gui":{"rotation":[-150.0,-45.0,180.0]}}}