{
	"parent": "item/handheld",
	"textures": {
		"layer0": "item/carrot_on_a_stick"
	},
	"overrides": [
        
        {"predicate": {"custom_model_data":-1003}, "model":"gui/main"},
        {"predicate": {"custom_model_data":-1002}, "model":"item/misc/suppressor"},
      	{"predicate": {"custom_model_data":-1001}, "model":"item/misc/reflexsight"},
      	{"predicate": {"custom_model_data":-1000}, "model":"item/weapons/reticle_pmii"},
        {"predicate": {"custom_model_data":-101}, "model":"item/weapons/ammo_nuke"},
        {"predicate": {"custom_model_data":-100}, "model":"item/weapons/ammo_rocket"},
        {"predicate": {"custom_model_data":-10}, "model":"item/weapons/combatknife"},
      	{"predicate": {"custom_model_data":-1}, "model":"item/weapons/stim"},

        {"predicate": {"custom_model_data":0}, "model":"item/carrot_on_a_stick"},

	      {"predicate": {"custom_model_data":   1}, "model":"item/weapons/ak47"},
        {"predicate": {"custom_model_data":   2}, "model":"item/weapons/awp"},
        {"predicate": {"custom_model_data":   3}, "model":"item/weapons/famas"},
        {"predicate": {"custom_model_data":   4}, "model":"item/weapons/glock"},
      	{"predicate": {"custom_model_data":   5}, "model":"item/weapons/m1911"},
        {"predicate": {"custom_model_data":   6}, "model":"item/weapons/m4a1"},
        {"predicate": {"custom_model_data":   7}, "model":"item/weapons/mosin"},
        {"predicate": {"custom_model_data":   8}, "model":"item/weapons/mac10"},
        {"predicate": {"custom_model_data":   9}, "model":"item/weapons/m14"},
	      {"predicate": {"custom_model_data":  10}, "model":"item/weapons/mossberg500"},
        {"predicate": {"custom_model_data":  11}, "model":"item/weapons/mac10"},
        {"predicate": {"custom_model_data":  12}, "model":"item/weapons/scarh"},
        {"predicate": {"custom_model_data":  13}, "model":"item/weapons/sks"},
        {"predicate": {"custom_model_data":  14}, "model":"item/weapons/ump45"},
        {"predicate": {"custom_model_data":  15}, "model":"item/weapons/vss"},
        {"predicate": {"custom_model_data":  16}, "model":"item/weapons/rpg7"},
        {"predicate": {"custom_model_data":  17}, "model":"item/weapons/fgc9"},
        {"predicate": {"custom_model_data":  18}, "model":"item/weapons/fnfal"},
        {"predicate": {"custom_model_data":  19}, "model":"item/weapons/barrett"},
        {"predicate": {"custom_model_data":  20}, "model":"item/weapons/a"},
        

        {"predicate": {"custom_model_data":1001}, "model":"item/weapons/ads/ak47_ads"},
        {"predicate": {"custom_model_data":1002}, "model":"item/weapons/ads/awp_ads"},
        {"predicate": {"custom_model_data":1003}, "model":"item/weapons/ads/famas_ads"},
        {"predicate": {"custom_model_data":1004}, "model":"item/weapons/ads/glock_ads"},
        {"predicate": {"custom_model_data":1005}, "model":"item/weapons/ads/m1911_ads"},
        {"predicate": {"custom_model_data":1006}, "model":"item/weapons/ads/m4a1_ads"},
        {"predicate": {"custom_model_data":1007}, "model":"item/weapons/ads/mosin_ads"},
        {"predicate": {"custom_model_data":1008}, "model":"item/weapons/ads/mac10_ads"},
        {"predicate": {"custom_model_data":1009}, "model":"item/weapons/ads/m14_ads"},
        {"predicate": {"custom_model_data":1010}, "model":"item/weapons/ads/mossberg500_ads"},
        {"predicate": {"custom_model_data":1011}, "model":"item/weapons/ads/mac10_ads"},
        {"predicate": {"custom_model_data":1012}, "model":"item/weapons/ads/scarh_ads"},
        {"predicate": {"custom_model_data":1013}, "model":"item/weapons/ads/sks_ads"},
        {"predicate": {"custom_model_data":1014}, "model":"item/weapons/ads/ump45_ads"},
        {"predicate": {"custom_model_data":1015}, "model":"item/weapons/ads/vss_ads"},
        {"predicate": {"custom_model_data":1016}, "model":"item/weapons/ads/rpg7_ads"},
        {"predicate": {"custom_model_data":1017}, "model":"item/weapons/ads/fgc9_ads"},
        {"predicate": {"custom_model_data":1018}, "model":"item/weapons/ads/fnfal_ads"},
        {"predicate": {"custom_model_data":1019}, "model":"item/weapons/ads/barrett_ads"},
        {"predicate": {"custom_model_data":1020}, "model":"item/weapons/a"},
        

        {"predicate": {"custom_model_data":2001}, "model":"item/weapons/reload/ak47_reload"},
        {"predicate": {"custom_model_data":2002}, "model":"item/weapons/reload/awp_reload"},
        {"predicate": {"custom_model_data":2003}, "model":"item/weapons/reload/famas_reload"},
        {"predicate": {"custom_model_data":2004}, "model":"item/weapons/reload/glock_reload"},
        {"predicate": {"custom_model_data":2005}, "model":"item/weapons/reload/m1911_reload"},
        {"predicate": {"custom_model_data":2006}, "model":"item/weapons/reload/m4a1_reload"},
        {"predicate": {"custom_model_data":2007}, "model":"item/weapons/reload/mosin_reload"},
        {"predicate": {"custom_model_data":2008}, "model":"item/weapons/reload/mac10_reload"},
        {"predicate": {"custom_model_data":2009}, "model":"item/weapons/reload/m14_reload"},
        {"predicate": {"custom_model_data":2010}, "model":"item/weapons/reload/mossberg500_reload"},
        {"predicate": {"custom_model_data":2011}, "model":"item/weapons/reload/mac10_reload"},
        {"predicate": {"custom_model_data":2012}, "model":"item/weapons/reload/scarh_reload"},
        {"predicate": {"custom_model_data":2013}, "model":"item/weapons/reload/sks_reload"},
        {"predicate": {"custom_model_data":2014}, "model":"item/weapons/reload/ump45_reload"},
        {"predicate": {"custom_model_data":2015}, "model":"item/weapons/reload/vss_reload"},
        {"predicate": {"custom_model_data":2016}, "model":"item/weapons/rpg7_reload"},
        {"predicate": {"custom_model_data":2017}, "model":"item/weapons/reload/fgc9_reload"},
        {"predicate": {"custom_model_data":2018}, "model":"item/weapons/reload/fnfal_reload"},
        {"predicate": {"custom_model_data":2019}, "model":"item/weapons/reload/barrett_reload"},
        {"predicate": {"custom_model_data":2020}, "model":"item/weapons/a"},
        

        {"predicate": {"custom_model_data":3012}, "model":"item/weapons/a"},

        {"predicate": {"custom_model_data":4016}, "model":"item/weapons/a"},
        {"predicate": {"custom_model_data":4017}, "model":"item/weapons/a"},

        {"predicate": {"custom_model_data":10004}, "model":"item/weapons/a"},
        {"predicate": {"custom_model_data":10005}, "model":"item/weapons/a"},
        {"predicate": {"custom_model_data":11004}, "model":"item/weapons/a"},
        {"predicate": {"custom_model_data":11005}, "model":"item/weapons/a"},
        {"predicate": {"custom_model_data":12004}, "model":"item/weapons/a"},
        {"predicate": {"custom_model_data":12005}, "model":"item/weapons/a"},

        {"predicate": {"custom_model_data":20004}, "model":"item/weapons/a"},
        {"predicate": {"custom_model_data":20005}, "model":"item/weapons/a"},

        {"predicate": {"custom_model_data":21004}, "model":"item/weapons/a"},
        {"predicate": {"custom_model_data":21005}, "model":"item/weapons/a"},
        
        {"predicate": {"custom_model_data":22004}, "model":"item/weapons/a"},
        {"predicate": {"custom_model_data":22005}, "model":"item/weapons/a"},

        {"predicate": {"custom_model_data": 100007}, "model":"item/weapons/m4a1_reflexsight"},
        {"predicate": {"custom_model_data": 100015}, "model":"item/weapons/stg44_reflexsight"},

        {"predicate": {"custom_model_data": 101007}, "model":"item/weapons/m4a1_reflexsightaiming"},
        {"predicate": {"custom_model_data": 101015}, "model":"item/weapons/stg44_reflexsightaiming"},

        {"predicate": {"custom_model_data": 102007}, "model":"item/weapons/m4a1_reflexsightsprinting"},
        {"predicate": {"custom_model_data": 102015}, "model":"item/weapons/stg44_reflexsightsprinting"},

      	{"predicate": {"custom_model_data":1000007}, "model":"item/weapons/m4a1_suppressor"},

        {"predicate": {"custom_model_data":1001007}, "model":"item/weapons/m4a1_suppressoraiming"},
        {"predicate": {"custom_model_data":1002007}, "model":"item/weapons/m4a1_suppressorsprinting"},

        {"predicate": {"custom_model_data":1100007}, "model":"item/weapons/m4a1_reflexsight_suppressor"},

        {"predicate": {"custom_model_data":1101007}, "model":"item/weapons/m4a1_reflexsight_suppressoraiming"},

        {"predicate": {"custom_model_data":1102007}, "model":"item/weapons/m4a1_reflexsight_suppressorsprinting"}
	]
}