{"textures":{"0":"modelengine:entity/nightharrow_wendigo_ghost_texture","particle":"#0"},"elements":[{"from":[3.4194307,-2.7505188,5.0775194],"to":[9.419431,10.249481,15.077519],"faces":{"east":{"uv":[3.3125,0.875,3.9375,1.6875],"tintindex":0,"rotation":0,"texture":"#0"},"south":{"uv":[5.375,1.75,5.75,2.5625],"tintindex":0,"rotation":0,"texture":"#0"},"north":{"uv":[5.375,1.75,5.75,2.5625],"tintindex":0,"rotation":0,"texture":"#0"},"west":{"uv":[3.3125,0.875,3.9375,1.6875],"tintindex":0,"rotation":0,"texture":"#0"},"up":{"uv":[6.4375,5.0,6.0625,4.375],"tintindex":0,"rotation":0,"texture":"#0"},"down":{"uv":[6.4375,5.0,6.0625,4.375],"tintindex":0,"rotation":0,"texture":"#0"}},"rotation":{"origin":[6.4194307,4.249481,10.077519],"angle":-22.5,"axis":"x"}}],"display":{"head":{"rotation":[0.0,0.0,0.0]},"firstperson_righthand":{"rotation":[0.0,0.0,0.0]},"thirdperson_lefthand":{"rotation":[0.0,-0.0,-0.0]},"firstperson_lefthand":{"rotation":[0.0,-0.0,-0.0]},"fixed":{"rotation":[0.0,0.0,0.0]},"ground":{"rotation":[0.0,0.0,0.0]},"thirdperson_righthand":{"rotation":[0.0,0.0,0.0]},"gui":{"rotation":[-150.0,-45.0,180.0]}}}