{"textures":{"0":"modelengine:entity/nightharrow_wendigo_ghost_texture","particle":"#0"},"elements":[{"from":[5.0250006,1.5428929,7.8786793],"to":[5.0250006,8.542893,14.878679],"faces":{"east":{"uv":[7.0625,3.4375,6.625,3.875],"tintindex":0,"rotation":0,"texture":"#0"},"west":{"uv":[6.625,3.4375,7.0625,3.875],"tintindex":0,"rotation":0,"texture":"#0"}},"rotation":{"origin":[8.0,6.0428934,9.378679],"angle":-45.0,"axis":"x"}},{"from":[7.0,1.5428929,7.8786793],"to":[7.0,8.542893,14.878679],"faces":{"east":{"uv":[7.0625,3.4375,6.625,3.875],"tintindex":0,"rotation":0,"texture":"#0"},"west":{"uv":[6.625,3.4375,7.0625,3.875],"tintindex":0,"rotation":0,"texture":"#0"}},"rotation":{"origin":[8.0,6.0428934,9.378679],"angle":-45.0,"axis":"x"}},{"from":[9.0,1.5428929,7.8786793],"to":[9.0,8.542893,14.878679],"faces":{"east":{"uv":[7.0625,3.4375,6.625,3.875],"tintindex":0,"rotation":0,"texture":"#0"},"west":{"uv":[6.625,3.4375,7.0625,3.875],"tintindex":0,"rotation":0,"texture":"#0"}},"rotation":{"origin":[8.0,6.0428934,9.378679],"angle":-45.0,"axis":"x"}},{"from":[10.975,1.5428929,7.8786793],"to":[10.975,8.542893,14.878679],"faces":{"east":{"uv":[7.0625,3.4375,6.625,3.875],"tintindex":0,"rotation":0,"texture":"#0"},"west":{"uv":[6.625,3.4375,7.0625,3.875],"tintindex":0,"rotation":0,"texture":"#0"}},"rotation":{"origin":[8.0,6.0428934,9.378679],"angle":-45.0,"axis":"x"}}],"display":{"head":{"rotation":[0.0,0.0,0.0]},"firstperson_righthand":{"rotation":[0.0,0.0,0.0]},"thirdperson_lefthand":{"rotation":[0.0,-0.0,-0.0]},"firstperson_lefthand":{"rotation":[0.0,-0.0,-0.0]},"fixed":{"rotation":[0.0,0.0,0.0]},"ground":{"rotation":[0.0,0.0,0.0]},"thirdperson_righthand":{"rotation":[0.0,0.0,0.0]},"gui":{"rotation":[-150.0,-45.0,180.0]}}}