{"textures":{"0":"modelengine:entity/nightharrow_wendigo_ghost_texture","particle":"#0"},"elements":[{"from":[2.0761714,6.7602196,6.9974155],"to":[14.076172,15.76022,12.997416],"faces":{"east":{"uv":[6.375,0.0,6.75,0.5625],"tintindex":0,"rotation":0,"texture":"#0"},"south":{"uv":[4.0625,3.6875,4.8125,4.25],"tintindex":0,"rotation":0,"texture":"#0"},"north":{"uv":[4.0625,3.6875,4.8125,4.25],"tintindex":0,"rotation":0,"texture":"#0"},"west":{"uv":[6.375,1.5625,6.75,2.125],"tintindex":0,"rotation":0,"texture":"#0"},"up":{"uv":[6.375,2.625,5.625,3.0],"tintindex":0,"rotation":0,"texture":"#0"},"down":{"uv":[6.375,2.625,5.625,3.0],"tintindex":0,"rotation":0,"texture":"#0"}},"rotation":{"origin":[8.076171,12.51022,9.247416],"angle":22.5,"axis":"x"}}],"display":{"head":{"rotation":[0.0,0.0,0.0]},"firstperson_righthand":{"rotation":[0.0,0.0,0.0]},"thirdperson_lefthand":{"rotation":[0.0,-0.0,-0.0]},"firstperson_lefthand":{"rotation":[0.0,-0.0,-0.0]},"fixed":{"rotation":[0.0,0.0,0.0]},"ground":{"rotation":[0.0,0.0,0.0]},"thirdperson_righthand":{"rotation":[0.0,0.0,0.0]},"gui":{"rotation":[-150.0,-45.0,180.0]}}}