{
  "parent": "minecraft:item/generated",
  "textures": {
    "layer0": "minecraft:item/honey_bottle"
  },
  "overrides": [
    {
      "predicate": {"custom_model_data":-7},
      "model": "minecraft:item/iconbuy"
    },
    {
      "predicate": {"custom_model_data":-6},
      "model": "minecraft:item/iconsmallgreendot"
    },
    {
      "predicate": {"custom_model_data":-5},
      "model": "minecraft:item/iconsmallbluedot"
    },
    {
      "predicate": {"custom_model_data":-4},
      "model": "minecraft:item/iconback"
    },
    {
      "predicate": {"custom_model_data":-3},
      "model": "minecraft:item/iconredx"
    },
    {
      "predicate": {"custom_model_data":-2},
      "model": "minecraft:item/iconbluecircle"
    },
    {
      "predicate": {"custom_model_data":-1},
      "model": "minecraft:item/iconhighlight"
    },
    {
      "predicate": {"custom_model_data":0},
      "model": "minecraft:item/honey_bottle"
    },
    {
      "predicate": {"custom_model_data":1},
      "model": "item/ammo"
    },
    {
      "predicate": {"custom_model_data":2},
      "model": "item/map"
    },
    {
      "predicate": {"custom_model_data":3},
      "model": "item/invis"
    },
    {
      "predicate": {"custom_model_data":4},
      "model": "item/mapcenter"
    },
    {
      "predicate": {"custom_model_data":5},
      "model": "item/mapcenternorth"
    },
    {
      "predicate": {"custom_model_data":6},
      "model": "item/mapcentersouth"
    },
    {
      "predicate": {"custom_model_data":7},
      "model": "item/mapair"
    },
    {
      "predicate": {"custom_model_data":8},
      "model": "item/mapmaveth"
    },
    {
      "predicate": {"custom_model_data":9},
      "model": "item/maptripoint"
    },
    {
      "predicate": {"custom_model_data":10},
      "model": "item/maprez"
    }
  ]
}